id,type,title,description,interpretation,link,status,published_at,created_at,updated_at,display_date,centres,classes,children,medias,tags
285327,post,Welcome Note 2025,"Dear Parents

I'm Miss Irene (English Teacher) and I will be working with Lanlan Laoshi and  Xue Laoshi (Chinese Teachers) in scaffolding your children in Kindergarten 2 class in 2025.

It is our pleasure to be working with you again as partners in your child's education as their teachers. We are excited to guide your child's learning journey through discovery and fun. 

If you have any concerns or questions, please feel free to approach us via , ailing.zheng@littleskoolhouse.com, lan.zhang@littleskoolhouse.com, yage.xue@littleskoolhouse.com or you may call us at 6566 5110.

Vision: We nurture and support each child to fulfil his or her potential

Mission: We partner families to fulfil the promise of each child, by enabling every child to have a good start in life. We give working families a peace of mind, by making quality child development and care services accessible.

Core Values: Integrity, nurturing, Service, Passion, Innovation, Relationships, Excellence",,,published,2025-01-06 10:07:39,2024-11-25 11:27:36,2025-01-06 10:07:38,NULL,"{""id"": 1, ""code"": ""DNI00""}","[{""id"": 1301, ""label"": ""2025 K2 Debi Gliori""}]",NULL,[],[]
288683,album,Weekly Highlight: Transition Week 5 (New Year Craft),-,,,published,2025-01-03 05:05:53,2025-01-01 01:16:23,2025-01-03 05:05:53,NULL,"{""id"": 20, ""code"": ""TMJ""}","[{""id"": 1403, ""label"": ""2025 N2 Florence""}]",NULL,[],[]
288684,post,2025 Show-and-Tell Schedule 分享与展示时间表,"Dear parents,

We are pleased to share the Show-and-Tell schedule for the year! Sessions will take place every Wednesday and Thursday.

To make the experience more engaging, sharings will alternate between English and Chinese. As the children are now in Kindergarten 2, we hope to see them grow more confident in expressing themselves. This year, we will continue to explore various topics and formats to encourage their creativity and communication skills.

Each child will have 5 minutes for their sharing, followed by a question-and-answer session to further develop their interaction and critical thinking abilities.

Thank you for your support as we nurture their growth and confidence!

Warmest Regards,
K2 Elgar Teachers",,,published,2025-01-01 02:36:08,2025-01-01 02:36:07,2025-01-03 13:13:25,NULL,"{""id"": 10, ""code"": ""DTE01""}","[{""id"": 1316, ""label"": ""2025 Kindergarten 2 Elgar""}]",NULL,[],[]
288685,post,2025 Outdoors Schedule,"Dear parents,

For easier reference, these are the venues we will be visiting during our daily outdoor sessions and activities at Pasir Ris Park. You can also find this file under 'Resources' for your convenience.

For trips to the Residents' Network Garden and Pasir Ris Park, please ensure your child is dressed appropriately. Additionally, we kindly request you to prepare and pack your child’s outdoor bag with the following items:

• Gardening gloves
• Disposable gloves
• Tongs
• Raincoat
• Hat
• Water bottle with a strap

If necessary, please apply mosquito repellent or paste a mosquito patch on your child's clothes before coming to school.

Stay tuned to this portal for updates as we share the children's exciting outdoor explorations!

Warmest Regards,
K1 Elgar Teachers",,,published,2025-01-01 02:50:54,2025-01-01 02:50:53,2025-01-01 02:50:53,NULL,"{""id"": 10, ""code"": ""DTE01""}","[{""id"": 1316, ""label"": ""2025 Kindergarten 2 Elgar""}]",NULL,[],[]
288686,post,K2 Friends!,Here are the friends in the class as well as the groupings!,,,published,2025-01-01 03:26:53,2025-01-01 03:26:51,2025-01-01 03:26:53,NULL,"{""id"": 10, ""code"": ""DTE01""}","[{""id"": 1316, ""label"": ""2025 Kindergarten 2 Elgar""}]",NULL,[],[]
288687,album,My goal for 2025 ,"At the beginning of class, the children talked about their strength and something that they wanted to work on in 2025 as a class. Subsequently, they were involved in making a New Year rocket craft. They used coloured markers to draw a rocket and watercolours to paint it. Then, they added their handprint to represent the fire of the rocket. They cut them out and pasted them on a black paper to create a contrast of colours between their drawing and the background. At last, they copywrote their goal for the new year with Ms Ariel's assistance. 

Wishing all families Happy New Year and a wonderful year ahead! ☺ ",,,published,2025-01-01 03:48:06,2025-01-01 03:41:11,2025-01-02 11:36:56,NULL,"{""id"": 18, ""code"": ""OMB01""}","[{""id"": 1287, ""label"": ""2025 K1 Jo Empson""}]",NULL,[],[]
288708,post,Class Groupings in K1 Darwin 2025,"Dear parents, 
We have made revisions to our class groupings, which have been renamed to 
'Orchid' and 'Daisy'.

Please refer to the attached image for your child's updated group name.
Thank you!

Warmest regards, 
K1 Darwin Teachers",,,published,2025-01-01 23:20:44,2025-01-01 23:20:43,2025-02-27 23:48:35,NULL,"{""id"": 10, ""code"": ""DTE01""}","[{""id"": 1315, ""label"": ""2025 Kindergarten 1 Darwin""}]",NULL,[],[]
288709,post,Term 1 Home Task ,"Dear parents, 

We kindly ask you to share photos of your child's growth at your earliest convenience. Term 1 begins on 6 January and your assistance with the photos will be greatly appreciated. 

Thank you!

Regards, 
Debra ",,,published,2025-01-02 00:51:26,2025-01-02 00:51:25,2025-01-16 00:38:33,NULL,"{""id"": 5, ""code"": ""DTH01""}","[{""id"": 1407, ""label"": ""2025 Nursery 2 Reflectors""}]",NULL,[],[]
288710,album,《送西瓜籽回家》,"老师提前准备好西瓜模具和裁剪好的棉棒，投放在课室的区角里。邀请幼儿一起玩游戏，讲解游戏规则。幼儿将教具中的棉棒取出后，再找到西瓜摸具中洞洞的位置插放回去的过程中，锻炼了幼儿手部精细动作和手眼协调能力。
",,,draft,2025-01-02 04:17:37,2025-01-02 04:17:34,2025-01-02 04:31:08,NULL,"{""id"": 1, ""code"": ""DNI00""}","[{""id"": 1295, ""label"": ""2025 PG Rod Campbell""}]",NULL,[],[]
288713,post,Welcome Note,"Dear Parents,

We are Ms Jesslyn, Ms Priscilla, and Zhang Lao Shi, and we will be working closely with one another in scaffolding your children in Playgroup class. It is our pleasure to be working with you as partners in your child's education as their teachers. We are excited to guide your child's learning journey through discovery and fun. 

If you have any concerns or questions, please feel free to approach us via email:

Ms Jesslyn: jielin-pek@littleskoolhouse.com 
Ms Priscilla: priscilla-w1@littleskoolhouse.com
Zhang laoshi: jun.zhang@littleskoolhouse.com

Alternatively, you may call us at 6566 5110 or communicate with us via the parent interaction function in the school app.

Vision: We nurture and support each child to fulfil his or her potential
Mission: Bright future for every child and their family
Values: We Are People First. We believe Bright Future is possible by being optimistic, encouraging and positive. We embrace Dynamism to stay relevant and ahead.",,,published,2025-01-02 04:35:21,2025-01-02 04:35:21,2025-01-02 04:35:21,NULL,"{""id"": 1, ""code"": ""DNI00""}","[{""id"": 1295, ""label"": ""2025 PG Rod Campbell""}]",NULL,[],[]
288714,album,周活动 -- 十二月假期第五周,"30/12/2024 -- 03/01/2025

这里是孩子们玩投乒乓球挑战的游戏瞬间，请您欣赏！",,,published,2025-01-02 04:57:33,2025-01-02 04:57:10,2025-01-02 05:01:59,NULL,"{""id"": 20, ""code"": ""TMJ""}","[{""id"": 1371, ""label"": ""2025 N2 Donaldson""}]",NULL,[],[]
288716,album,First Day of School,"Welcome, little ones, to your very first day of school! Today is a big adventure, full of fun, new friends, and lots of play. You’ll explore, learn, and discover amazing things! 
We are so happy you are here, and we cannot wait to see all the smiles and giggles you will bring. Welcome back to school!

Date of Activity: 2nd January 2025",,,published,2025-01-02 05:13:26,2025-01-02 05:13:21,2025-01-02 05:13:25,NULL,"{""id"": 10, ""code"": ""DTE01""}","[{""id"": 1311, ""label"": ""2025 Playgroup Michael Rosen""}]",NULL,[],[]
288718,album,开学第一天—满满的笑容和期待！,新的学期，新的开始，孩子们用灿烂的笑容迎接校园生活的回归。在熟悉的教室和老师们的陪伴下，孩子们一起开启了充满欢乐和探索的新篇章！,,,published,2025-01-02 05:23:43,2025-01-02 05:23:26,2025-01-02 05:23:42,NULL,"{""id"": 10, ""code"": ""DTE01""}","[{""id"": 1314, ""label"": ""2025 Nursery 2 Eric Carle""}]",NULL,[],[]
288719,album,First Day of School in 2025!,"It's the first day of school in 2025!
The N2 Darwin children are now officially in K1 Darwin! 
To celebrate their first day of school, the teachers put up decorations around the school to welcome them, and they took photos outside the Blue House as a backdrop.
May all the children grow healthily and happily in this new year!",,,published,2025-01-02 05:30:09,2025-01-02 05:30:06,2025-01-02 05:30:08,NULL,"{""id"": 10, ""code"": ""DTE01""}","[{""id"": 1315, ""label"": ""2025 Kindergarten 1 Darwin""}]",NULL,[],[]
288725,album,《自然声音探索》,"老师带领幼儿一起去户外探索，一起倾听大自然的声音。引导幼儿在户外用耳朵去倾听，听鸟鸣、风声、雨声、树叶沙沙声。老师有意识的带幼儿去寻找声音的来源，幼儿们在探索过程中认识自然，体验探索的乐趣。
",,,draft,2025-01-02 06:00:03,2025-01-02 05:59:34,2025-01-03 04:59:09,NULL,"{""id"": 1, ""code"": ""DNI00""}","[{""id"": 1295, ""label"": ""2025 PG Rod Campbell""}]",NULL,[],[]
288726,post,Show and Tell for 2025,"Dear parents, kindly refer to the following details and topics for K1 Darwin's Show and Tell for 2025.
Do reach out to the class teachers for any clarifications.
Thank you!

Warmest regards,
K1 Darwin Teachers",,,published,2025-01-02 06:08:40,2025-01-02 06:08:39,2025-02-27 11:29:06,NULL,"{""id"": 10, ""code"": ""DTE01""}","[{""id"": 1315, ""label"": ""2025 Kindergarten 1 Darwin""}]",NULL,[],[]
288728,album,精彩活动——十二月假期第五周,"02/02/2025

  本周K1 Bailey的精彩活动以阅读绘本《冬冬，等一下》为主线，结合语言与创造领域开展。幼儿通过倾听故事和观察画面，理解了故事情节，并用语言分享感受，提升了表达能力。在创意绘画环节，幼儿选择自己喜欢的画面并进行创作，通过绘画表达对故事的理解与情感，激发了观察力和创造力。最后的分享交流进一步增强了沟通能力和自信心。活动兼具趣味性与教育性，帮助幼儿在语言与艺术表达中获得多方面发展。






",,,published,2025-01-02 07:22:34,2025-01-02 07:22:29,2025-01-02 07:22:33,NULL,"{""id"": 20, ""code"": ""TMJ""}","[{""id"": 1404, ""label"": ""2025 K1 Bailey""}]",NULL,[],[]
288730,post,Welcome to N2 Eric Carle,"Dear Parents,

A warm welcome to you and your child! Here are some details if you would like to contact the class teachers. Additionally, this information can be found in your child's new communication book.

We look forward to another year of partnership!

Regards,
N2 Eric Carle Teachers",,,published,2025-01-02 08:49:17,2025-01-02 08:49:15,2025-01-03 02:36:42,NULL,"{""id"": 10, ""code"": ""DTE01""}","[{""id"": 1314, ""label"": ""2025 Nursery 2 Eric Carle""}]",NULL,[],[]
288731,post,N2 Eric Carle Friends,Here are the children's groupings!,,,published,2025-01-02 08:59:33,2025-01-02 08:59:31,2025-01-02 08:59:48,NULL,"{""id"": 10, ""code"": ""DTE01""}","[{""id"": 1314, ""label"": ""2025 Nursery 2 Eric Carle""}]",NULL,[],[]
288732,post,2025 Outdoor Schedule,"Dear parents,

For easier reference, these are the venues that we will be heading to for our daily outdoor sessions and activities for Pasir Ris Park.

For Pasir Ris Park trips, remember to dress your child in long pants (boys)/ school tights (girls),  bring a water bottle with a strap attached to it and outdoor bag with extra diaper/underwear/clothes and raincoat. If necessary, do assist in pasting a mosquito patch on your child's clothes or apply mosquito repellent before coming to school.

Stay tuned to our updates on this portal as we look at the children's exploration!

Warmest Regards,
N2 Eric Carle Teachers",,,published,2025-01-02 09:04:12,2025-01-02 09:04:09,2025-01-17 07:56:58,NULL,"{""id"": 10, ""code"": ""DTE01""}","[{""id"": 1314, ""label"": ""2025 Nursery 2 Eric Carle""}]",NULL,[],[]
288734,post,2025 Show and Tell Schedule and Topics,"Dear parents,

The N2 children will be embarking on a show-and-tell activity.

As they embark on this new activity, we will be providing a Monthly Topic of interest to ease them into developing their confidence to speak in front of their friends. 

We would like to seek your kind cooperation to bring along an item based on the monthly topic of interest.
For example, in January, the Topic of interest is My Favourite Item.

For easier reference, we have arranged a fixed schedule for your child's show and tell each month (Every Monday, 10-11 and Friday, 4-4.30pm). 

There will be an alternation between English and Chinese sharings, depending on the groupings (sun and cloud group).

Do note that the items brought to school will also be brought home after the sharing. 

Please take a look at the attached poster for more details.
We look forward to hearing from them!

Warmest Regards, 
N2 Eric Carle Teachers",,,published,2025-01-02 09:40:19,2025-01-02 09:40:07,2025-01-04 13:12:59,NULL,"{""id"": 10, ""code"": ""DTE01""}","[{""id"": 1314, ""label"": ""2025 Nursery 2 Eric Carle""}]",NULL,[],[]
288737,album,Tearing crepe papers ,"To foster the children's fine motor development, the teacher invited the children to tear various coloured crepe papers into smaller pieces, which will be used for future artwork activities. The children were intrigued by how they could tear, crumpled, and explored with the crepe papers.

Tearing papers might seem like child's play, but it is a vital fine motor skill that lays a foundation for numerous activities throughout life. As the children master this seemingly simple task, they are beginning to develop their grip strength and hand-eye coordination. Well done, PGs!",,,draft,2025-01-03 10:10:11,2025-01-02 10:13:29,2025-01-03 10:10:11,NULL,"{""id"": 1, ""code"": ""DNI00""}","[{""id"": 1295, ""label"": ""2025 PG Rod Campbell""}]",NULL,[],[]
288740,album,More than just a self portrait,"Today, the children were invited to create self-portraits for their black drawing books. This activity aims to help them identify their facial feature and foster a sense of identity.

Before diving into their drawings, we encouraged the children to observe their facial features, recognizing their shapes and functions. This brings awareness of the task.

As the drawing session progressed, many children approached me with questions like, “Is this okay? Is my face okay?” I redirected their inquiries, reassuring them that if this is how they perceive their face, then it is absolutely good enough.

Today’s learning experience is to remind our children that when it comes to creative expression, there are no right or wrong answers. Every interpretation is valid.",,,published,2025-01-02 10:21:39,2025-01-02 10:21:36,2025-01-02 12:45:43,NULL,"{""id"": 5, ""code"": ""DTH01""}","[{""id"": 1407, ""label"": ""2025 Nursery 2 Reflectors""}]",NULL,[],[]
288741,album,Pompom push!,"In developing the children's math concepts, the teacher introduced a matching activity where they were invited to push the pompom balls into the holes of the egg carton according to the colours (red/blue). 

Throughout the activity, some of the children enjoyed pushing the pompom balls in, while some simply loved to balance the balls on top. Moreover, the children were also very intrigued by where the ball went and also putting their finger in through the holes for sensory experience. As teachers, we encouraged the children to explore and engage in the play activity based on their preference. As this is a new activity for the children, they are beginning to learn about the foundational concept of matching as well as identifying colours. Great job, PGs!",,,draft,2025-01-03 10:11:17,2025-01-02 10:29:02,2025-01-03 10:11:17,NULL,"{""id"": 1, ""code"": ""DNI00""}","[{""id"": 1295, ""label"": ""2025 PG Rod Campbell""}]",NULL,[],[]
288744,album,First Day of School!,"Welcome to another exciting year with our K2 class! 🌟 After three wonderful years of growth, friendship, and learning together, we’re thrilled to continue this journey. Today marked the beginning of our final year, filled with even more fun, laughter, and unforgettable memories. Here's to an amazing year ahead!",,,published,2025-01-02 11:39:56,2025-01-02 11:39:44,2025-01-02 11:39:55,NULL,"{""id"": 10, ""code"": ""DTE01""}","[{""id"": 1316, ""label"": ""2025 Kindergarten 2 Elgar""}]",NULL,[],[]
288745,post,Welcome to N1 Tarō Gomi! ,"Dear Parents,

Welcome to the first official day of N1 Tarō Gomi! 

Feel free to reach out to us anytime—we’re here to support you and your child throughout this exciting journey.

We look forward to an incredible year of learning, growth, and fun together!

Warmest regards,
Teacher Kat and Jiao Lao Shi.",,,published,2025-01-02 11:49:35,2025-01-02 11:49:34,2025-01-02 11:50:03,NULL,"{""id"": 10, ""code"": ""DTE01""}","[{""id"": 1313, ""label"": ""2025 Nursery 1 Taro Gomi""}]",NULL,[],[]
288746,album,First Day of School: 2nd January 2025,"Today officially marked the start of a new school year! 

We took time to revisit routines and strengthen connections with peers and teachers. The day was filled with excitement as we set the tone for a year of exploration, learning, and growth. We’re looking forward to continuing this journey together and making wonderful memories along the way!",,,published,2025-01-02 11:57:11,2025-01-02 11:57:07,2025-01-02 11:57:11,NULL,"{""id"": 10, ""code"": ""DTE01""}","[{""id"": 1313, ""label"": ""2025 Nursery 1 Taro Gomi""}]",NULL,[],[]
288755,album,十二月第五周：五指探索,"活动目标：发展手眼协调能力，如：能用五指抓物品
老师将两种不同性质的球让幼儿抓握，幼儿对两种不同性质的球表现出探索兴趣。他们会用手握住软性的皮球和塑胶的皮球，感受球的大小和形状。当拿到软性的皮球时，还会用手捏一捏，感受其柔软的质地；而面对塑胶的皮球时，会仔细观察和翻动，可能注意到质地的不同。尽管他们还不会用语言表达，但通过五指探索，触摸、捏握和观察的动作，展现了幼儿对物品特性的探索和感知能力。",,,published,2025-01-02 14:05:13,2025-01-02 13:54:18,2025-01-02 14:05:13,NULL,"{""id"": 10, ""code"": ""DTE01""}","[{""id"": 1310, ""label"": ""2025 Infant Mozart""}]",NULL,[],[]
288756,album,First Day of School ,The children of N1 Lois Ehlert began their first day of 2025 with joy and excitement. The day was filled with opportunities for exploration and discovery as they engaged meaningfully with their peers and teachers.,,,published,2025-01-02 14:13:16,2025-01-02 14:13:08,2025-01-06 09:55:50,NULL,"{""id"": 10, ""code"": ""DTE01""}","[{""id"": 1312, ""label"": ""2025 Nursery 1 Lois Ehlert""}]",NULL,[],[]
288757,album,First Sports Ball Enrichment Class ,"During their first Sports Ball enrichment class, the children quickly warmed up to Coach Art, starting with a lively session of singing the Sports Ball songs together, followed by an energising warm-up exercise. They enthusiastically participated in various games led by Coach, including running around cones, kicking a ball, and chasing a “mouse” that rolled away from them. Throughout the session, the children were actively engaged in activities that supported the development of their gross motor skills. ",,,published,2025-01-02 14:18:59,2025-01-02 14:18:47,2025-01-02 14:18:58,NULL,"{""id"": 10, ""code"": ""DTE01""}","[{""id"": 1312, ""label"": ""2025 Nursery 1 Lois Ehlert""}]",NULL,[],[]
288762,post,N1 Lois Ehlert,My friends in N1 Lois Ehlert ,,,published,2025-01-02 14:36:55,2025-01-02 14:36:53,2025-02-16 15:17:10,NULL,"{""id"": 10, ""code"": ""DTE01""}","[{""id"": 1312, ""label"": ""2025 Nursery 1 Lois Ehlert""}]",NULL,[],[]
288765,post,Welcome to N1 Lois Ehlert ,"Dear Parents,

Welcome to N1 Lois Ehlert! We are thrilled to begin a brand new year of meaningful learning and growth with your child.

A hardcopy of the Welcome Note was placed in the Communication Booklet, which includes details on how you can contact us. Please feel free to reach out anytime. 

We look forward to fostering a close partnership with you as we work together to create enriching learning experiences and support your child’s development.

Warm regards,
N1 Lois Ehlert Teachers",,,published,2025-01-02 14:50:06,2025-01-02 14:50:05,2025-01-02 14:50:05,NULL,"{""id"": 10, ""code"": ""DTE01""}","[{""id"": 1312, ""label"": ""2025 Nursery 1 Lois Ehlert""}]",NULL,[],[]
288767,post,"Lois Ehlert Class Calendar (NFP, PRP, Birthday)","You may find details on NFP, PRP and Birthday Celebration schedule here. 
Please take note of the change of N1 Birthday Celebration. It will be on 1st and 3rd Wednesday of the month. Thank you ",,,published,2025-01-02 15:41:31,2025-01-02 15:41:29,2025-03-07 07:52:25,NULL,"{""id"": 10, ""code"": ""DTE01""}","[{""id"": 1312, ""label"": ""2025 Nursery 1 Lois Ehlert""}]",NULL,[],[]
288768,album,精彩活动 -- 十二月假期第五周,"30/12/2024 -- 03/01/2025

新的一年已经来临，华人新年也即将到来，本周我们展开了手工活动《会动的彩虹蛇》。孩子们自行用笔刷涂色到用彩虹般的圆点装饰，大家拿着自己会“动“的小蛇迎接新年。通过这次活动，大家不仅体验了手工制作的乐趣，同时也锻炼了动手能力和合作能力。
",,,published,2025-01-02 15:53:50,2025-01-02 15:53:34,2025-01-02 15:56:40,NULL,"{""id"": 20, ""code"": ""TMJ""}","[{""id"": 1371, ""label"": ""2025 N2 Donaldson""}]",NULL,[],[]
288770,post,"""Yummy Food!""","It has been weeks that I tried thinly sliced fruits/food in school and now I am able to eat chunky food with small bites at a time. When my teacher reminded me to take small bites, keep on chewing my food, I smiled at her! 😆",,,published,2025-01-02 23:16:20,2025-01-02 23:16:16,2025-01-02 23:16:19,NULL,"{""id"": 1, ""code"": ""DNI00""}","[{""id"": 1302, ""label"": ""2025 Infant Karen Katz""}]",NULL,[],[]
288771,album,Weekly Highlight: N2 Transition Week 5 ,"This week, the children engaged in a lively discussion about how the New Year is celebrated, sharing their excitement and various traditions associated with the occasion.",,,published,2025-01-03 05:06:33,2025-01-02 23:23:00,2025-01-03 05:06:32,NULL,"{""id"": 20, ""code"": ""TMJ""}","[{""id"": 1371, ""label"": ""2025 N2 Donaldson""}]",NULL,[],[]
288772,post,"""Yummy fruits""","With my teacher’s encouragement, I was able to take small bites and chew on my big cut fruits. I took small bites with my front teeth and my teacher said I look like a bunny nibbling! 😆",,,published,2025-01-02 23:25:49,2025-01-02 23:25:47,2025-01-02 23:26:14,NULL,"{""id"": 1, ""code"": ""DNI00""}","[{""id"": 1302, ""label"": ""2025 Infant Karen Katz""}]",NULL,[],[]
288773,post,"""Yummy Lunch!""","It was my first time taking Childcare lunch and fruits and I was able to take it very well. I carefully scooped my food and chewed on the food. I was able to finish my portion and eat the juicy watermelon. 😁
Yay! I am a big boy now and I can’t wait to try more savoury food!
",,,published,2025-01-02 23:32:30,2025-01-02 23:32:25,2025-01-03 00:23:28,NULL,"{""id"": 1, ""code"": ""DNI00""}","[{""id"": 1302, ""label"": ""2025 Infant Karen Katz""}]",NULL,[],[]
288774,album,Transition Week 5 Photos: Cone relay game,-,,,published,2025-01-03 05:06:47,2025-01-03 00:06:05,2025-01-03 05:06:47,NULL,"{""id"": 20, ""code"": ""TMJ""}","[{""id"": 1403, ""label"": ""2025 N2 Florence""}]",NULL,[],[]
288775,post,"""Dancing in the Dark""","We danced in the dark with our friends with some special light effects. We saw little dots on the floor and tried to catch them by stomping and clapping on it! The classroom filled with laughter as we ran around together.🤪
",,,published,2025-01-03 00:23:09,2025-01-03 00:22:58,2025-01-03 00:23:09,NULL,"{""id"": 1, ""code"": ""DNI00""}","[{""id"": 1302, ""label"": ""2025 Infant Karen Katz""}]",NULL,[],[]
288776,post,十二月 第四周：这是什么？,"活动目标：
为婴幼儿提供探索、互动和游戏等机会，初步培养其参与感

活动过程：
老师准备了彩色里头装有不同物品鸡蛋盒子，摇一摇、听一听制作不同的声音吸引幼儿的注意，通过活动过程激发小朋友的探索及好奇心，鼓励小朋友动动小手一起探索有趣的彩色鸡蛋。",,,published,2025-01-03 01:11:13,2025-01-03 00:54:09,2025-01-16 07:38:07,NULL,"{""id"": 10, ""code"": ""DTE01""}","[{""id"": 1310, ""label"": ""2025 Infant Mozart""}]",NULL,[],[]
288779,album,十二月 第五周 ： 豆芽发芽了,"活动目标
1.让幼儿参与种植和观察，培养他们的观察能力和耐心。

活动过程
总结豆芽的发芽过程及条件，鼓励幼儿继续观察其他小朋友的豆芽生长情况。让幼儿分享自己的观察或发现，比如：“豆芽长出来的颜色是什么？”“它变得比昨天长了吗？” 通过提问，老师和幼儿们一起总结发芽需要的条件（如：水分、空气、适宜的温度）。
",,,published,2025-01-03 02:36:27,2025-01-03 02:28:54,2025-01-03 02:36:26,NULL,"{""id"": 10, ""code"": ""DTE01""}","[{""id"": 1314, ""label"": ""2025 Nursery 2 Eric Carle""}]",NULL,[],[]
288785,album,December Week 5: Our Pet 'Rory' the terrapin,"Learning Objective: Foster curiosity and exploration.

Aurora ""Rory,"" the terrapin, was introduced to the children as our class pet. The children were excited to meet her, and we took the opportunity to teach them how to properly care for Rory. This included explaining how to feed her, change her water, and take her for walks during outdoor playtime.

The children were thrilled to learn about Rory’s needs and enjoyed watching her during feeding time. Observing Rory as she interacted with her food sparked curiosity and wonder. They noticed how she slowly and carefully approached her meals.

The following day, the children were filled with excitement as they watched Rory walking and running around. It was a delightful sight to see her moving energetically, and the children couldn't contain their enthusiasm. They gathered around her, eagerly observing her swift movements and noticing how she explored her environment with curiosity.

This activity was conducted from the 30th December 2024 - 03rd January 2025",,,published,2025-01-03 03:52:56,2025-01-03 03:52:49,2025-01-03 03:56:52,NULL,"{""id"": 10, ""code"": ""DTE01""}","[{""id"": 1314, ""label"": ""2025 Nursery 2 Eric Carle""}]",NULL,[],[]
288787,album,Weekly Highlight (Exploring balls during playground time.),December Week 5,,,published,2025-01-03 04:47:44,2025-01-03 04:47:29,2025-01-03 04:50:35,NULL,"{""id"": 20, ""code"": ""TMJ""}","[{""id"": 1397, ""label"": ""2025 PG Campbell""}]",NULL,[],[]
288788,album,Let's Make A Party Hat!,"To usher in the new year, the little ones attempted their own party hats with crepe papers. Firstly, choosing the colour of their choice, then spraying water on it to transfer the dye onto the paper plate, and lastly, removing the crepe papers. As we expanded their exposure to the different mediums and techniques in art, it helped to foster their interest in art.",,,published,2025-01-03 04:50:35,2025-01-03 04:50:15,2025-01-03 04:50:35,NULL,"{""id"": 16, ""code"": ""MBS""}","[{""id"": 1380, ""label"": ""2025 Nursery 1 Courage""}]",NULL,[],[]
288790,album,K2 Potter's Weekly Photos - January 2nd to January 3rd,Here are some snaps of the little ones this week!,,,published,2025-01-03 04:56:51,2025-01-03 04:56:29,2025-01-03 04:56:51,NULL,"{""id"": 20, ""code"": ""TMJ""}","[{""id"": 1432, ""label"": ""2025 K2 Potter""}]",NULL,[],[]
288792,album,Let's Jump and Bear Crawl!,"This week, the children fostered gross motor development through a series of actions with the use of the agility ladder. They attempted to jump forward with two feet and bear crawl (hands-feet crawl).",,,published,2025-01-03 04:58:22,2025-01-03 04:57:49,2025-01-03 04:58:21,NULL,"{""id"": 16, ""code"": ""MBS""}","[{""id"": 1380, ""label"": ""2025 Nursery 1 Courage""}]",NULL,[],[]
288797,album,Activities of the week!,December Week 5,,,published,2025-01-03 05:04:01,2025-01-03 05:03:38,2025-01-03 05:04:00,NULL,"{""id"": 20, ""code"": ""TMJ""}","[{""id"": 1397, ""label"": ""2025 PG Campbell""}]",NULL,[],[]
288798,album,Matching Cutlery Set,"The little ones matched the cutlery set according to two attributes (colours & objects). As they do so, they learnt to discriminate the differences and likeness to foster understanding of grouping and classification (basic numeracy concepts).",,,published,2025-01-03 05:06:07,2025-01-03 05:05:50,2025-01-03 05:06:06,NULL,"{""id"": 16, ""code"": ""MBS""}","[{""id"": 1380, ""label"": ""2025 Nursery 1 Courage""}]",NULL,[],[]
288799,album,十二月第五周精彩活动,跟着小脚印走一走呀！,,,published,2025-01-03 05:08:20,2025-01-03 05:07:37,2025-01-03 05:08:19,NULL,"{""id"": 20, ""code"": ""TMJ""}","[{""id"": 1397, ""label"": ""2025 PG Campbell""}]",NULL,[],[]
288801,album,12月 第五周：彩色万花筒,"活动目标：
发展手眼协调能力，如：能用五指抓物品

活动过程：
老师准备了剪裁成不同形状的彩色纸片和厕纸筒提供幼儿探索，在探索后鼓励小朋友尝试将厕纸筒放入放有白胶的盘子中滚动，最后再将沾有白胶的纸筒放入另一个装有彩色纸片的盘子中，彩色万花筒就做好了，通过活动促进幼儿认识不同的形状并增加美术体验。",,,published,2025-01-03 05:12:51,2025-01-03 05:10:30,2025-01-16 07:39:59,NULL,"{""id"": 10, ""code"": ""DTE01""}","[{""id"": 1310, ""label"": ""2025 Infant Mozart""}]",NULL,[],[]
288804,album,2025年开学啦！,"2025年的第一个上学日，我们一起在拍照墙前留下纪念照，真是美好的回忆呢！

快来看看小朋友的照片吧！",,,published,2025-01-03 05:14:49,2025-01-03 05:12:53,2025-01-03 05:26:33,NULL,"{""id"": 10, ""code"": ""DTE01""}","[{""id"": 1310, ""label"": ""2025 Infant Mozart""}]",NULL,[],[]
288809,album,Weekly Album: Transition Week 5 ,Here are the photographs taken this week. ,,,published,2025-01-03 05:42:58,2025-01-03 05:39:00,2025-01-03 05:42:58,NULL,"{""id"": 20, ""code"": ""TMJ""}","[{""id"": 1371, ""label"": ""2025 N2 Donaldson""}]",NULL,[],[]
288811,album,一月精彩相册（一）,"毛笔字--新年“福”“春”
图书馆借书",,,published,2025-01-03 05:43:51,2025-01-03 05:43:05,2025-01-03 05:43:51,NULL,"{""id"": 20, ""code"": ""TMJ""}","[{""id"": 1432, ""label"": ""2025 K2 Potter""}]",NULL,[],[]
288826,album,十二月 第五周,12月30日-1月3日,,,published,2025-01-03 06:22:03,2025-01-03 06:17:48,2025-01-03 06:22:02,NULL,"{""id"": 20, ""code"": ""TMJ""}","[{""id"": 1206, ""label"": ""2024 K1 Robinson""}]",NULL,[],[]
288827,album,十二月日记（30/12/2024_03/01/2025),十二月第五周的照片来咯！快和爸爸妈妈一起来看看吧！,,,published,2025-01-03 06:22:05,2025-01-03 06:20:48,2025-01-03 06:22:04,NULL,"{""id"": 20, ""code"": ""TMJ""}","[{""id"": 1397, ""label"": ""2025 PG Campbell""}]",NULL,[],[]
288828,post,Welcome Nursery 2 Eric Carle!,"Dear Nursery 2 Families,

I'm Ms Aisha (English teacher) and I will be working with Ms Iqah (English Teacher) and Dan Dan Laoshi (Chinese Teacher) in scaffolding your children's learning in the Nursery 2 class in 2025.

It is our pleasure to be working with you as partners in your child's education as their teachers. We are excited to guide your child's learning journey through discovery and fun. 

If you have any concerns or questions, please feel free to approach us via:
nooraisha.m@littleskoolhouse.com (Ms Aisha)
farhah.k@littleskoolhouse.com (Ms Iqah)
dan.tian@littleskoolhouse.com (Dan Dan Laoshi)

or you may call us at 6566 5110 :)

Vision: We nurture and support each child to fulfil his or her potential
Mission: Bright future for every child and their family
Values: We Are People First. We believe Bright Future is possible by being optimistic, encouraging and positive. We embrace Dynamism to stay relevant and ahead.",,,published,2025-01-03 06:33:11,2025-01-03 06:33:10,2025-01-03 06:33:11,NULL,"{""id"": 1, ""code"": ""DNI00""}","[{""id"": 1298, ""label"": ""2025 N2 Eric Carle""}]",NULL,[],[]
288836,post,Welcome to N1 Giles Andreae!,"
Dear N1 Giles Andreae Families, 

We are Ms Zaleena (English teacher), Ms Ashlinge (English teacher) and Li Laoshi (Chinese Teacher). As a team, we will strive to work alongside all of you in scaffolding your children's learning in N1 Giles Andreae in 2025. It is our pleasure to be working with you as partners in your child's education as their teachers. We are excited to guide your child's learning journey through discovery and fun. If you have any concerns or questions, please feel free to approach us via zaleena.a@littleskoolhouse.com, juan.li@littleskoolhouse.com, or ashlinge-na@littleskoolhouse.com or you may call us at 6566 5110. 

Vision: We nurture and support each child to fulfil his or her potential Mission: Bright future for every child and their family Values: We Are People First. We believe Bright Future is possible by being optimistic, encouraging and positive. We embrace Dynamism to stay relevant and ahead.",,,published,2025-01-05 10:00:04,2025-01-03 07:04:18,2025-01-05 10:00:25,NULL,"{""id"": 1, ""code"": ""DNI00""}","[{""id"": 1296, ""label"": ""2025 N1 Giles Andreae""}]",NULL,[],[]
288837,album, December Week 5 Weekly Highlight: Crawl like Caterpillar!,"Objectives: Foster perceptual gross and fine motor development

A tunnel was set up for the children to explore crawling in and out using their limbs. For the enclosed tunnel, some children were observing outside the tunnel. After a while, they explored the open tunnel and were able to crawl through the tunnel using their hands and legs.
Subsequently, as one of our friend was placing the balls in the tunnel, it encourages other friends to crawl in! It was so fun going in and out of the two tunnels with our friends. At the same time, it helps us to practise our coordination of our limbs! ",,,published,2025-01-03 09:04:23,2025-01-03 07:04:21,2025-01-03 09:04:22,NULL,"{""id"": 20, ""code"": ""TMJ""}","[{""id"": 1395, ""label"": ""2025 PG Kale""}]",NULL,[],[]
288839,post,Welcome to 2025 Nursery 1 Marcus Pfister!! 🥰🎉,"Dear N1 Marcus Pfister Families, 

We are Ms Andrea (English Teacher) and Ren Laoshi (Chinese Teacher). Together, we are committed to working alongside you to scaffold your children's learning and development in N1 Marcus Pfister throughout 2025. 🥰

It is truly a pleasure to be your partners in supporting your child's educational journey. We look forward to guiding their learning through discovery and fun, nurturing their curiosity and growth.

Should you have any concerns or questions, please do not hesitate to reach out to us via email at andrea.tan@littleskoolhouse.com or yingying.ren@littleskoolhouse.com. Alternatively, you may contact us by phone at 6566 5110.

Our Vision: To nurture and support each child in fulfilling their potential.
Our Mission: To create a bright future for every child and their family.

Our Values:
We Are People First. We believe a bright future is built on optimism, encouragement, and positivity.

We Embrace Dynamism. Staying relevant and forward-thinking is key to progress.

We look forward to an exciting and meaningful year ahead with you and your children! 🥰

Warm regards,
Ms Andrea & Ren Laoshi",,,published,2025-01-03 07:10:52,2025-01-03 07:10:52,2025-01-03 07:10:52,NULL,"{""id"": 1, ""code"": ""DNI00""}","[{""id"": 1297, ""label"": ""2025 N1 Marcus Pfister""}]",NULL,[],[]
288841,album,Maia and Wei En's Birthday Celebration,"Happy 5th Birthday, Maia and Wei En!

We had a wonderful time celebrating Maia and Wei En’s special day last week! 🎉🎂 Our friends were excited to mark this milestone with fun, laughter, and delicious, colorful cakes. Thank you, mummy and daddy, for making the celebration extra sweet. Here's to more joyful moments together as we grow and learn!",,,published,2025-01-03 07:17:50,2025-01-03 07:16:49,2025-01-03 07:17:50,NULL,"{""id"": 20, ""code"": ""TMJ""}","[{""id"": 1433, ""label"": ""2025 K2 Robinson""}]",NULL,[],[]
288842,post,Counting ducks ,"“Educarer lifted the ducks one by one, counting 1 to 3, while I did my best to grab them.”",,,published,2025-01-03 07:46:28,2025-01-03 07:46:24,2025-01-03 07:46:27,NULL,"{""id"": 1, ""code"": ""DNI00""}","[{""id"": 1302, ""label"": ""2025 Infant Karen Katz""}]",NULL,[],[]
288843,post,Pick my own clothes,"“By selecting the clothes I want to wear, taking out my towel, and zipping up my shower bag independently.”",,,published,2025-01-03 07:47:49,2025-01-03 07:47:45,2025-01-03 07:47:49,NULL,"{""id"": 1, ""code"": ""DNI00""}","[{""id"": 1302, ""label"": ""2025 Infant Karen Katz""}]",NULL,[],[]
288846,album,December Week 5 Photo Album,"30 Dec - 3 Jan

Enjoy the photos! (:",,,published,2025-01-03 09:07:47,2025-01-03 08:27:45,2025-01-03 09:07:47,NULL,"{""id"": 20, ""code"": ""TMJ""}","[{""id"": 1395, ""label"": ""2025 PG Kale""}]",NULL,[],[]
288848,post,Welcome Note,"Dear Parents,

Hi! I'm Ms Wei Ling, and I’ll be working closely with Cheng Lao Shi to guide your child’s learning in the Kindergarten 1 class. We are excited to nurture the children, partner with you, and grow alongside them as they learn!

If you have any concerns or enquiries, please feel free to reach out to us through the parent interaction feature in the school app or via email:

Ms Wei Ling: weiling.loo@littleskoolhouse.com
Cheng laoshi: guangyao.c@littleskoolhouse.com

Alternatively, you may call us at 6566 5110. Thank you!

Vision: We nurture and support each child to fulfil his or her potential
Mission: Bright future for every child and their family
Values: We are People First. We believe Bright Future is possible by being optimistic, encouraging and positive. We embrace Dynamism to stay relevant and ahead.",,,published,2025-01-06 00:33:50,2025-01-03 08:37:18,2025-01-06 14:56:30,NULL,"{""id"": 1, ""code"": ""DNI00""}","[{""id"": 1300, ""label"": ""2025 K1 David McKee""}]",NULL,[],[]
288855,album,"Music and Movement: Head, Shoulders, Knees & Toes","The children were introduced to the nursery rhymes, 'Head, Shoulders, knees and toes'. They observed the teachers and followed the actions by pointing to their head, shoulders, knees, toes and clapping to the rhythm! ",,,draft,2025-01-03 09:28:38,2025-01-03 09:28:34,2025-01-03 09:28:38,NULL,"{""id"": 1, ""code"": ""DNI00""}","[{""id"": 1295, ""label"": ""2025 PG Rod Campbell""}]",NULL,[],[]
288858,album,《我们一起来种植苋菜》,老师邀请小朋友们一起来种植，一起动手种植红红的苋菜。在种植的过程中认识种子、泥土、水等；在动手和观察的过程中，了解植物的特点，培养幼儿的观察能力和好奇心。,,,draft,2025-01-03 09:52:20,2025-01-03 09:52:15,2025-01-03 09:53:41,NULL,"{""id"": 1, ""code"": ""DNI00""}","[{""id"": 1295, ""label"": ""2025 PG Rod Campbell""}]",NULL,[],[]
288869,album,我们的游乐场时光,2025年新年快乐，欢迎我们的两位新朋友加入我们，我们一起在游乐场开心的开车、滑滑梯啦。,,,published,2025-01-03 11:15:56,2025-01-03 11:15:47,2025-01-03 11:15:56,NULL,"{""id"": 18, ""code"": ""OMB01""}","[{""id"": 1283, ""label"": ""2025 Playgroup Emma Dodd""}]",NULL,[],[]
288878,post,Eating Childcare Lunch and Hi-tea!,"Yum yum! Porridge no more!☺️ yay!
Look! I enjoyed eating varieties of food- tastier and  chunkier! I joined my older friends eating childcare food and hi-tea. Yummy yummy",,,published,2025-01-03 12:36:56,2025-01-03 12:36:49,2025-01-03 12:36:55,NULL,"{""id"": 1, ""code"": ""DNI00""}","[{""id"": 1302, ""label"": ""2025 Infant Karen Katz""}]",NULL,[],[]
288879,post,Stacking Wood chips,"I explored manipulating the log and the wood chips.  While exploring the natural materials, educarer asked me to stack them up while showing me the process. I imitated her. I took the wood chips and stack them one by one on top the log.☺️yay! I did it!",,,published,2025-01-03 12:41:21,2025-01-03 12:41:17,2025-01-03 12:41:21,NULL,"{""id"": 1, ""code"": ""DNI00""}","[{""id"": 1302, ""label"": ""2025 Infant Karen Katz""}]",NULL,[],[]
288880,post,一楼户外探索（观察蚂蚱）,幼儿们总是非常兴奋的探索户外的每一个角落，在户外活动中，幼儿们发现了趴在栏杆上的一只大蚂蚱，幼儿们看见了蚂蚱大大的眼睛，触角，翅膀。当蚂蚱爬行时幼儿也跟随着模仿昆虫的动作，可爱极了，随后蚂蚱飞到了草丛中，幼儿们兴奋的去追逐蚂蚱的行踪，开心极了。,,,draft,2025-01-03 12:47:04,2025-01-03 12:47:01,2025-01-03 12:47:04,NULL,"{""id"": 1, ""code"": ""DNI00""}","[{""id"": 1298, ""label"": ""2025 N2 Eric Carle""}]",NULL,[],[]
288881,post,Making Marks!,Yay! I enjoyed making marks on the paper with my friends. I explored scribbling on the mahjong paper using crayons.,,,published,2025-01-03 12:50:05,2025-01-03 12:50:01,2025-01-03 12:50:04,NULL,"{""id"": 1, ""code"": ""DNI00""}","[{""id"": 1302, ""label"": ""2025 Infant Karen Katz""}]",NULL,[],[]
288882,post,Stacking Wood Chips,"I explored manipulating the log and the wood chips. Grasping and feeling their textures. While exploring the natural materials, educarer asked me to stack them up while showing me the process. I imitated her. I took the wood chips and stack them one by one on top the log.☺️yay! I did it!",,,published,2025-01-03 12:53:18,2025-01-03 12:53:12,2025-01-03 12:53:17,NULL,"{""id"": 1, ""code"": ""DNI00""}","[{""id"": 1302, ""label"": ""2025 Infant Karen Katz""}]",NULL,[],[]
288883,album,十二月第五周精彩活动,快和爸爸妈妈一起来看看我们的照片吧！,,,published,2025-01-03 12:57:40,2025-01-03 12:57:32,2025-01-03 12:57:39,NULL,"{""id"": 20, ""code"": ""TMJ""}","[{""id"": 1395, ""label"": ""2025 PG Kale""}]",NULL,[],[]
288884,post,Mark Making,"We had fun making marks on the mahjong paper using crayons. We explored scribbling, leaving some colourful marks/shapes and lines on the paper.",,,published,2025-01-03 13:00:27,2025-01-03 13:00:15,2025-01-03 13:00:26,NULL,"{""id"": 1, ""code"": ""DNI00""}","[{""id"": 1302, ""label"": ""2025 Infant Karen Katz""}]",NULL,[],[]
288885,album,十二月日记（30/12/2024-03/01/2025）,快和爸爸妈妈一起来看看我们的照片吧！,,,published,2025-01-03 13:02:48,2025-01-03 13:02:33,2025-01-03 13:02:48,NULL,"{""id"": 20, ""code"": ""TMJ""}","[{""id"": 1395, ""label"": ""2025 PG Kale""}]",NULL,[],[]
288886,post,Put the Ring On!,"Look! With good hand-eye coordination and control, I was able to put the colourful rings on the Reindeer’s antlers without any assistance from my educarer. Yay!",,,published,2025-01-03 13:05:48,2025-01-03 13:05:42,2025-01-03 13:05:47,NULL,"{""id"": 1, ""code"": ""DNI00""}","[{""id"": 1302, ""label"": ""2025 Infant Karen Katz""}]",NULL,[],[]
288887,post,"""Chalk Exploration""","We explored mark-making with chalks on black paper and when we smudged them with our hands, the chalk faded away.
",,,published,2025-01-03 13:08:55,2025-01-03 13:08:52,2025-01-03 13:08:55,NULL,"{""id"": 1, ""code"": ""DNI00""}","[{""id"": 1302, ""label"": ""2025 Infant Karen Katz""}]",NULL,[],[]
288889,post,"""Tunnel Play""","We explored the tunnel by crawling through with our friends and some of us tried to stand in the tunnel! We had so much fun chasing one another and played peek-a-boo! 😁

",,,published,2025-01-03 13:11:38,2025-01-03 13:11:32,2025-01-03 13:11:38,NULL,"{""id"": 1, ""code"": ""DNI00""}","[{""id"": 1302, ""label"": ""2025 Infant Karen Katz""}]",NULL,[],[]
288890,album,Journal Friday ,"On Journal Friday, the children were asked to share how did they spent their New Year with their family. After discussion, they drew and wrote their ideas on the paper provided and practised copywriting their verbatim with facilitation. ",,,published,2025-01-03 13:24:39,2025-01-03 13:16:18,2025-01-03 13:24:38,NULL,"{""id"": 18, ""code"": ""OMB01""}","[{""id"": 1287, ""label"": ""2025 K1 Jo Empson""}]",NULL,[],[]
288892,post,Mark Making🖍️🖍️🖍️🖍️,"Using crayons and drawing block, I explored making marks. I held the crayon with my palmar/radial grasp and scribbled it on the paper leaving some marks behind. ",,,published,2025-01-03 13:16:47,2025-01-03 13:16:40,2025-01-03 13:16:47,NULL,"{""id"": 1, ""code"": ""DNI00""}","[{""id"": 1302, ""label"": ""2025 Infant Karen Katz""}]",NULL,[],[]
288896,album,Transition Week: Crown Making!,"Learning Objectives: 

• To foster creativity, fine motor skills, and self-expression as children design and create personalized first-day-of-school crowns that reflect their unique interests and ideas.

What a creative start to the school year! 🎉 The children had a wonderful time designing their ""First Day of School"" crowns. They decorated their crowns with drawings of themselves, their teachers, good friends, our school, and even how they were feeling on this special day.

It was a great way to express their excitement and start the year with confidence and joy!

",,,published,2025-01-03 13:30:04,2025-01-03 13:29:54,2025-01-03 13:30:04,NULL,"{""id"": 10, ""code"": ""DTE01""}","[{""id"": 1316, ""label"": ""2025 Kindergarten 2 Elgar""}]",NULL,[],[]
288898,album,First Outdoor Walk as N1s!,"Here are photos of the children during outdoor walk on their first week in the new class where they enjoyed a very simple yet fun leaf crushing activity! We also took the time to let them see, explore and bring back some items from nature that piqued their interest! ",,,published,2025-01-03 13:46:16,2025-01-03 13:46:06,2025-01-03 13:46:16,NULL,"{""id"": 18, ""code"": ""OMB01""}","[{""id"": 1284, ""label"": ""2025 N1 Christie Matheson""}]",NULL,[],[]
288899,album,Playground Time,"On our first week, the children had a great time in the playground! It was great to see the relationship they have among them. Some enjoy their own play time and some are beginning to share the joy of doing things together!",,,published,2025-01-03 13:52:05,2025-01-03 13:51:51,2025-01-03 13:53:43,NULL,"{""id"": 18, ""code"": ""OMB01""}","[{""id"": 1284, ""label"": ""2025 N1 Christie Matheson""}]",NULL,[],[]
288902,album,Outdoor Play Stretching and Jumping,During outdoor play the children tried to have some stretching before playing a game of jumping from one hoop to another! It was amazing to see how high some of them can jump and how some are putting their best effort in attempting to jump to the next hoop! ,,,published,2025-01-03 13:59:09,2025-01-03 13:59:01,2025-01-03 13:59:08,NULL,"{""id"": 18, ""code"": ""OMB01""}","[{""id"": 1284, ""label"": ""2025 N1 Christie Matheson""}]",NULL,[],[]
288903,album,Routines!,"Sharing with you some photos of the children and teachers in-action during various routines and activities in class. We hope that this year, we will be able to guide the children in acquiring and mastering various self-help skills, encouraging them to be independent!",,,published,2025-01-03 14:17:29,2025-01-03 14:17:14,2025-01-03 14:17:28,NULL,"{""id"": 18, ""code"": ""OMB01""}","[{""id"": 1284, ""label"": ""2025 N1 Christie Matheson""}]",NULL,[],[]
288905,album,Classroom Exploration ,"During the children's first week in the N1 class, the teachers gave them the opportunity to explore the new space, the toys and materials we have prepared for them! All things were new so they were very excited to play everything. The teachers took this opportunity to have interactions with the children and get to know them individually. ",,,published,2025-01-03 14:30:20,2025-01-03 14:30:08,2025-01-03 14:30:20,NULL,"{""id"": 18, ""code"": ""OMB01""}","[{""id"": 1284, ""label"": ""2025 N1 Christie Matheson""}]",NULL,[],[]
288908,album,Paper Plate Flowers,"In relation to the story book titled ‘Plant the Tiny Seed’ by Christie Matheson, the children created paper plate flowers,  inspired by the colourful flowers emerging from the tiny seeds planted. 

The children explored mixing colours to paint a paper plate before pasting a variety of shape petals around its rim to complete the flower. Afterwards, they were given small pieces of coloured crepe paper which they crumpled into tiny pieces to fill the centre. ",,,published,2025-01-03 14:37:26,2025-01-03 14:37:19,2025-01-03 14:37:25,NULL,"{""id"": 18, ""code"": ""OMB01""}","[{""id"": 1284, ""label"": ""2025 N1 Christie Matheson""}]",NULL,[],[]
288909,post,红色的物品,红色，红色，还是红色！是什么颜色？哦！是快要到来的新年的颜色,,,published,2025-01-03 14:38:42,2025-01-03 14:38:39,2025-01-03 14:38:42,NULL,"{""id"": 1, ""code"": ""DNI00""}","[{""id"": 1302, ""label"": ""2025 Infant Karen Katz""}]",NULL,[],[]
288911,album,《感受多彩绚烂的烟花🎆》,我们在满天烟火中迎来新的一年🎉🎉，为了让幼儿进一步感受烟花的美丽，教师准备了黑色卡纸、颜料、吸管（剪成五等分）、白色纸盘。活动开始时，教师先为幼儿讲解和示范，如何操作制作“烟花”，随后让孩子们自主尝试，用开花的吸管蘸一蘸混合的颜料，再去纸上制造美丽的烟花，每个小朋友都做的很棒👍，自主完成了这一个作品！,,,draft,2025-01-03 14:40:20,2025-01-03 14:40:14,2025-01-03 14:40:19,NULL,"{""id"": 1, ""code"": ""DNI00""}","[{""id"": 1297, ""label"": ""2025 N1 Marcus Pfister""}]",NULL,[],[]
288912,album,Petal Exploration,"Taking inspiration from the nature-themed stories of Christie Matheson, the children were given the opportunity to explore the sticky texture of contact paper and the structure of flowers. As they explored, they were invited to  stick the petals and the stems onto the contact paper. ",,,published,2025-01-03 14:41:39,2025-01-03 14:41:29,2025-01-03 14:41:38,NULL,"{""id"": 18, ""code"": ""OMB01""}","[{""id"": 1284, ""label"": ""2025 N1 Christie Matheson""}]",NULL,[],[]
288913,post,吹泡泡,憋住气，再用力吹出去，看！我吹了泡泡了🫧,,,published,2025-01-03 14:41:59,2025-01-03 14:41:56,2025-01-03 14:41:58,NULL,"{""id"": 1, ""code"": ""DNI00""}","[{""id"": 1302, ""label"": ""2025 Infant Karen Katz""}]",NULL,[],[]
288914,post,红色,红红火火的新年是什么颜色？就是我手中的红包🧧、红丝带和红苹果的颜色，好看哦！我喜欢,,,published,2025-01-03 14:45:18,2025-01-03 14:45:14,2025-01-03 14:45:17,NULL,"{""id"": 1, ""code"": ""DNI00""}","[{""id"": 1302, ""label"": ""2025 Infant Karen Katz""}]",NULL,[],[]
288915,album,Walking on Wood Chips,"To foster their gross motor skills, the children were invited to walk on a path of wood chips, developing their body coordination and balance. They did so well that we plan to extend the activity next week to challenge them further. ",,,published,2025-01-03 14:50:38,2025-01-03 14:50:31,2025-01-03 14:50:38,NULL,"{""id"": 18, ""code"": ""OMB01""}","[{""id"": 1284, ""label"": ""2025 N1 Christie Matheson""}]",NULL,[],[]
288916,album,《你的生日在哪里？》,我们在不同的月份都有小朋友过生日，因此在墙上不同的月份旁边粘贴了孩子们的照片。教师引导式提问“你知道你的生日在哪里吗？”，进一步促进幼儿指一指自己的生日在哪个月份，如果有最近要过生日的小朋友，尝试让幼儿自己说一说，并和同伴交流😊,,,draft,2025-01-03 14:51:54,2025-01-03 14:51:51,2025-01-03 14:51:54,NULL,"{""id"": 1, ""code"": ""DNI00""}","[{""id"": 1297, ""label"": ""2025 N1 Marcus Pfister""}]",NULL,[],[]
288921,album,Sorting Apples and Flowers,"To foster the concept of sorting, the children were presented with two tree trunks and cut-outs of red apples and orange flowers. In the beginning, they were given the opportunity to explore with the material to observe what they will be doing with them. As they played, one of the children began placing all the red apples in one tree and the orange flowers in another! This is when we decided to make an apple tree and an orange flower-bearing tree. ",,,published,2025-01-03 15:17:07,2025-01-03 15:16:58,2025-01-03 15:17:07,NULL,"{""id"": 18, ""code"": ""OMB01""}","[{""id"": 1284, ""label"": ""2025 N1 Christie Matheson""}]",NULL,[],[]
288922,album,Our Hands Can!,"After listening to the story titled ‘My Hands Can’ by Ammi-Joan Paquette, the children’s hands were traced on a mahjong paper which they then filled with colours by scribbling on it with crayons. As they scribbled, they said “My hands can colour!” and “My hands can scribble!”",,,published,2025-01-03 15:19:40,2025-01-03 15:19:36,2025-01-03 15:19:40,NULL,"{""id"": 18, ""code"": ""OMB01""}","[{""id"": 1284, ""label"": ""2025 N1 Christie Matheson""}]",NULL,[],[]
288923,album,We ALMOST made it to see the Merlion!,"During our outdoor walk, we made our way towards the Merlion and the children took a lot of interest in the many fountains that we encountered along the way. They also enjoyed walking on the base of the trees  near OUE Bayront which challenges them to walk through it without getting their foot fall into the holes! To commemorate this attempt to get to the Merlion, we took one of our first almost-complete class photos! We hope to take more of them in the upcoming weeks and months!",,,published,2025-01-03 15:24:32,2025-01-03 15:24:24,2025-01-03 15:24:31,NULL,"{""id"": 18, ""code"": ""OMB01""}","[{""id"": 1284, ""label"": ""2025 N1 Christie Matheson""}]",NULL,[],[]
288924,album,Nature Soup!,"To foster the children's curiosity and exploration, they were presented with a tub of water and some nature items like stones, artificial flowers, leaves and short stems. As they explored, the children eventually placed them all in the water, pointing out how the stones sunk onto the bottom of the tub and how some of the flowers and leaves remained floating in the water. But the most fun part of it all certainly was the water splashing!!",,,published,2025-01-03 15:26:39,2025-01-03 15:26:32,2025-01-03 15:27:51,NULL,"{""id"": 18, ""code"": ""OMB01""}","[{""id"": 1284, ""label"": ""2025 N1 Christie Matheson""}]",NULL,[],[]
288925,album,Happy Birthday Micah!,Thank you for celebrating your birthday with us! We love your Baby Shark-themed cake!!,,,published,2025-01-03 15:31:08,2025-01-03 15:31:04,2025-01-03 15:31:08,NULL,"{""id"": 18, ""code"": ""OMB01""}","[{""id"": 1284, ""label"": ""2025 N1 Christie Matheson""}]",NULL,[],[]
288926,album,Stretching and Ball Rolling,"During outdoor play, the children did some stretching, something very important to do before any physical activities. For this day's activity, the children rolled the ball from one friend to another, developing their eye-hand coordination. ",,,published,2025-01-03 15:40:53,2025-01-03 15:40:47,2025-01-03 15:40:53,NULL,"{""id"": 18, ""code"": ""OMB01""}","[{""id"": 1284, ""label"": ""2025 N1 Christie Matheson""}]",NULL,[],[]
288928,album,Playground Fun!,"Here are photos of the children enjoying their time in the playground! One of the things they like doing is stacking toys and transporting them around the playground area. They have been playing more in pairs and in small groups, displaying growth in their social skills.",,,published,2025-01-03 15:46:43,2025-01-03 15:46:32,2025-01-03 15:46:42,NULL,"{""id"": 18, ""code"": ""OMB01""}","[{""id"": 1284, ""label"": ""2025 N1 Christie Matheson""}]",NULL,[],[]
288930,album,The BugaBees: Friends with Food Allergies,"Ms. Carla read a storybook about a whimsical tale of eight friends with food allergies. Food allergies are never fun, but best friends always are! This light-hearted story explores the daily routines of eight best buggy friends such as Beetle, Cricket and Butterfly, as they face their respective food allergies with positivity and poise. At home and at school, at the park, or on the beach, BugaBees find ways to stay safe, have fun, and remember that the joy of friendship is far sweeter than any food they can, or in some cases, can't have.",,,published,2025-01-03 15:50:20,2025-01-03 15:50:17,2025-01-03 15:50:20,NULL,"{""id"": 18, ""code"": ""OMB01""}","[{""id"": 1284, ""label"": ""2025 N1 Christie Matheson""}]",NULL,[],[]
288931,album,Cars and Tricycles Play,"The theme of the photos we took during playground time mostly revolve around cars and tricycles. We have new swivel sports cars that the children love aside from the pastel coloured ones that we previously had. Some of the children enjoyed car and bus watching from the glass door while they sit on their own tricycles. 

What could they be thinking and wishing? Is it that someday they'd be able to drive one of those cars too? Or that one day we can all ride a bus together? :)",,,published,2025-01-03 15:57:01,2025-01-03 15:56:53,2025-01-03 15:57:00,NULL,"{""id"": 18, ""code"": ""OMB01""}","[{""id"": 1284, ""label"": ""2025 N1 Christie Matheson""}]",NULL,[],[]
288932,album,Sunny Friday Walk!,"The bright and hot sun did not stop the N1s from making the most of their time outside! We stretched our arms out to enjoy the soft breeze and shade our eyes as we run away from the bright sun! The children spent most of their time under the big fans, a cooling spot and climbed on the wooden structure. The teachers took this opportunity to capture some cute group photos too!",,,published,2025-01-03 16:09:48,2025-01-03 16:09:34,2025-01-03 16:12:00,NULL,"{""id"": 18, ""code"": ""OMB01""}","[{""id"": 1284, ""label"": ""2025 N1 Christie Matheson""}]",NULL,[],[]
288933,album,Food Toys and Kitchen Pretend Play,"Our topic of interest this month of January is all about food! We observed that the children like filling cups and bowls with loose part materials and using them to pretend to cook, eat and serve during learning exploration time. We set up the dramatic play area like a kitchen to give the children an opportunity to extend their play into more possibilities! ",,,published,2025-01-03 16:19:47,2025-01-03 16:19:38,2025-01-03 16:19:47,NULL,"{""id"": 18, ""code"": ""OMB01""}","[{""id"": 1284, ""label"": ""2025 N1 Christie Matheson""}]",NULL,[],[]
288934,post,In the Mood for Food!,"Here's the song of the week by Danny Go! It's a fun song and dance that introduces children to cooking and baking-related actions words like 'chop', 'mash', 'stir', and more! Access the link and dance it along with the children at home! ",,https://youtu.be/6HM28d04LQk?si=S8iebur5fppxubab,published,2025-01-03 16:23:11,2025-01-03 16:23:10,2025-01-03 16:23:10,NULL,"{""id"": 18, ""code"": ""OMB01""}","[{""id"": 1284, ""label"": ""2025 N1 Christie Matheson""}]",NULL,[],[]
288937,album,精彩活动 十二月第五周 照照看看,"  教师在课室里摆放光盘和电筒，鼓励幼儿用电筒照射光碟，自由探索谈谈自己看到了什么。
       通过活动培养幼儿的好奇心和主动探索精神，从而实现婴幼儿是自信、好奇和投入的学习者持续的参与、注意力、解决问题和语言能力]的学习成果。",,,published,2025-01-04 00:56:43,2025-01-04 00:56:17,2025-01-04 00:56:42,NULL,"{""id"": 20, ""code"": ""TMJ""}","[{""id"": 1402, ""label"": ""2025 N1 Kelly""}]",NULL,[],[]
288941,album,十二月 第五周 活动集锦,这是本周部分活动的照片，请浏览！,,,published,2025-01-04 01:25:39,2025-01-04 01:18:47,2025-01-04 01:25:39,NULL,"{""id"": 20, ""code"": ""TMJ""}","[{""id"": 1402, ""label"": ""2025 N1 Kelly""}]",NULL,[],[]
288951,album,十二月第五周（30/12 - 03/01）精彩活动,这是本周精彩活动的照片，请查看！,,,published,2025-01-04 04:20:01,2025-01-04 04:19:33,2025-01-04 04:20:01,NULL,"{""id"": 20, ""code"": ""TMJ""}","[{""id"": 1401, ""label"": ""2025 N1 Rosen""}]",NULL,[],[]
288952,album,十二月第五周（30/12 - 03/01）其他活动,这是本周其他活动的照片，请查看！,,,published,2025-01-04 04:26:28,2025-01-04 04:26:02,2025-01-04 04:27:29,NULL,"{""id"": 20, ""code"": ""TMJ""}","[{""id"": 1401, ""label"": ""2025 N1 Rosen""}]",NULL,[],[]
288953,album,Weekly Updates,"Hi Parents! 

Happy New Year! We’re excited to be back in school and exploring our new toys! We’ve missed some of our friends who are back with us now!

This week was all about having fun with our classroom toys, and we’re learning to tidy them up after playtime—it’s a work in progress! We also welcomed new friends by sharing our favourite toys in class and helping them take their water bottles. Playing together on the playground has been a blast, and we absolutely love it!

We’ve enjoyed reading the book ""Going to School"" and talking about all the fun activities we do, similar to those in the story!

Check out some of our photos of all the fun we’re having with our friends. 

Have a wonderful weekend!",,,published,2025-01-04 05:04:57,2025-01-04 05:04:34,2025-01-04 05:04:56,NULL,"{""id"": 5, ""code"": ""DTH01""}","[{""id"": 1408, ""label"": ""2025 Nursery 1 Engagers""}]",NULL,[],[]
288954,album,欢迎来到关心学步幼儿班,12月，我们过渡到一个新的班级，去户外（花园散步，游乐场等），并探索新班级的不同空间，也欢迎新的朋友加入我们。同时关心学步班的小朋友们将迎来新的一年，希望我们能度过一个有趣又令人兴奋的一年。,,,published,2025-01-04 06:34:35,2025-01-04 06:34:03,2025-01-04 06:34:34,NULL,"{""id"": 16, ""code"": ""MBS""}","[{""id"": 1377, ""label"": ""2025 Playgroup Care""}]",NULL,[],[]
288955,album,庆祝圣诞节🎄🎉,在学校一起庆祝圣诞节，小朋友们穿上了圣诞衣服，和朋友们一起拍了照片，制作了姜饼人面包和贴了圣诞纹身贴纸。,,,published,2025-01-04 06:50:11,2025-01-04 06:49:53,2025-01-04 06:50:10,NULL,"{""id"": 16, ""code"": ""MBS""}","[{""id"": 1377, ""label"": ""2025 Playgroup Care""}]",NULL,[],[]
288956,album,First Day of 2025 - fun with bubbles!,"On the very first day of school in 2025, the children had an exciting time playing with bubbles outdoors! They enjoyed racing one another to catch as many bubbles as they could, while also exclaiming and comparing the sizes of the bubbles that they popped. ",,,published,2025-01-04 07:44:54,2025-01-04 07:08:37,2025-01-04 07:44:53,NULL,"{""id"": 1, ""code"": ""DNI00""}","[{""id"": 1298, ""label"": ""2025 N2 Eric Carle""}]",NULL,[],[]
288957,album,Count with me,"In this activity, the children were encouraged to count the number of objects in a picture, then identify the corresponding number to match to it. This was aimed at developing the children's number recognition skills, as well as their skill of counting with one to one correspondence. They enjoyed trying the activity for themselves, and had even more fun when they got to help their friends to count as well!",,,published,2025-01-04 07:47:17,2025-01-04 07:44:39,2025-01-04 07:47:17,NULL,"{""id"": 1, ""code"": ""DNI00""}","[{""id"": 1298, ""label"": ""2025 N2 Eric Carle""}]",NULL,[],[]
288959,album,每周活动分享,"亲爱的家长们，

大家好！本周是2025年的第一周，我们幼儿学步班的全体教师再次在这里祝愿所有的宝贝和家庭新年快乐，愿大家在新的一年里平安、健康、幸福！新的一年里我们会把宝贝们每周活动的精彩瞬间在这里分享给大家。如果您喜欢我们的照片可以点击下载保存下来，也请点击下方的❤LIKE爱心给与我们支持与鼓励哦！

让我们进入本周的分享。首先，让我们一起热烈欢迎李献正、萧义泽和Davi三个可爱的小宝贝加入我们幼儿学步班，希望你们能很快适应新的环境、教师和同伴们，与大家一起快乐成长。在以关系为本的课程中，我们致力于通过小组活动、角色扮演以及日常互动等方式，来帮助幼儿建立积极的人际关系，培养他们的自信心，提高孩子们解决问题的能力。在各种活动中，我们会时刻关注孩子们的幸福度和参与度，让孩子们更加自信的探索世界，在遇到困难时，学习如何寻求帮助并找到解决方案。在本周，三个新成员在家长的陪同下和班级其他幼儿及教师一起去中巴鲁公园探索，一起在公园散步和玩沙。让宝贝们在轻松愉悦的氛围下认识新朋友，是一种非常不错的体验呢！三个小宝贝在家长的陪同下也开始逐渐熟悉课室环境，开始慢慢的探索课室中的游戏了！同时，新成员的加入也更好的促进宝贝们社会交往能力的发展，颖杰、培耀和Leon对新朋友充满了好奇，也会主动尝试找新朋友一起玩，分享课室里的玩具给他们，非常棒！

下周我们会继续带领班级幼儿进行一些有趣的互动游戏和探索活动，帮助宝贝们逐步适应学校的生活。让我们一起期待下周快乐的幼儿园时光吧！

祝好！

幼儿学步班全体教师
",,,published,2025-01-04 09:18:00,2025-01-04 09:17:25,2025-01-04 10:14:27,NULL,"{""id"": 5, ""code"": ""DTH01""}","[{""id"": 1409, ""label"": ""2025 Playgroup Explorers""}]",NULL,[],[]
288960,album,Achoooo's and Confetti,"We kicked off the new school year with the funny story ""Chu's First Day at School"" by Neil Gaiman. It's about a panda who has a very special talent: sneezing a very loud ""achooooo!"" To celebrate the new year and Chu's big sneezes, we did a fun confetti blowing activity. We practiced using straws to blow into cups and watch the confetti and a plastic glove swirl and fly!
",,,published,2025-01-04 10:41:08,2025-01-04 10:41:01,2025-01-04 10:41:08,NULL,"{""id"": 18, ""code"": ""OMB01""}","[{""id"": 1285, ""label"": ""2025 N2 Eric Carle""}]",NULL,[],[]
288961,post,New Year Memories,"Have you ever wondered what your child thinks about the New Year? Our children in N2 Eric Carle shared some wonderful insights by talking about photos of New Year celebrations. They described seeing fireworks, enjoying meals with family, and going to parties. Afterwards, they expressed their own thoughts and feelings through drawing and scribbling with markers and crayons.",,,published,2025-01-04 11:08:23,2025-01-04 11:08:09,2025-01-04 11:08:22,NULL,"{""id"": 18, ""code"": ""OMB01""}","[{""id"": 1285, ""label"": ""2025 N2 Eric Carle""}]",NULL,[],[]
288967,album,"Blessed Birthday, Louka!","""Happy 3rd Birthday, Louka! :) May your year be filled with big smiles, endless joy, and lots of love!",,,published,2025-01-05 01:37:47,2025-01-05 01:37:24,2025-01-05 01:37:46,NULL,"{""id"": 20, ""code"": ""TMJ""}","[{""id"": 1401, ""label"": ""2025 N1 Rosen""}]",NULL,[],[]
288968,album,December Week 5 Weekly Highlight,"Studies show that nursery rhymes, while sometimes outdated, help with building memory, vocabulary, numeracy, and speaking skills. Nursery rhymes are a powerful learning source in early literacy and enable children to become interested in the rhythm and patterns of language. The repetitive nature of rhymes guide children in recognising patterns and sounds, building a strong foundation for reading and writing. As children sing along, they also learn to associate words with their meanings, enhancing their comprehension skills too. This week, the children had the opportunity to engage in a nursery rhyme sequencing activity- As the teacher sang, the children searched for the correct pictures, carefully placing them in order to sequence the rhyme. It was a fun and interactive way for them to connect the sounds of the words to visual images, helping them better understand the flow and rhythm of the rhyme.
",,,published,2025-01-05 02:26:55,2025-01-05 02:26:32,2025-01-05 02:26:55,NULL,"{""id"": 20, ""code"": ""TMJ""}","[{""id"": 1401, ""label"": ""2025 N1 Rosen""}]",NULL,[],[]
288969,album,We are Ready for K2!,"Dear parents,

This week, we welcomed our new friend, Evan, to our class. The children made him feel at ease by inviting him to join them to play. They also showed and used the different materials in their learning corners. 

The children were encouraged to draw and copywrite what they would like to achieve by the end of the year or what they are excited for in their K2 year.
Based on what they have drawn, the children are looking forward to learning about money and time, being able to read and write independently, and are excited about their first session of rock climbing this coming Monday. Before the year ends, we will be looking back to check if we were able to achieve our goals. You can do it, children! Practice makes progress.

We have posted the following on the upcoming events:
1. Kindergarten 2 Tea Session  
2. N2-K2 Outdoor Walks-Alexandra Park Connector 2025  
3. Fieldtrip to Singapore National Gallery
Please look through them and RSVP if you haven't done so.

For your reference, the following are uploaded at the resource section:
1. K2 Class Schedule
2. Calendar of Events
3. Tiong Bahru Nature Fun
4. LSH DTH Menu
5. Teachers' Introduction Letters


Happy Sunday!

Kind regards,
Teacher Karen
",,,published,2025-01-05 04:57:54,2025-01-05 03:59:23,2025-01-05 04:58:38,NULL,"{""id"": 5, ""code"": ""DTH01""}","[{""id"": 1405, ""label"": ""2025 Kindergarten 2 Risk-Takers""}]",NULL,[],[]
288970,album,制作圣诞花篮,老师给幼儿一些五颜六色的的碎纸和纸盘，让幼儿把碎纸黏贴在纸盘上，制作出漂亮的圣诞花篮。,,,published,2025-01-05 04:15:25,2025-01-05 04:15:15,2025-01-05 04:15:24,NULL,"{""id"": 16, ""code"": ""MBS""}","[{""id"": 1376, ""label"": ""2025 Infant Joy""}]",NULL,[],[]
288971,album,制作圣诞花篮,"老师给幼儿一些五颜六色的的碎纸和纸盘，让幼儿把碎纸黏贴在纸盘上，制作出漂亮的圣诞花篮。
",,,published,2025-01-05 04:17:18,2025-01-05 04:17:07,2025-01-05 04:17:18,NULL,"{""id"": 16, ""code"": ""MBS""}","[{""id"": 1376, ""label"": ""2025 Infant Joy""}]",NULL,[],[]
288972,album,制作圣诞袜子,"老师给幼儿一只白色的纸袜子，在老师的帮助下，让幼儿用蜡笔和颜料涂在纸袜子上，制作出有意义的圣诞袜子。
",,,published,2025-01-05 04:23:20,2025-01-05 04:23:08,2025-01-05 04:23:20,NULL,"{""id"": 16, ""code"": ""MBS""}","[{""id"": 1376, ""label"": ""2025 Infant Joy""}]",NULL,[],[]
288973,album,圣诞节快乐！,幼儿们在学校一起庆祝圣诞节！,,,published,2025-01-05 04:25:36,2025-01-05 04:25:27,2025-01-05 04:25:35,NULL,"{""id"": 16, ""code"": ""MBS""}","[{""id"": 1376, ""label"": ""2025 Infant Joy""}]",NULL,[],[]
288976,post,参观学校,新的一年开始了，幼儿园的装修也基本告一段落。小朋友们在老师的带领下，兴奋地走进了幼儿园的各处进行参观。孩子们一边走，一边在老师的引导下观察不同班级内的布置和了解各个班级的位置，他们兴奋的与同伴、老师进行交谈，眼中充满了好奇。我们参观了不同班级的角落设置、作品展示等等，小朋友们通过这次参观，了解了不同年级的班级位置和班级设置，感受到了幼儿园大家庭的温暖和充实，增加自己的归属感。,,,published,2025-01-05 05:50:06,2025-01-05 05:46:31,2025-01-05 05:50:06,NULL,"{""id"": 1, ""code"": ""DNI00""}","[{""id"": 1296, ""label"": ""2025 N1 Giles Andreae""}]",NULL,[],[]
288977,album,December Week 4 and Week 5,"The children had a fun time throwing balls to knock down the bowling pins, which helped improve their hand-eye coordination and motor skills. 

The teacher wrote each child's name using white crayon on white paper, and the children painted over their names with watered-down paints. As the colors spread, the white crayon revealed their names, delighting the children as they saw their names appear like magic.
",,,published,2025-01-05 05:52:23,2025-01-05 05:51:35,2025-01-05 05:52:22,NULL,"{""id"": 20, ""code"": ""TMJ""}","[{""id"": 1401, ""label"": ""2025 N1 Rosen""}]",NULL,[],[]
288978,album,复习周照片更新,这一周老师带领小朋友们学习了笔画“横折”“竖弯钩”，小朋们学习的很认真并且模仿书写。小朋友们这一周去到了户外公园用木头和沙子进行建构游戏。,,,published,2025-01-05 06:03:06,2025-01-05 06:02:54,2025-01-05 06:03:05,NULL,"{""id"": 5, ""code"": ""DTH01""}","[{""id"": 1406, ""label"": ""2025 Kindergarten 1 Inventors""}]",NULL,[],[]
288980,post,绘本分享《这是谁的》,老师和小朋友们一起分享绘本《这是谁的》，小朋友们认真的围坐在老师身边，眼神专注，安静地聆听着老师的讲述。老师轻轻翻开第一页，书中的清晰插图和生动文字引起了孩子们的好奇。随着故事的发展，孩子们渐渐记住了大毛熊的经典台词：“这是我的！”每当老师念到“这是……”他们都会跟着老师一起喊：“这是我的！”随着故事情节的推进，小朋友们看到大毛熊因为不愿分享而失去了朋友，大家纷纷表达自己的想法：“要分享”、“share”、“要爱朋友”……小朋友们积极参与，分享着自己对友谊与分享的理解。当故事的最后，大毛熊认识到自己错误并重新与朋友们建立友谊时，孩子们脸上露出了满足和开心的笑容。看到动物们在一起快乐地游戏，小朋友们也仿佛感受到了一份温暖的友谊。通过这本绘本，孩子们不仅领略了精彩的故事情节，还在潜移默化中学到了如何与人分享，如何珍惜友谊。,,,published,2025-01-05 06:22:41,2025-01-05 06:20:52,2025-01-05 06:22:41,NULL,"{""id"": 1, ""code"": ""DNI00""}","[{""id"": 1296, ""label"": ""2025 N1 Giles Andreae""}]",NULL,[],[]
288981,post,合作运水果,小朋友们一起进行团队合作游戏：合作传水果。通过小朋友们的参与，帮助他们理解合作与协调的重要性。游戏刚开始时，大家还不太熟悉规则，所以有些小朋友会去拿取水果、越过同伴直接传送，甚至有的小朋友抱住水果不放。然而，老师通过耐心的指导和鼓励，帮助他们慢慢明白了如何更好地配合与合作。最终，小朋友们开始懂得按顺序传递水果，每个人都在自己的位置上尽责地完成任务。他们从第一个小朋友开始，一个接一个地将水果传递到最后一位朋友，直到所有的水果都顺利放入收纳筐中。这个过程不仅增强了孩子们的团队意识，还锻炼了他们的沟通和协调能力，同时也让他们在实践中体验到成功的喜悦。,,,published,2025-01-05 06:47:00,2025-01-05 06:36:59,2025-01-05 06:46:59,NULL,"{""id"": 1, ""code"": ""DNI00""}","[{""id"": 1296, ""label"": ""2025 N1 Giles Andreae""}]",NULL,[],[]
288987,post,十二月 第五周 我们一起在阅读角落看书,"学习目标：
1.通过阅读绘本，增加幼⼉阅读的兴趣。
2.幼儿尝试理解和表达图画。
学习过程：
教师带领幼儿来到阅读角落，教师为幼儿阅读绘本故事，吸引幼儿对绘本的好奇心，接着，教师介绍阅读角落中的绘本，鼓励孩子们选择自己喜欢的绘本进行阅读，在孩子们阅读过程中，教师适当对幼儿提问绘本中的内容，如“你看到了什么？”“里面有哪些动物？”等等，鼓励幼儿尝试说一说绘本内容。
活动时间：03/01/2025",,,published,2025-01-06 14:08:01,2025-01-05 10:00:29,2025-01-14 04:06:25,NULL,"{""id"": 10, ""code"": ""DTE01""}","[{""id"": 1312, ""label"": ""2025 Nursery 1 Lois Ehlert""}]",NULL,[],[]
288989,album,本周动态分享,新年快乐！新年的第一次动态分享祝福大家开心快乐，健康顺遂！随着新年的开始，很多假期中的小伙伴也回到了学校中，我们也迎来了一位新的朋友缘俽，所以在一月，我们会将以学校的玩具为线索，带领幼儿熟悉新环境，帮助幼儿与新朋友和老师建立关系，本周我们阅读了绘本《小企鹅乔比》，通过这本互动故事，让孩子们感受不同的质感，孩子们也尝试在身边寻找这种不同的质感，软软的小猫，滑滑的玻璃，粗糙的篮子等等，在游乐场，我们利用呼啦圈和沙包进行了好玩的丢沙包游戏，促进幼儿大肌肉的发展，我们还发现在之前的户外活动中带回来的巨大的椰子花朵外表发生了变化，表面发生了开裂，有原来光滑的质感也变成了粗糙的质感，孩子们将这个发现分享给了老师，我们共同用放大镜观察这些变化，带领幼儿发现更多好玩的视角。,,,published,2025-01-05 10:05:53,2025-01-05 10:05:22,2025-01-05 10:05:52,NULL,"{""id"": 5, ""code"": ""DTH01""}","[{""id"": 1408, ""label"": ""2025 Nursery 1 Engagers""}]",NULL,[],[]
288990,album,Scribbling with oil pastel,"Scribbling with oil pastels offers several important benefits for young children. First, it enhances fine motor skills by strengthening hand muscles and improving grip, which is essential for tasks like writing and using utensils. Second, it helps develop hand-eye coordination, as children learn to control their movements while creating on the paper. Finally, the activity fosters creativity and self-expression, allowing children to explore colours, and lines, which supports cognitive development and boosts confidence!",,,published,2025-01-05 10:14:26,2025-01-05 10:07:41,2025-01-05 10:14:25,NULL,"{""id"": 1, ""code"": ""DNI00""}","[{""id"": 1296, ""label"": ""2025 N1 Giles Andreae""}]",NULL,[],[]
288991,album,"🎉 Happy Birthday, Mabell! 🎂","We celebrated Mabell turning 3 with laughter, love, and lots of fun! Here’s to another year of growth and adventure! 🎈",,,published,2025-01-05 10:29:08,2025-01-05 10:29:01,2025-01-05 10:29:07,NULL,"{""id"": 1, ""code"": ""DNI00""}","[{""id"": 1296, ""label"": ""2025 N1 Giles Andreae""}]",NULL,[],[]
289001,album,Sticky Tape Popsicle Sticks,"The children are actively engaging with popsicle sticks and sticky tape, experimenting with various ways to manipulate the materials. They are seen lifting the sticks, using their pincer fingers to peel the tape off, and repositioning it onto different sticks. Through this hands-on exploration, the children are fostering fine motor skills, enhancing their hand-eye coordination, and learning about cause-and-effect relationships. They are also practicing problem-solving as they figure out how to attach and detach the tape. Additionally, this activity promotes independence, fostering their ability to explore and experiment freely with objects in their environment.",,,published,2025-01-05 14:16:36,2025-01-05 14:16:23,2025-01-05 14:16:36,NULL,"{""id"": 18, ""code"": ""OMB01""}","[{""id"": 1283, ""label"": ""2025 Playgroup Emma Dodd""}]",NULL,[],[]
289003,album,Outdoor fun and play! 🥰,"It's only the start of the year, and already we’re seeing remarkable growth in our physical abilities. Every day, we're running faster and more steadily! In fact, now that we're bigger, we need a larger, open area to fully stretch our legs and run freely. 🤭 This is also the perfect time for Mummy and Daddy to take us to playgrounds where we can practice climbing, balance, and stability, helping us continue to develop our coordination, strength, and confidence. Playground play also supports social skills, encourages problem-solving, and boosts our overall well-being as we engage in fun, active exploration. 🥰",,,published,2025-01-05 14:29:18,2025-01-05 14:28:45,2025-01-05 14:29:17,NULL,"{""id"": 1, ""code"": ""DNI00""}","[{""id"": 1297, ""label"": ""2025 N1 Marcus Pfister""}]",NULL,[],[]
289005,album,Working together to keep our mattresses!,"We've been practicing packing away our own mattresses and sleeping bags into the cupboard after our afternoon rest. At first, the teachers would help us with the packing, but they soon noticed that we were eager to take part in the process. 😄We began showing interest in bringing the mattresses to the cupboard and placing them inside ourselves. Encouraged by this, our teachers guided us to work together to carry the mattresses and carefully place them in the cupboard. This process not only teaches us to collaborate but also helps us develop problem-solving skills as we figure out how to fit the mattresses just right. Who knows? Maybe next, we’ll try setting up our mattresses before nap time, too! 😜",,,published,2025-01-05 14:51:31,2025-01-05 14:51:19,2025-01-05 14:51:31,NULL,"{""id"": 1, ""code"": ""DNI00""}","[{""id"": 1297, ""label"": ""2025 N1 Marcus Pfister""}]",NULL,[],[]
289007,album,Fireworks to Celebrate 2025! 🥳,"Happy New Year, Everyone!! We’re excited for a wonderful, adventurous, and fruitful 2025 ahead! As we returned to school on the 2nd of January, we eagerly shared our New Year’s Eve and New Year’s Day experiences. One of the highlights mentioned was watching the fireworks light up the night sky. Inspired by this, we decided to create an artwork based on those beautiful fireworks.

Our project is made up of three parts. The first part, which we’ve already completed, involved pasting pieces of string soaked in a mixture of glue and water onto our paper. The arrangement of the string is meant to represent the bursting of colourful fireworks in the sky. At first, most of us needed some encouragement to fish the string out of the gluey mixture, but once we got started, it became a fun and messy adventure! After placing the string onto our paper, we left our pieces to dry, ready to continue with the second and third parts later on.",,,published,2025-01-05 15:19:23,2025-01-05 15:18:53,2025-01-05 15:19:23,NULL,"{""id"": 1, ""code"": ""DNI00""}","[{""id"": 1297, ""label"": ""2025 N1 Marcus Pfister""}]",NULL,[],[]
289009,album,12 月活动照片,"Hi 家长们好！

本周在老师的鼓励引导下，幼儿们尝试多次使用彩色笔在画纸上面画出自己的画像！幼儿们在活动中积极不断的尝试创作，展现出自己独特的创作画面，并与同伴相互欣赏交流中不断的尝试再次进行创作！可以看出幼儿们在创作中能大胆的进行构思创作，并在老师的不断引导下尝试调整自己的握笔姿势，幼儿们的小肌肉及手眼协调能力得到提升。
当幼儿们都完成自己的画像后，老师展示已经贴有幼儿华文名字的华文拾趣本子，并与他们一起玩游戏认识自己及同伴的华文名字后，鼓励引导幼儿把自己的画像贴在华文拾趣本子上面。老师也告诉幼儿们此本子是接下来每个星期五在上面画画的本子，幼儿们很开心。
在此要非常开心的告诉家长，幼儿们最近在各方面都有很大的进步，尤其在去厕所小便方面幼儿们真的成长很快！在友好相处乐于助人方面也有很大进步，可以看到幼儿们对新幼儿特别照顾，并能愉快的一起玩耍！幼儿们真的很棒！

接下来幼儿们会进入新的课程旅程中，希望幼儿们能在有趣的课程和活动中，发挥潜能、积极探索及发现，更希望幼儿们能快乐成长！",,,published,2025-01-05 15:34:44,2025-01-05 15:34:29,2025-01-31 05:38:59,NULL,"{""id"": 5, ""code"": ""DTH01""}","[{""id"": 1407, ""label"": ""2025 Nursery 2 Reflectors""}]",NULL,[],[]
289018,album,新的一年尝试一件新的事情,在2025年新一年开始的时候，孩子们一起讨论新年我们想要做什么，想要尝试一件新的事情。活动帮助孩子们赋予新年新的意义，传递给孩子们新年的时候我们可以有新的目标新的尝试。,,,published,2025-01-06 09:08:10,2025-01-06 02:58:17,2025-01-06 09:37:13,NULL,"{""id"": 1, ""code"": ""DNI00""}","[{""id"": 1301, ""label"": ""2025 K2 Debi Gliori""}]",NULL,[],[]
289019,album,户外游戏,户外游戏活动“1、2、3木头人” “贴数字”，户外游戏给孩子们提供锻炼身体平衡能力和大肌肉力量的机会，同时孩子们在游戏过程可以给孩子们提机会练习孩子们的应变能力和团队合作能力。,,,published,2025-01-06 09:07:13,2025-01-06 03:43:17,2025-01-06 09:07:12,NULL,"{""id"": 1, ""code"": ""DNI00""}","[{""id"": 1301, ""label"": ""2025 K2 Debi Gliori""}]",NULL,[],[]
289020,album,December Week 5: Passing Ball,"Learning Objectives: 

1. Foster perceptual gross and fine motor development

The children were given the opportunity to pass a ball to each other while listening to music, fostering both gross and fine motor development. The rhythmic beats helped improve their timing and coordination, while passing the ball encouraged hand-eye coordination, balance, and spatial awareness. 

Date of activity: 30 December 2024 to 3 January 2025",,,published,2025-01-06 04:33:31,2025-01-06 04:33:23,2025-01-06 04:33:30,NULL,"{""id"": 10, ""code"": ""DTE01""}","[{""id"": 1311, ""label"": ""2025 Playgroup Michael Rosen""}]",NULL,[],[]
289021,album,First Sportball Class (2 January 2025),First Sportball class of N2 children with Coach Art,,,published,2025-01-06 05:11:23,2025-01-06 05:11:08,2025-01-06 05:11:22,NULL,"{""id"": 10, ""code"": ""DTE01""}","[{""id"": 1314, ""label"": ""2025 Nursery 2 Eric Carle""}]",NULL,[],[]
289022,album,First SMART Science Class (2 January 2025),First Science class of N2 children with Teacher Nani.,,,published,2025-01-06 05:14:40,2025-01-06 05:14:32,2025-01-06 05:14:40,NULL,"{""id"": 10, ""code"": ""DTE01""}","[{""id"": 1314, ""label"": ""2025 Nursery 2 Eric Carle""}]",NULL,[],[]
289023,post,Things We Do as a Family ,"As part of our Term 1 topic, the children are learning about ""Things We Do as a Family."" We started by reading a book titled ""Kevin and His Dad"" by Irene Smalls, where Kevin spends time doing various activities with his dad, such as cleaning the house, fixing the faucet, and playing a race.

After the story reading, the children took turns picking a family-related object or image and shared what they did with their families. This sharing allowed the children to realize that the same activity can be done differently in different families. For instance, one child shared that she celebrated Christmas by decorating a Christmas tree with her parents, while others celebrated it by hosting a house party. Thus, the children are beginning to understand that families have unique ways of spending time together, even while engaging in similar activities.

In the weeks to come, the children will continue to build their knowledge on this topic and explore what they would like to learn more about!",,,draft,2025-01-08 00:15:12,2025-01-06 05:18:16,2025-01-08 00:15:12,NULL,"{""id"": 1, ""code"": ""DNI00""}","[{""id"": 1300, ""label"": ""2025 K1 David McKee""}]",NULL,[],[]
289024,album,December Week 5: Weekly Highlight,Parachute game!,,,published,2025-01-06 05:36:22,2025-01-06 05:36:05,2025-01-06 05:36:22,NULL,"{""id"": 20, ""code"": ""TMJ""}","[{""id"": 1402, ""label"": ""2025 N1 Kelly""}]",NULL,[],[]
289025,album,December week 5,Activities of the week!,,,published,2025-01-06 05:41:12,2025-01-06 05:40:29,2025-01-06 05:41:12,NULL,"{""id"": 20, ""code"": ""TMJ""}","[{""id"": 1402, ""label"": ""2025 N1 Kelly""}]",NULL,[],[]
289026,album,烟花,老师准备了油、水、食用色素和容器，邀请孩子一起用这些材料制作烟花。孩子将食用色素，慢慢滴到装有油和水的容器中。然后观察颜料的变化，欣赏容器中各种不同颜色的“烟花。”,,,published,2025-01-06 05:47:30,2025-01-06 05:47:09,2025-01-06 05:59:07,NULL,"{""id"": 18, ""code"": ""OMB01""}","[{""id"": 1285, ""label"": ""2025 N2 Eric Carle""}]",NULL,[],[]
289028,album,圣诞节庆祝活动,在过去的圣诞节庆祝活动，孩子们一起聆听了圣诞节由来的故事。此外，我们还一起进行了一系列具有圣诞节元素的活动。,,,published,2025-01-06 05:58:46,2025-01-06 05:58:31,2025-01-06 05:58:46,NULL,"{""id"": 18, ""code"": ""OMB01""}","[{""id"": 1285, ""label"": ""2025 N2 Eric Carle""}]",NULL,[],[]
289033,album,听听动物的声音,"按一下，听听看！
是什么动物的叫声呀～
有猴子、大象、小狗、猫咪、还有大狮子！",,,draft,2025-01-06 06:10:22,2025-01-06 06:10:18,2025-01-06 06:10:21,NULL,"{""id"": 18, ""code"": ""OMB01""}","[{""id"": 1283, ""label"": ""2025 Playgroup Emma Dodd""}]",NULL,[],[]
289034,album,Term 4 Revision Week 6: Preparing our Journals and Black Books!,"Objectives: 
1) Children will be able to share about the journals and black book
2) Children will be able to peel off and paste sticker labels appropriately

This week, the children prepared their journal and black books for the new year 2025! The children were given two ‘Black Books’, one with the label ‘Journal’ on the cover and the other is called ‘Black Book’. 
They were informed about the differences between these two books, one is for Journal Entry, the other is for daily use in school, and only the Jounral book would be brought home.
The children were encouraged to peel their name sticker labels and paste them onto a  suitable spot on their books - making sure not to cover any wordings or logos with their sticker labels. After which, they wrote their names down too!

Date of activity: 30 - 31 December 2024 ",,,published,2025-01-06 06:12:09,2025-01-06 06:11:28,2025-01-06 06:12:09,NULL,"{""id"": 10, ""code"": ""DTE01""}","[{""id"": 1315, ""label"": ""2025 Kindergarten 1 Darwin""}]",NULL,[],[]
289035,album,January Week 1: Music Medley Lesson,"Today marked the first Music Medley lesson of 2025, and we are thrilled to share that the children had an engaging and delightful experience!

In today’s session, they explored a variety of musical instruments, discovering their unique sounds and learning how to play them to different melodies and tunes. It was wonderful to see the children’s creativity come to life as they participated in the music lesson.

We are excited to continue this musical journey with them and look forward to more fun and enriching lessons ahead!

Date of activity: 6 January 2025",,,published,2025-01-06 06:23:01,2025-01-06 06:20:07,2025-01-08 11:33:22,NULL,"{""id"": 10, ""code"": ""DTE01""}","[{""id"": 1311, ""label"": ""2025 Playgroup Michael Rosen""}]",NULL,[],[]
289036,album,这是谁？,教师引导幼儿一起辨认地上的照片，指出哪一个是自己，并学着老师说：“这是我！”请幼儿辨认其他同伴的照片，并说说分别他或她是谁，跟老师一起学说朋友的华文名字，随后将自己的照片贴在课室里。,,,published,2025-01-06 06:20:56,2025-01-06 06:20:14,2025-01-06 06:20:55,NULL,"{""id"": 16, ""code"": ""MBS""}","[{""id"": 1379, ""label"": ""2025 Nursery 1 Grace""}]",NULL,[],[]
289039,album,冻彩色冰块,教师引导幼儿观察老师的倒水步骤，将大盆里的水舀到小格子里，尽量不让水洒出来，随后选择自己喜欢的一种或两种颜色，将蘸有颜色的棉棒插入水中搅拌，将颜色混合在一起，观察颜色变化，并学说：这是红色、我要红色等。,,,published,2025-01-06 06:26:13,2025-01-06 06:23:50,2025-01-06 06:26:13,NULL,"{""id"": 16, ""code"": ""MBS""}","[{""id"": 1379, ""label"": ""2025 Nursery 1 Grace""}]",NULL,[],[]
289042,album,小蛇身体涂色,教师鼓励幼儿尝试穿上防护服，右手握住画笔，左手按住纸张，蘸取自己喜欢的颜料，将笔按在纸上，握住笔向前滑动或转圈或点点，将纸张涂满。,,,published,2025-01-06 06:33:14,2025-01-06 06:32:45,2025-01-07 05:38:26,NULL,"{""id"": 16, ""code"": ""MBS""}","[{""id"": 1379, ""label"": ""2025 Nursery 1 Grace""}]",NULL,[],[]
289043,album,游乐场活动,游乐场的快乐时光！,,,published,2025-01-06 06:36:09,2025-01-06 06:35:47,2025-01-06 06:36:09,NULL,"{""id"": 16, ""code"": ""MBS""}","[{""id"": 1379, ""label"": ""2025 Nursery 1 Grace""}]",NULL,[],[]
289044,post,亲子活动--一起聆听绘本故事《鳄鱼怕怕 牙医怕怕》,"Hi家长们好！

这个星期我们开始学习绘本《鳄鱼怕怕 牙医怕怕》。这是一个发生在牙医和鳄鱼间的故事。鳄鱼牙疼去看牙医，而牙医对这个特殊的病人内心也同样满是恐惧。该绘本以完全一致的心理活动来展示两个不同角色在此时此地的真实心情。您可以参考以下网址来阅读电子故事，并与您的孩子一起分享故事内容。
请点击：https://youtu.be/OSm-0wBui_w 。
",,https://youtu.be/OSm-0wBui_w 。,published,2025-01-06 06:47:56,2025-01-06 06:47:54,2025-01-06 06:47:55,NULL,"{""id"": 5, ""code"": ""DTH01""}","[{""id"": 1407, ""label"": ""2025 Nursery 2 Reflectors""}]",NULL,[],[]
289046,album,2025年一月第二周，认识朋友与自我认识·。,今天老师把孩子照片放在新年的照片，让孩子互相认识。,,,published,2025-01-06 07:22:50,2025-01-06 07:22:37,2025-01-22 00:04:18,NULL,"{""id"": 10, ""code"": ""DTE01""}","[{""id"": 1310, ""label"": ""2025 Infant Mozart""}]",NULL,[],[]
289063,album,December Week 3: Healthy Week ,"Learning objective:
-Foster personal care skills, hygiene and safety, healthy eating habits (hand washing, cleaning up, eating a variety of food, etc)

As part of our healthy week activities, the N1 children took. A walk around the mall to explore healthy and unhealthy food options. They spotted many of their favourite foods and stayed curious, keeping their eyes open for all the healthier choices. 

Date of activity: 19 December 2024 ",,,published,2025-01-06 14:25:12,2025-01-06 14:25:03,2025-01-06 14:25:11,NULL,"{""id"": 10, ""code"": ""DTE01""}","[{""id"": 1312, ""label"": ""2025 Nursery 1 Lois Ehlert""}]",NULL,[],[]
289065,album,December Week 4: Christmas Games,"Learning Objective:
-Foster understanding of different cultures and regions of Christmas

Children engaged in Christmas games by finding the red nose for Rudolph and listened to the song “Rudolph the red nose reindeer”. They looked for Christmas presents wrapped in gift wraps and throw hula hoop over it. 

Date of activity: 24 December 2024 ",,,published,2025-01-06 14:35:29,2025-01-06 14:35:22,2025-01-06 14:35:29,NULL,"{""id"": 10, ""code"": ""DTE01""}","[{""id"": 1312, ""label"": ""2025 Nursery 1 Lois Ehlert""}]",NULL,[],[]
289066,post,Happy Birthday Chenran!🎉🎂,"Last week, we celebrated the first birthday of the new year as one of our friends, Chenran, turned 5 years old! The children were incredibly excited to celebrate Chenran's birthday and learned that they will each take turns hitting the 5-year-old milestone. We can’t wait to see more of the K1 children turning 5 and celebrating the milestones they are going to accomplish!",,,published,2025-01-06 15:09:48,2025-01-06 14:44:12,2025-01-06 15:09:47,NULL,"{""id"": 1, ""code"": ""DNI00""}","[{""id"": 1300, ""label"": ""2025 K1 David McKee""}]",NULL,[],[]
289074,post,华文儿歌（十二月）,"以下是幼儿们在十二月份所学习的儿歌，家长可以点击以下的儿歌链接，与幼儿们一起继续在家复习。😀

1. 一片叶子长出来
https://youtu.be/WN0TGhoKZlM?feature=shared

2. 秋天来了
https://youtu.be/n3fRIBYws0A?si=5OpS0CC2Z_CDxImo

3.健康歌
https://www.youtube.com/watch?v=Ig7aMLKJOnU

4.我们祝你圣诞快乐
https://www.youtube.com/watch?v=75kQ-0-lNss

",,,published,2025-01-08 06:07:56,2025-01-07 01:21:04,2025-01-08 06:07:55,NULL,"{""id"": 18, ""code"": ""OMB01""}","[{""id"": 1284, ""label"": ""2025 N1 Christie Matheson""}]",NULL,[],[]
289075,album,水果变变变,教师带领幼儿一起阅读绘本《水果变变变》，引导幼儿认识不同的水果，如：葡萄、橘子和香蕉。在阅读过程中，教师通过生动的故事情节，鼓励幼儿大声的和教师一起说出水果名称，并同时启发幼儿发现水果的趣味变化，激发幼儿对于水果的兴趣。,,,draft,2025-01-13 04:52:09,2025-01-07 01:23:59,2025-01-13 04:52:08,NULL,"{""id"": 18, ""code"": ""OMB01""}","[{""id"": 1284, ""label"": ""2025 N1 Christie Matheson""}]",NULL,[],[]
289076,album,我们去找食物,"教师在课室地板上以胶带分段粘贴（每段间隔约20-30公分），设计一条跳跃路线，并鼓励幼儿通过双脚跳跃的方式，逐一跳到每段胶带所在的位置，取回食物并将其放入篮子里。在活动开始前，教师向幼儿讲解游戏规则，并示范正确的双脚跳动作：双脚并拢站立，双手在身体两侧前后摆动，膝盖微蹲，脚尖用力向上蹬起，朝前方轻轻跳跃。
",,,published,2025-01-08 06:20:17,2025-01-07 01:28:34,2025-01-08 06:20:16,NULL,"{""id"": 18, ""code"": ""OMB01""}","[{""id"": 1284, ""label"": ""2025 N1 Christie Matheson""}]",NULL,[],[]
289078,album,N1 First Speech and Drama Enrichment ,"Children participated in their first Speech and Drama Enrichment that happens every Mondays, 4pm to 5pm. 

",,,published,2025-01-07 04:07:57,2025-01-07 04:07:36,2025-01-07 04:07:56,NULL,"{""id"": 10, ""code"": ""DTE01""}","[{""id"": 1312, ""label"": ""2025 Nursery 1 Lois Ehlert""}]",NULL,[],[]
289080,album,树叶印画,教师引导幼儿选择自己喜欢的大自然材料，并将其摆放在画纸上。随后，教师鼓励幼儿使用画笔蘸取水彩，在画纸上涂抹颜色。涂好颜色后，教师协助幼儿小心地移开大自然材料，呈现出独特的图案，从而完成创意作品。,,,published,2025-01-08 06:16:31,2025-01-07 04:43:16,2025-01-08 06:16:30,NULL,"{""id"": 18, ""code"": ""OMB01""}","[{""id"": 1284, ""label"": ""2025 N1 Christie Matheson""}]",NULL,[],[]
289081,album,我们一起种花,老师首先向幼儿介绍一些基本的植物种植材料，如泥土、种子和水，并鼓励幼儿仔细观察这些材料，与老师一起说出它们的名称。接着，老师引导幼儿用小勺子将泥土盛入自己的小杯子里，然后选择自己喜欢的植物种子，放入杯中后再轻轻覆盖上一层泥土。最后，老师鼓励幼儿使用浇水器为自己的植物浇水，完成种植过程，体验动手的乐趣。,,,published,2025-01-08 06:15:14,2025-01-07 04:46:57,2025-01-08 06:15:14,NULL,"{""id"": 18, ""code"": ""OMB01""}","[{""id"": 1284, ""label"": ""2025 N1 Christie Matheson""}]",NULL,[],[]
289084,album,N1 Lois Ehlert First Music Medley Enrichment,N1 Lois Ehlert children participated their first music medley class in 2025 ,,,published,2025-01-07 04:57:26,2025-01-07 04:56:40,2025-01-07 04:57:26,NULL,"{""id"": 10, ""code"": ""DTE01""}","[{""id"": 1312, ""label"": ""2025 Nursery 1 Lois Ehlert""}]",NULL,[],[]
289085,album,Music Medley First Class 2025 (6 January 2025),"Yesterday, the children had their first music class. They were introduced to different music songs and ways to express themselves in the music. ",,,draft,2025-01-07 04:58:15,2025-01-07 04:58:10,2025-01-07 04:58:45,NULL,"{""id"": 10, ""code"": ""DTE01""}","[{""id"": 1314, ""label"": ""2025 Nursery 2 Eric Carle""}]",NULL,[],[]
289091,album,十二月 第五周：抓和丢,"活动目标：为婴幼儿提供探索、互动和游戏等机会，初步培养其参与感

活动过程：
老师准备了不同形状的物品（软的、硬的、立方体、圆柱体…）鼓励小朋友通过探索认识物品的形状、触感、颜色等。小宝宝在探索过程中练习尝试向前够到物品和抓握，而年纪比较大的幼儿在过程中也可以尝试松手和丢。在探索活动中培养幼儿们的参与感。",,,published,2025-01-07 05:36:45,2025-01-07 05:28:39,2025-01-07 05:57:05,NULL,"{""id"": 10, ""code"": ""DTE01""}","[{""id"": 1310, ""label"": ""2025 Infant Mozart""}]",NULL,[],[]
289092,album,December Week 3: Exploring loose parts ,"Learning outcomes: 
- Foster curiousity and exploration in a well-planned environment with intentional interaction
- Foster fine motor development (grasping, holding to small objects, pushing small objects, pinching small objects, etc.)


The children were very excited to exploring the newly set up nature learning space. The teacher encouraged them to use their different senses to explore the materials provided. They were given opportunities to feel, shake and throw the items. 

Activity is conducted in 19 December. ",,,published,2025-01-07 05:36:22,2025-01-07 05:36:15,2025-01-07 05:36:21,NULL,"{""id"": 10, ""code"": ""DTE01""}","[{""id"": 1310, ""label"": ""2025 Infant Mozart""}]",NULL,[],[]
289098,album,十二月 第三周 健康的刷牙,"活动目标：

1.锻炼幼儿区分健康的和不健康食物的能力。
2.初步了解健康的和不健康的食物。

活动过程：

本次活动通过展示健康与不健康食物的卡片、动手操作和互动游戏，帮助幼儿初步了解并区分健康食物与不健康食物。孩子们通过分组分类、模拟浇水等方式，实际体验了健康食物的益处与不健康食物的潜在危害，同时提升了他们的观察力和动手能力。教师通过简单的讲解和提问，引导孩子们思考食物对身体的影响，鼓励他们选择健康食物，逐步培养良好的饮食习惯。与此同时，介绍刷牙歌，通过简单的歌词和节奏，初步的引导幼儿学习刷牙步骤，孩子们可以在歌声中边唱边做动作，按照歌中的提示刷上排牙、下排牙以及舌头，既让刷牙过程变得有趣，又帮助他们记住刷牙的关键动作。通过这种互动式的方式，孩子们在愉快的氛围中既学会了健康饮食的知识，又培养了良好的口腔卫生习惯。

活动日期：2024年12月16-17日",,,published,2025-01-07 05:52:37,2025-01-07 05:52:17,2025-01-07 05:52:37,NULL,"{""id"": 10, ""code"": ""DTE01""}","[{""id"": 1311, ""label"": ""2025 Playgroup Michael Rosen""}]",NULL,[],[]
289103,post,Repost of Last Week's weekly updates,"Dear parents,

A repost of last week's weekly updates just in case we have missed it!

For last week, children had their last Ready, Steady, Go with their teachers. They also drew a farewell card for Avery and revised the letter 'f' where they came up with words beginning with the letter. They were encouraged to copy write three words as well.",,,draft,2025-01-07 06:02:00,2025-01-07 06:01:34,2025-01-07 06:02:00,NULL,"{""id"": 5, ""code"": ""DTH01""}","[{""id"": 1406, ""label"": ""2025 Kindergarten 1 Inventors""}]",NULL,[],[]
289104,album,十二月 第四周 圣诞节活动,"活动目标：

1.锻炼幼儿手眼协调的能力。
2.使幼儿感受圣诞节的愉快氛围。

活动过程：

本周为圣诞主题周，小朋友们进行了丰富多彩的圣诞主题活动。活动开始时，幼儿们参与了圣诞拍照，通过穿上节日服饰、摆出有趣的姿势，孩子们在拍照过程中感受到了节日的欢乐气氛。接着，进行了圣诞聚餐，孩子们一起分享美味的食物，在餐桌上体验到了圣诞节的温馨与团圆。随后是圣诞礼物交换环节，小朋友们彼此交换小礼物，学习了分享与友爱的意义。最后，进行了一场充满乐趣的圣诞游戏活动，通过互动游戏，孩子们不仅锻炼了运动能力，还进一步感受到了节日的快乐氛围。

通过一系列的圣诞主题活动，幼儿们不仅体验了节日的欢愉，还在不同的活动中锻炼了手眼协调、肢体控制等各项技能，感受到了集体活动的乐趣和节日的温暖氛围。

活动日期：2024年12月23-27日",,,published,2025-01-07 06:05:05,2025-01-07 06:04:54,2025-01-07 06:05:04,NULL,"{""id"": 10, ""code"": ""DTE01""}","[{""id"": 1311, ""label"": ""2025 Playgroup Michael Rosen""}]",NULL,[],[]
289109,album,一月份第一周：小手碰碰交朋友,"活动目标：在常规活动互动和体验中、培养婴幼儿之间的互动
活动过程：
鼓励婴幼儿彼此关注和互动，老师将婴幼儿趴在柔软安全的垫子上，让他们面对面趴着。老师示范用轻柔的动作拍拍婴幼儿的小手，并说：“拍拍小手，交个朋友。”然后轻轻引导婴幼儿用手碰触其他幼儿的小手，微笑着鼓励他们互相看一看或微笑回应。如果有婴幼儿主动伸手碰触别人，老师及时表扬并用语言描述：“哇，你在和朋友打招呼！”在整个过程中，老师保持轻柔语气和微笑，让婴幼儿感受到安全和信任。
月龄较大的幼儿，老师鼓励幼儿通过分享玩具和轻触同伴小手或小脚等方式表达友好，并及时表扬他们的积极互动行为，以促进社交能力的发展。",,,published,2025-01-07 06:36:45,2025-01-07 06:36:36,2025-01-07 06:36:44,NULL,"{""id"": 10, ""code"": ""DTE01""}","[{""id"": 1310, ""label"": ""2025 Infant Mozart""}]",NULL,[],[]
289124,album,Joanna's Birthday Celebration,"On the 28th of December 2024, Joanna celebrated her birthday along with her family, friends and teachers.
This was the final celebration for N2 Darwin, and we look forward to having many more birthday celebrations this year!

Thank you Joanna for the yummy birthday cake from Prima Deli!",,,published,2025-01-07 12:37:40,2025-01-07 12:37:38,2025-01-07 12:37:39,NULL,"{""id"": 10, ""code"": ""DTE01""}","[{""id"": 1315, ""label"": ""2025 Kindergarten 1 Darwin""}]",NULL,[],[]
289125,album,开学第一周,"活动目标：
1. 鼓励幼儿养成每日签到的好习惯。
2. 提升幼儿书写自己的名字的能力。


活动介绍：
      开学啦！今年开始每位小朋友都有一份属于自己的日历，这也是每天的签到表。到学校后，小朋友会拿出日历，在当天的日期上写下自己的名字作为签到。写好后，他们会把日历放进袋子里，再放回自己的柜子。

       这是新学期开始的小小仪式，也帮助大家更好地养成好习惯！",,,published,2025-01-07 13:51:20,2025-01-07 13:51:04,2025-01-07 13:51:20,NULL,"{""id"": 10, ""code"": ""DTE01""}","[{""id"": 1315, ""label"": ""2025 Kindergarten 1 Darwin""}]",NULL,[],[]
289127,album,Not A Box! (Drawing),"The children read the story Not a Box! by Antoinette Portis, where a small rabbit transforms an ordinary box into extraordinary adventures, from a mountain to a rocket ship, showing that imagination has no limits. Inspired by the story, the children used their creativity to turn their own boxes into imaginative pictures. They then presented their artwork to their friends, sharing their creative drawings and explaining the ideas behind their creations.",,,draft,2025-01-13 05:29:05,2025-01-07 14:06:52,2025-01-13 05:29:04,NULL,"{""id"": 1, ""code"": ""DNI00""}","[{""id"": 1301, ""label"": ""2025 K2 Debi Gliori""}]",NULL,[],[]
289128,album,Smart Science Lab (Enrichment Class),"In the Smart Science Lab enrichment class, the children explored the digestive system, learning how the body processes food. They also conducted a hands-on experiment to visualize digestion, making the lesson interactive and engaging.",,,draft,2025-01-07 23:07:28,2025-01-07 14:09:47,2025-01-07 23:07:27,NULL,"{""id"": 1, ""code"": ""DNI00""}","[{""id"": 1301, ""label"": ""2025 K2 Debi Gliori""}]",NULL,[],[]
289130,album,K2预备期W6活动,"这周，子微分享了她近期在几个不同的室内游乐场玩乐的经历。许恩看到她分享的照片上有自己在玩的情景，就开心地和子微一起向大家描述了她、丽丽、子微三个人一起玩的经历。由此，大家一起回顾了在K2预备期的几个星期里，小朋友们旅行度假、庆祝生日、节日，以及在玩学习角的活动中，学习到的新玩具的玩法，小朋友们觉得这个K2预备期，大家都有成长和学习。
当老师介绍K2要面临的挑战时，如：学说完整的华语句子、学习正确地写字，还要听写一些简单的华语字等，小朋友们都信心满满地说：“我们可以做到！”
此外，小朋友们还完成了“小书筒”的制作，为我们在新学期要绘制的小书做好了准备。",,,published,2025-01-07 14:45:55,2025-01-07 14:45:47,2025-01-07 14:45:54,NULL,"{""id"": 5, ""code"": ""DTH01""}","[{""id"": 1405, ""label"": ""2025 Kindergarten 2 Risk-Takers""}]",NULL,[],[]
289135,post,First lesson of the Smart Science Lab ,"In the first lesson of the Smart Science Lab, the children experienced how scented candles are made. As part of the Spring Science topic, the teacher engaged the children's senses by inviting them to smell and explore the various spring-inspired scents. It was evident that the children enjoyed their first science class, and more hands-on learning experiences will follow as they gradually familiarize themselves with the class.",,,draft,2025-01-09 23:44:12,2025-01-07 15:30:30,2025-01-09 23:44:11,NULL,"{""id"": 1, ""code"": ""DNI00""}","[{""id"": 1300, ""label"": ""2025 K1 David McKee""}]",NULL,[],[]
289140,post,Our 3D Mind Map,"Building on the Talking Tub activity from Monday, the children created a three-dimensional mind map of things they do with their families. They placed and connected items to visually represent family life.

As the items from the Talking Tub were limited, some children suggested taking down their family photos from the Family Corner to showcase the activities they do with their families. For example, some photos showed meals with parents, others depicted celebrations, and some were captured from overseas trips. These activities were categorized into groups such as celebrations, travelling, and day-to-day routines like eating and so on. Therefore, this activity enabled the children to better understand what they already know and encouraged them to think about what they would like to learn and explore further.",,,draft,2025-01-09 23:48:01,2025-01-07 15:40:45,2025-01-09 23:48:00,NULL,"{""id"": 1, ""code"": ""DNI00""}","[{""id"": 1300, ""label"": ""2025 K1 David McKee""}]",NULL,[],[]
289145,album,First English Speech and Drama class (7 January 2025),First Science class of N2 children with Teacher Ashraf.,,,published,2025-01-07 20:48:18,2025-01-07 20:48:14,2025-01-07 20:48:18,NULL,"{""id"": 10, ""code"": ""DTE01""}","[{""id"": 1314, ""label"": ""2025 Nursery 2 Eric Carle""}]",NULL,[],[]
289146,album,K2 Potter's Weekly Photos - January 6th to January 10th,"Here are some of the photos we managed to snap of the little ones this week! Having a blast in their first Octaves Music lesson, participating in some physical fun and taking on roles as treasure hunters in Julia Gabriel!",,,published,2025-01-08 05:50:14,2025-01-07 23:33:08,2025-01-08 12:16:34,NULL,"{""id"": 20, ""code"": ""TMJ""}","[{""id"": 1432, ""label"": ""2025 K2 Potter""}]",NULL,[],[]
289147,album,Weekly Highlight: Term 1 Week 1!,"This week, the K2s embarked on a new topic in focus, My Talents and Abilities! We had an interesting Talking Tub session where the children explored with different items representing talents and abilities.",,,published,2025-01-07 23:39:43,2025-01-07 23:39:01,2025-01-07 23:39:43,NULL,"{""id"": 20, ""code"": ""TMJ""}","[{""id"": 1432, ""label"": ""2025 K2 Potter""}]",NULL,[],[]
289148,album,Christmas Throwback! 🎄,Sapphire was looking good in her Christmas outfit! The teacher put a headband on her and took some photos with the decorations. She was engaged with books and activities. ,,,draft,2025-01-13 10:35:40,2025-01-08 04:10:54,2025-01-13 10:35:39,NULL,"{""id"": 16, ""code"": ""MBS""}","[{""id"": 1376, ""label"": ""2025 Infant Joy""}]",NULL,[],[]
289150,album,Wigglepods Enrichment,"It was their first day of wigglepods this year! The children were introduced to various activities involving music and shaking the shakers to the rhythm. They also explored different ways of using the shakers, like rolling, tapping it on their head, shoulder, knees and toes. 

Additionally, they were introduced to the rainbow parachute, where they held on the side of the parachute and held it upwards, then flapped it downwards to the beat of the music. ",,,draft,2025-01-08 04:16:28,2025-01-08 04:16:13,2025-01-08 04:16:28,NULL,"{""id"": 1, ""code"": ""DNI00""}","[{""id"": 1295, ""label"": ""2025 PG Rod Campbell""}]",NULL,[],[]
289153,album,《身体找朋友》,老师投放做好的五官匹配的教具，邀请小朋友们一起来玩匹配游戏。小朋友们在找寻相同身体部位图片的过程中，不仅认识了身体部位，同时还练习了手部精细动作。我们一起来看一看他们的活动过程吧。,,,draft,2025-01-08 05:06:21,2025-01-08 05:06:17,2025-01-08 10:52:08,NULL,"{""id"": 1, ""code"": ""DNI00""}","[{""id"": 1295, ""label"": ""2025 PG Rod Campbell""}]",NULL,[],[]
289154,album,Sticks rescue activity,"To develop their fine motor skills, the children were invited to peel off the tape that was taped to the ice cream sticks. It was amazing to see the children trying their best and using different ways to peel the tape off. Through this activity, it helps to strengthen the children's pincer grip and improve their dexterity as they practice peeling and lifting off the tape.",,,draft,2025-01-08 05:08:35,2025-01-08 05:08:24,2025-01-08 05:08:34,NULL,"{""id"": 1, ""code"": ""DNI00""}","[{""id"": 1295, ""label"": ""2025 PG Rod Campbell""}]",NULL,[],[]
289155,album,精彩活动：第一学期 第一周,请家长们查阅本周精彩活动！,,,published,2025-01-08 05:14:37,2025-01-08 05:14:01,2025-01-08 05:14:37,NULL,"{""id"": 20, ""code"": ""TMJ""}","[{""id"": 1432, ""label"": ""2025 K2 Potter""}]",NULL,[],[]
289159,album,Maneuvering along the zig zag line,"Maneuvering a ball along a taped line is an excellent way for young children to develop crucial gross motor skills. This activity enhances hand-eye coordination, as children must focus on controlling the ball while keeping it on the line. It also improves balance and spatial awareness as they move around the ball, adjusting their body position to guide it. 

Additionally, it encourages concentration, by gently pushing the ball, this fun exercise lays the foundation for more advanced motor skills while fostering active play.",,,published,2025-01-11 07:17:51,2025-01-08 05:53:05,2025-01-11 07:17:51,NULL,"{""id"": 1, ""code"": ""DNI00""}","[{""id"": 1296, ""label"": ""2025 N1 Giles Andreae""}]",NULL,[],[]
289162,album,Wigglepods 7th January,"In the first Wigglepods class for the year, children engage in various tunes as they dance and sing along to fast and slow music. Watch them in action in the videos attached!",,,published,2025-01-11 07:23:53,2025-01-08 05:57:04,2025-01-11 07:23:53,NULL,"{""id"": 1, ""code"": ""DNI00""}","[{""id"": 1296, ""label"": ""2025 N1 Giles Andreae""}]",NULL,[],[]
289169,album,圣诞节装扮,快来看看幼儿们在圣诞节庆祝会上的美丽穿搭吧！,,,published,2025-01-08 06:32:24,2025-01-08 06:32:14,2025-01-08 06:32:24,NULL,"{""id"": 18, ""code"": ""OMB01""}","[{""id"": 1284, ""label"": ""2025 N1 Christie Matheson""}]",NULL,[],[]
289172,album,Fun Friday,"Fun Friday主题活动—《Winter Wonderland》。幼儿们根据主题精心打扮，展现了各自独特的冬日风采。
快来一起看看他们的创意穿搭吧！
",,,published,2025-01-08 06:35:23,2025-01-08 06:35:13,2025-01-08 06:35:22,NULL,"{""id"": 18, ""code"": ""OMB01""}","[{""id"": 1284, ""label"": ""2025 N1 Christie Matheson""}]",NULL,[],[]
289175,album,January Week 1: Morning Greetings ,"Learning Objectives:
-Foster interactions, attachment and relationship with adult and children 

Children began each day by singing the ""Good Morning"" song and they were encouraged sing the ""Peekaboo"" Song while looking for friends who are in school or at home at the attendance chart. 

Date of activity: 
8 January 2025",,,published,2025-01-08 09:49:21,2025-01-08 07:13:29,2025-01-08 09:49:21,NULL,"{""id"": 10, ""code"": ""DTE01""}","[{""id"": 1312, ""label"": ""2025 Nursery 1 Lois Ehlert""}]",NULL,[],[]
289186,album,Talking tub - my body,"As a kick start to the term, the children were engaged in a talking tub activity where they were provided with items and pictures that prompted conversations and sharing. With the topic of the term being ""Who am I,"" the children explored the items in the tub such as perfume, teddy bear, biscuits, sunglasses, and so on. They then discussed with each other and shared with the teacher about which body parts are used to interact with these materials. ",,,draft,2025-01-08 10:11:04,2025-01-08 09:53:07,2025-01-08 10:11:04,NULL,"{""id"": 1, ""code"": ""DNI00""}","[{""id"": 1298, ""label"": ""2025 N2 Eric Carle""}]",NULL,[],[]
289187,album,一月第一周活动：绘本《新年好》,一月是华人新年的月份，老师让幼儿了解华人新年的准备和习俗，一起阅读绘本《新年好》，绘本介绍华人新年要打扫，要购买年货和贴春联，还要拜年收红包，老师教幼儿怎样拜年和拜年‘’恭喜恭喜‘’的手势，幼儿认真的听老师的讲解，也很感兴趣绘本上的画作，让我们一起期待新年的到来！,,,draft,2025-01-08 10:15:34,2025-01-08 10:15:30,2025-01-08 10:15:33,NULL,"{""id"": 10, ""code"": ""DTE01""}","[{""id"": 1310, ""label"": ""2025 Infant Mozart""}]",NULL,[],[]
289188,album,周活动 -- 第一学期第一周,"06/01 -- 10/01/2025

这里是本周孩子们在课堂上的精彩画面：大家拿着手电筒积极的要帮同伴检查是否有蛀牙；扮演鳄鱼和牙医，情景再现《鳄鱼怕怕，牙医怕怕》的故事情节，孩子们玩的很开心！

同时，这里也有孩子们参加课外活动的精彩瞬间，请您查收！
",,,published,2025-01-08 10:21:23,2025-01-08 10:20:45,2025-01-08 10:33:33,NULL,"{""id"": 20, ""code"": ""TMJ""}","[{""id"": 1371, ""label"": ""2025 N2 Donaldson""}]",NULL,[],[]
289190,album,精彩活动 -- 第一学期第一周,"06/01 -- 10/01/2025

本周是N2 Donaldson 第一学期第一周,本周的主要内容是：师生共读绘本《鳄鱼怕怕，牙医怕怕》，幼儿能安静地听故事，并根据绘本封面猜测故事内容。鳄鱼怕什么？牙医怕什么？如果不想看到牙医应该怎么办？同时我们也开始认识基本的情绪：高兴、伤心、害怕、生气 ；学习儿歌 《鳄鱼怕怕，牙医怕怕》。",,,published,2025-01-08 10:50:49,2025-01-08 10:50:07,2025-01-09 05:54:54,NULL,"{""id"": 20, ""code"": ""TMJ""}","[{""id"": 1371, ""label"": ""2025 N2 Donaldson""}]",NULL,[],[]
289191,album,January Week 1: 1st SportsBall Lesson,"Today, the children had their first SportsBall session, filled with exciting activities! They started with a warm-up, practiced running around cones, and enjoyed catching and throwing colorful ""popcorns"" into a basket.

The children were introduced to soccer, where they practiced kicking the ball and throwing it through a hula hoop. The session ended with tidying up the equipment and receiving a sticker for their effort.

Everyone was fully engaged and had a fantastic time exploring these activities.

Date of activity: 8 January 2025",,,published,2025-01-08 11:33:09,2025-01-08 11:28:14,2025-01-08 11:33:09,NULL,"{""id"": 10, ""code"": ""DTE01""}","[{""id"": 1311, ""label"": ""2025 Playgroup Michael Rosen""}]",NULL,[],[]
289198,album,精彩活动 一月第一周 情绪娃娃,"老师播放儿歌《情绪歌》，鼓励幼儿先聆听儿歌里面的所唱到的心情，尝试辨认心情，然后老师提供情绪娃娃手偶，请幼儿尝试用手偶来表达在此心情时会怎么样。
    通过活动培养幼儿对成人的信任感，从而实现婴幼儿有强烈的自我认同感[依恋、关系、幸福健康、自我概念、共享式注意力",,,published,2025-01-10 05:24:33,2025-01-08 13:49:45,2025-01-10 13:03:26,NULL,"{""id"": 20, ""code"": ""TMJ""}","[{""id"": 1402, ""label"": ""2025 N1 Kelly""}]",NULL,[],[]
289199,album,开心户外,小朋友拉着圆圈，跟随着音乐边唱歌边走路。我们一起走过花园，观察小路旁的花草树木，时常会听到鸟鸣，树叶沙沙声。我们一起寻找声音的来源，去观察和认识大自然，感受大自然的美。在户外一起奔跑和追逐中，体会自由的快乐。同时，促进幼儿的身体协调能力和社交能力。                                                                                                 ,,,draft,2025-01-08 13:54:45,2025-01-08 13:54:41,2025-01-08 13:59:37,NULL,"{""id"": 1, ""code"": ""DNI00""}","[{""id"": 1295, ""label"": ""2025 PG Rod Campbell""}]",NULL,[],[]
289201,album,一月 第一周 活动集锦,这是本周部分活动的照片，请浏览！,,,published,2025-01-10 05:23:52,2025-01-08 14:09:17,2025-01-10 05:23:51,NULL,"{""id"": 20, ""code"": ""TMJ""}","[{""id"": 1402, ""label"": ""2025 N1 Kelly""}]",NULL,[],[]
289213,album,体育课外课,这是体育课外课的部分照片，请浏览！,,,published,2025-01-10 05:22:48,2025-01-09 00:01:20,2025-01-10 05:22:48,NULL,"{""id"": 20, ""code"": ""TMJ""}","[{""id"": 1402, ""label"": ""2025 N1 Kelly""}]",NULL,[],[]
289215,album,音乐课外课,这是音乐课外课的部分照片，请浏览！,,,published,2025-01-10 05:22:21,2025-01-09 00:05:47,2025-01-10 05:51:09,NULL,"{""id"": 20, ""code"": ""TMJ""}","[{""id"": 1402, ""label"": ""2025 N1 Kelly""}]",NULL,[],[]
289216,album,新学年-彩旗制作,"活动目标：
1.幼儿能够利用艺术材料制作彩旗。
2.幼儿能够尝试使用分享自己的绘画内容。

活动介绍：
我们一起选择喜欢的彩旗，并在上面绘画自己觉得美好的事物，有的幼儿绘画了彩虹;有的幼儿画了汽车；有的幼儿画了玩具等。绘画完成，我们一起装饰了蓝色屋子的新年背景图。",,,published,2025-01-11 08:47:58,2025-01-09 00:05:49,2025-01-11 08:47:58,NULL,"{""id"": 10, ""code"": ""DTE01""}","[{""id"": 1316, ""label"": ""2025 Kindergarten 2 Elgar""}]",NULL,[],[]
289217,album,新学年 ‐我的新年愿望,"活动目标：
1.幼儿能够和朋友一起合作绘制""新年愿望""的卷轴画。
2.幼儿能够选择自己喜欢的绘画工具和彩纸进行创作。

活动介绍：
教师和幼儿一起讨论话题：“新的一年到了，你的新年愿望是什么？”孩子们各抒己见，有的说：“我的新年愿望是去迪士尼乐园”；有的幼儿说“我的新年愿望是去坐飞机玩”；还有的幼儿说“希望2025年可以长高”等。在大家分享结束后，我们鼓励幼儿选择自己喜欢的材料把自己的新年愿望记录在彩纸上，最后大家一起剪切粘贴愿望卡片。

在此过程中，我们学习了字词：新年、愿望、二零二五年、希望。",,,published,2025-01-11 08:43:46,2025-01-09 00:11:32,2025-01-11 08:43:46,NULL,"{""id"": 10, ""code"": ""DTE01""}","[{""id"": 1316, ""label"": ""2025 Kindergarten 2 Elgar""}]",NULL,[],[]
289221,album,华文演绎课,"首先，老师先鼓励幼儿认识不同的动物，学习句式：‘’你好＿＿＿。‘’
过程中，鼓励幼儿喂食动物，学习句式：‘’河马河马，请你吃＿＿＿＿。‘’ 鼓励幼儿说出一些简单的食物名称并套入句子，练习说短句。
最后和动物们道别时，再鼓励幼儿学习式：‘’再见＿＿＿。‘’

老师还有教导幼儿一起唱《我的朋友在哪里》和《过新年》儿歌。",,,draft,2025-01-09 05:30:49,2025-01-09 02:48:41,2025-01-09 05:30:48,NULL,"{""id"": 18, ""code"": ""OMB01""}","[{""id"": 1284, ""label"": ""2025 N1 Christie Matheson""}]",NULL,[],[]
289236,album,第一学期第一周精彩活动,"Objective(s)/目标:
幼儿能根据教师的口令参与游戏并完成任务。
幼儿能将袋子套在脚上模仿袋鼠跳。
",,,published,2025-01-09 05:38:03,2025-01-09 05:37:37,2025-01-09 05:38:03,NULL,"{""id"": 20, ""code"": ""TMJ""}","[{""id"": 1433, ""label"": ""2025 K2 Robinson""}]",NULL,[],[]
289237,album,January Week 1 Weekly Highlight: Puzzle with Friends!,"Objectives: Foster math concepts through free exploration

Children were provided with a puzzle where each shape piece covers a picture of a peer or teacher. Some of the puzzle pieces also have pictures of peers or teachers on their undersides. As the children lift the puzzle pieces, they were encouraged to observe the pictures underneath, match them to the shapes, and name or point to the respective friend or teacher. Some of them love to hold on to their respective puzzles that have their individual faces. ",,,published,2025-01-10 06:11:31,2025-01-09 05:40:52,2025-01-10 06:11:31,NULL,"{""id"": 20, ""code"": ""TMJ""}","[{""id"": 1395, ""label"": ""2025 PG Kale""}]",NULL,[],[]
289241,album,January Week 1 Photo Album,"6 Jan - 10 Jan

Enjoy the photos! (:",,,published,2025-01-10 06:11:52,2025-01-09 05:50:10,2025-01-10 06:11:51,NULL,"{""id"": 20, ""code"": ""TMJ""}","[{""id"": 1395, ""label"": ""2025 PG Kale""}]",NULL,[],[]
289248,album,一个黑色的圆点可以是……,在幼儿阅读绘本故事《点》之后，老师鼓励幼儿发挥想象力尝试画出一个黑色的圆点可以成为什么。鼓励幼儿写出句子。,,,draft,2025-01-09 05:54:33,2025-01-09 05:54:30,2025-01-09 05:54:32,NULL,"{""id"": 18, ""code"": ""OMB01""}","[{""id"": 1288, ""label"": ""2025 K2 Peter H.Reynolds""}]",NULL,[],[]
289252,post,神奇食物力量大,"这是幼儿们这周学习的儿歌，家长们可以在家和幼儿一起练习。

",,https://youtu.be/8M8fT9sVpB8?si=3NUAdvmb7LELjD8m,draft,2025-01-09 05:57:07,2025-01-09 05:57:04,2025-01-09 05:57:07,NULL,"{""id"": 18, ""code"": ""OMB01""}","[{""id"": 1284, ""label"": ""2025 N1 Christie Matheson""}]",NULL,[],[]
289254,album,创意画,在幼儿阅读绘本故事《点》之后，鼓励幼儿像故事的主人公一样随便画一点看看会画出什么，鼓励幼儿发挥自己的想象力进行创作。,,,draft,2025-01-09 05:57:30,2025-01-09 05:57:27,2025-01-09 05:57:30,NULL,"{""id"": 18, ""code"": ""OMB01""}","[{""id"": 1288, ""label"": ""2025 K2 Peter H.Reynolds""}]",NULL,[],[]
289260,post, 第一学期绘本故事《菲菲生气了》,"故事简介：
《菲菲生气了》讲述了：“小时候，每当我气极了的时候，就会觉得自己像是世界的中心点，是座一触即发的火山。那种想要爆发、即将爆发、又怕爆发的状态，是一种很可怕的感觉！”作者莫莉·卞在回忆自己童年经验时这么说。基于这样的回忆，她创作出了《菲菲生气了——非常、非常的生气》。",,,draft,2025-01-09 06:01:21,2025-01-09 06:01:18,2025-01-09 06:01:20,NULL,"{""id"": 1, ""code"": ""DNI00""}","[{""id"": 1300, ""label"": ""2025 K1 David McKee""}]",NULL,[],[]
289268,album,分享我喜欢的食物,在十二月份小朋友们学习和了解了多吃健康的食物对我们身体的好处以及吃不健康的食物对我们的影响，鼓励幼儿分享自己喜欢吃的食物和原因。,,,draft,2025-01-09 06:08:15,2025-01-09 06:08:12,2025-01-09 06:08:15,NULL,"{""id"": 18, ""code"": ""OMB01""}","[{""id"": 1288, ""label"": ""2025 K2 Peter H.Reynolds""}]",NULL,[],[]
289269,album,圣诞节美术作品,在庆祝圣诞节时，老师来鼓励幼儿制作圣诞节的装饰品。,,,draft,2025-01-09 06:11:01,2025-01-09 06:10:56,2025-01-09 06:11:00,NULL,"{""id"": 18, ""code"": ""OMB01""}","[{""id"": 1288, ""label"": ""2025 K2 Peter H.Reynolds""}]",NULL,[],[]
289270,album,聆听欣赏故事《菲菲生气了》,"老师阅读故事《菲菲生气了》，请小朋友们聆听故事，理解故事内容。

聆听故事的过程中，老师请小朋友们做出生气的表情或者动作。同时分享一下自己会因为什么事情或者什么时间生气？生气的时候会做些什么？大家都很积极的分享自己的“生气小故事”。
“爸爸妈妈讲我的时候会生气。”
“妹妹拿我的玩具我会生气。”
“妈妈没有给我饼干会生气。”
“和哥哥因为衣服生气。”
......

",,,draft,2025-01-09 06:11:16,2025-01-09 06:11:12,2025-01-09 06:11:16,NULL,"{""id"": 1, ""code"": ""DNI00""}","[{""id"": 1300, ""label"": ""2025 K1 David McKee""}]",NULL,[],[]
289273,album,Fun Friday ,谢谢家长朋友们为幼儿精心打扮！她们都很可爱:),,,draft,2025-01-09 06:18:12,2025-01-09 06:18:09,2025-01-09 06:18:12,NULL,"{""id"": 18, ""code"": ""OMB01""}","[{""id"": 1288, ""label"": ""2025 K2 Peter H.Reynolds""}]",NULL,[],[]
289274,album,2025年愿望,在新的一年开始之际，老师鼓励幼儿来思考在新的一年自己的目标以及想要实现的愿望。,,,draft,2025-01-09 06:21:37,2025-01-09 06:21:34,2025-01-09 06:21:36,NULL,"{""id"": 18, ""code"": ""OMB01""}","[{""id"": 1288, ""label"": ""2025 K2 Peter H.Reynolds""}]",NULL,[],[]
289278,post,焦点绘本：《奥莉薇》,"本周是第一学期的第一周，孩子们展开了围绕新绘本《奥莉薇》的学习活动，奥莉薇是一只性格独特的小猪，就像生活中的孩子一样，她十分的好动，她会做很多事，同时她也喜欢妈妈带她去参观博物馆，希望你们在日常生活的过程中带幼儿去他们想去的地方从而增长他们的见识。在家里您可以请幼儿将他们的所见所闻用文字或者绘画的形式记录下来。
在这周幼儿们学习和认识了词语：下大雨、堆沙堡、睡午觉、晒太阳、美术馆。你们可以与幼儿在家一起复习，谢谢！",,https://youtu.be/o68Z7yFGrBg?feature=shared,published,2025-01-09 06:30:17,2025-01-09 06:30:15,2025-01-09 06:30:17,NULL,"{""id"": 18, ""code"": ""OMB01""}","[{""id"": 1288, ""label"": ""2025 K2 Peter H.Reynolds""}]",NULL,[],[]
289287,album,一月精彩相册（二）,"绘本图片排序游戏
音乐课活动
绘画活动",,,published,2025-01-09 09:11:42,2025-01-09 09:10:53,2025-01-09 09:11:41,NULL,"{""id"": 20, ""code"": ""TMJ""}","[{""id"": 1432, ""label"": ""2025 K2 Potter""}]",NULL,[],[]
289288,album,情绪脸盘,在观察了不同的情绪的五官表情之后，大家一起选择喜欢的材料来造型不同情绪的脸庞。,,,draft,2025-01-09 09:56:44,2025-01-09 09:56:34,2025-01-09 09:56:43,NULL,"{""id"": 18, ""code"": ""OMB01""}","[{""id"": 1287, ""label"": ""2025 K1 Jo Empson""}]",NULL,[],[]
289292,album,靖雯的生日派对,靖雯与朋友们一起庆祝了她的六岁生日，谢谢靖雯爸爸妈妈为小朋友们准备的蛋糕以及礼物:）让我们一起祝她生日快乐！,,,published,2025-01-09 10:48:37,2025-01-09 10:42:18,2025-01-09 10:48:37,NULL,"{""id"": 18, ""code"": ""OMB01""}","[{""id"": 1288, ""label"": ""2025 K2 Peter H.Reynolds""}]",NULL,[],[]
289295,album,Looking at nature in a different colour,"As we are exploring the topic of 'Our Body Parts', the children were invited to use see-through coloured blocks (e.g. red, blue, green, and yellow) to look at the world around them in a different colour. They showed interest in using the various coloured blocks to observe the things around them. The children were able to identify and verbalise some of the colours introduced, such as 'blue' and 'yellow', with the teacher's guidance. 

Apart from looking through the coloured blocks, the children were also encouraged to place the blocks against the light and observe the coloured light reflection shown on the floor. Good exploring PGs!",,,draft,2025-01-11 02:54:01,2025-01-09 10:53:26,2025-01-11 02:54:00,NULL,"{""id"": 1, ""code"": ""DNI00""}","[{""id"": 1295, ""label"": ""2025 PG Rod Campbell""}]",NULL,[],[]
289296,album,"'Toes, Ears, & Nose!' Storytelling","The children were introduced to the book, 'Toes, Ears, & Nose!' by Marion Dane Bauer. During the storytelling, they were encouraged to name some of the body parts shown in the book as well as identify the corresponding body parts on themselves (e.g. nose, hands, legs, feet, ears, etc.). Well done identifying your body parts, PGs!",,,draft,2025-01-11 02:53:49,2025-01-09 10:59:25,2025-01-11 02:53:48,NULL,"{""id"": 1, ""code"": ""DNI00""}","[{""id"": 1295, ""label"": ""2025 PG Rod Campbell""}]",NULL,[],[]
289303,album,Octaves 3 Program,"The children learnt about two-beat patterns and explored rhythm through hand-on practice. Using rhythm sticks, they played along to different beats, enhancing their sense of timing and coordination while engaging in a fun and interactive musical experience. ",,,draft,2025-01-13 05:28:48,2025-01-09 13:18:12,2025-01-13 05:28:48,NULL,"{""id"": 1, ""code"": ""DNI00""}","[{""id"": 1301, ""label"": ""2025 K2 Debi Gliori""}]",NULL,[],[]
289316,album,Weekly Highlight: Term 1 Week 1 (Numicon Matching Race),-,,,published,2025-01-10 05:11:13,2025-01-09 14:24:19,2025-01-10 05:11:12,NULL,"{""id"": 20, ""code"": ""TMJ""}","[{""id"": 1403, ""label"": ""2025 N2 Florence""}]",NULL,[],[]
289318,album,Term 1 Week 1 Photos: Toy Pairing Hunt,"Teacher will scatter a variety of items and children are encouraged to search for a pairing set of items, explaining how both items can be used together.",,,published,2025-01-10 05:12:50,2025-01-09 14:29:40,2025-01-10 05:12:50,NULL,"{""id"": 20, ""code"": ""TMJ""}","[{""id"": 1403, ""label"": ""2025 N2 Florence""}]",NULL,[],[]
289320,album,Term 1 Week 1 Photos: Talking Tub ,"A themed container/box filled with items or images representing body parts/senses is provided and children were encouraged to explore the items, describe what they see and make connections amongst the different items.",,,published,2025-01-10 05:11:36,2025-01-09 14:33:50,2025-01-10 05:11:35,NULL,"{""id"": 20, ""code"": ""TMJ""}","[{""id"": 1403, ""label"": ""2025 N2 Florence""}]",NULL,[],[]
289323,album,第一学期 第一周- 制作生气的脸,"活动目标：
1. 鼓励幼儿积极用华语表达自己的想法。
2. 引导幼儿通过手工创作展现自己的情绪表达能力。

活动介绍：
       这一周，老师和小朋友们一起阅读了《菲菲生气了》这本绘本，认识了“生气”的情绪。接着，大家用彩色纸制作了一张“生气脸”。小朋友们用剪刀剪出五官和头发，并学习撕双面胶，将五官贴在作品上。每一张“生气脸”都独一无二！
       下星期，小朋友们会带着自己的作品上台和朋友分享他们的“生气脸”。
",,,published,2025-01-10 15:29:03,2025-01-09 14:51:18,2025-01-10 15:29:02,NULL,"{""id"": 10, ""code"": ""DTE01""}","[{""id"": 1315, ""label"": ""2025 Kindergarten 1 Darwin""}]",NULL,[],[]
289330,post,"""Pulling and Pushing the Pipe Cleaners""","I grabbed and pulled the pipe cleaners from the straws and when my teacher prompted me to push the pipe cleaners into the straws, I slowly pushed it in and I pulled them out again. This has helped me to manipulate and control my small muscle skills

",,,published,2025-01-09 22:12:11,2025-01-09 22:12:05,2025-01-09 22:12:10,NULL,"{""id"": 1, ""code"": ""DNI00""}","[{""id"": 1302, ""label"": ""2025 Infant Karen Katz""}]",NULL,[],[]
289331,album,Weekly Highlight: Term 1 Week 1 ,"This week, the children embarked on an exciting journey to explore various items using their five senses. They touched, smelled, tasted, listened, and looked at different objects, discovering new textures, scents, flavours, sounds, and sights. After their exploration, they eagerly shared their findings with their peers and teacher, describing their sensory experiences in detail. To reinforce their learning, the children participated in a matching activity where they connected each item to pictures representing the five senses. This interactive activity not only enhanced their sensory awareness but also encouraged them to articulate their thoughts and collaborate with classmates, fostering a joyful and enriching atmosphere.",,,published,2025-01-09 22:37:45,2025-01-09 22:17:23,2025-01-09 22:37:45,NULL,"{""id"": 20, ""code"": ""TMJ""}","[{""id"": 1371, ""label"": ""2025 N2 Donaldson""}]",NULL,[],[]
289332,post,"""Fruits and Vegetables""","My teacher guided me by showing the fruits and vegetables and naming them and I busily looked and picked them up to explore. When my teacher said out the names, I pretended to eat the fruits and vegetables! 
",,,published,2025-01-09 22:23:07,2025-01-09 22:23:02,2025-01-09 22:23:07,NULL,"{""id"": 1, ""code"": ""DNI00""}","[{""id"": 1302, ""label"": ""2025 Infant Karen Katz""}]",NULL,[],[]
289333,post,"""Let's Roll!""","I used the lint roller to roll the pom poms and I saw some pom poms sticks on it! I picked the pom poms and scattered them to the floor. I tried again with a “pounding” motion to stick the pom poms again!
",,,published,2025-01-09 22:31:20,2025-01-09 22:31:14,2025-01-09 23:09:47,NULL,"{""id"": 1, ""code"": ""DNI00""}","[{""id"": 1302, ""label"": ""2025 Infant Karen Katz""}]",NULL,[],[]
289334,post,"""Pom Poms Pouring""","I explored pom poms pouring from a cup with my teacher’s guidance. When my teacher said “Pour”, I tilted my hand and poured out the pom poms and it scattered all over the place!
",,,published,2025-01-09 23:09:12,2025-01-09 23:09:06,2025-01-09 23:09:11,NULL,"{""id"": 1, ""code"": ""DNI00""}","[{""id"": 1302, ""label"": ""2025 Infant Karen Katz""}]",NULL,[],[]
289335,post,"""Sticky Tapes!""","I used my pinching skills to pinch and pull away the sticky tapes from the wall. I was able to scratch the ends of the sticky tapes and pulled them off from the wall. When the tapes gets too sticky on my hands, I asked help from my teacher. 😅
",,,published,2025-01-09 23:15:28,2025-01-09 23:15:23,2025-01-09 23:15:27,NULL,"{""id"": 1, ""code"": ""DNI00""}","[{""id"": 1302, ""label"": ""2025 Infant Karen Katz""}]",NULL,[],[]
289336,album,Weekly Album: Term 1 Week 1,Here are the photographs taken this week. ,,,published,2025-01-09 23:31:50,2025-01-09 23:19:15,2025-01-09 23:31:49,NULL,"{""id"": 20, ""code"": ""TMJ""}","[{""id"": 1371, ""label"": ""2025 N2 Donaldson""}]",NULL,[],[]
289337,post,"""Let's Clean!""","I have seen teacher’s cleaning the classroom environment and I’m always curious about helping my teacher too. I used the bottle spray to squeeze the trigger to make the mirror wet. I also used a cloth to wipe off the mirror to make it dry. I continued to clean the mirror independently after I learnt using the bottle spray.

(Maybe I could help Mama and Papa to water the plants too!)😁
",,,published,2025-01-09 23:23:57,2025-01-09 23:23:53,2025-01-09 23:23:57,NULL,"{""id"": 1, ""code"": ""DNI00""}","[{""id"": 1302, ""label"": ""2025 Infant Karen Katz""}]",NULL,[],[]
289340,post,木头,一片一片和一根长长的木头，好像它们的表面都有不一样的图案呢，特别是它们的侧边长了一层褐色的东西，让我看看摸摸一下。,,,published,2025-01-09 23:50:40,2025-01-09 23:50:36,2025-01-09 23:50:40,NULL,"{""id"": 1, ""code"": ""DNI00""}","[{""id"": 1302, ""label"": ""2025 Infant Karen Katz""}]",NULL,[],[]
289341,album,January Week 1 Weekly Highlight,Number Slide Adventure,,,published,2025-01-10 00:34:18,2025-01-10 00:33:57,2025-01-10 00:34:17,NULL,"{""id"": 20, ""code"": ""TMJ""}","[{""id"": 1430, ""label"": ""2025 K1 Bright""}]",NULL,[],[]
289345,post,K1 Term 1 Week 1 Weekly Updates ,"For this new term, K1 friends embarked on their new learning journey about learning about their family.

As an introduction, children talked about their various family members as well as the various items that they have at home. Children also categorized the various items and created a 3D mind map as a class too.

Children had fun during their first music and movement lesson too as they sang and danced along.

Lastly, as a conclusion for the week, children drew their favourite activity of the week and began to attempt to copy-write short sentences.",,,draft,2025-01-10 06:46:30,2025-01-10 01:42:42,2025-01-10 06:46:29,NULL,"{""id"": 5, ""code"": ""DTH01""}","[{""id"": 1406, ""label"": ""2025 Kindergarten 1 Inventors""}]",NULL,[],[]
289349,album,一月 第一周：去草地踢球,"活动目标：
1.发展平衡感，腿部肌肉的力量及协调运动能力。
2.发展空间知觉，能将大球踢远。
3.在互动中，培养社会交往技能，与他人分享的能力。

活动介绍：
户外活动时，教师和幼儿做完热身运动后，教师引导幼儿练习用脚踢球。通过模仿和示范，幼儿可以逐步掌握基本的踢球动作，并学习如何控制球的方向和力量。幼儿用脚踢球给自己的朋友，再由朋友传给其他人。在传球的过程中，不仅锻炼孩子们的身体协调能力，还培养他们的社交能力和集体意识。


此活动于星期五进行。",,,published,2025-01-10 02:41:46,2025-01-10 02:41:40,2025-01-10 02:41:45,NULL,"{""id"": 10, ""code"": ""DTE01""}","[{""id"": 1313, ""label"": ""2025 Nursery 1 Taro Gomi""}]",NULL,[],[]
289350,album,一月 第二周：谁来学校了,"活动目标：
1.培养自我概念和认同感，能使用代词“我”。
2.培养自我意识和对他人的认识，说出自己的名字和同伴的名字。

活动介绍：
教师向幼儿介绍点名板如何使用：它帮助我们知道自己是不是今天来学校了。点名时，教师会邀请幼儿去拿自己的名牌，放到“在学校”栏里，并在过程中大声说出自己的名字。有时也会拿到朋友的名牌，教师鼓励幼儿可以帮没有来的朋友粘贴名牌表示在家里，增强与朋友之间的联系，促进社交能力的培养。



此活动于星期二至星期五进行，此后每天进行。",,,published,2025-01-21 06:20:17,2025-01-10 02:55:37,2025-01-21 06:20:16,NULL,"{""id"": 10, ""code"": ""DTE01""}","[{""id"": 1313, ""label"": ""2025 Nursery 1 Taro Gomi""}]",NULL,[],[]
289351,album,第一堂运动球课,这是我们今年的第一堂运动球课，小朋友们玩得很开心，他们也喜欢和教练的互动。他们将会在运动中不断发现更多的乐趣，并在快乐中收获成长。期待他们的每一堂课都能继续充满欢笑和收获！,,,published,2025-01-10 03:08:35,2025-01-10 03:08:07,2025-01-10 03:08:35,NULL,"{""id"": 10, ""code"": ""DTE01""}","[{""id"": 1313, ""label"": ""2025 Nursery 1 Taro Gomi""}]",NULL,[],[]
289352,album,Octaves Music (T1W1),"本周，孩子们分成两组进行了音乐活动课。他们跟着老师一起一边演唱了简单的儿歌，一边使用乐器探索简单的节奏。请欣赏孩子们参与活动的时光；）

Dear parents, 

enjoy the pictures from our first Octaves Music Class!",,,published,2025-01-10 03:13:45,2025-01-10 03:12:48,2025-01-10 07:12:18,NULL,"{""id"": 20, ""code"": ""TMJ""}","[{""id"": 1433, ""label"": ""2025 K2 Robinson""}]",NULL,[],[]
289357,album,一月第一周精彩活动,彩虹伞一起举高高 然后再一起拉下来........快和爸爸妈妈一起来看看我们的照片吧！我们又认识了更多的朋友哦！,,,published,2025-01-10 04:24:56,2025-01-10 04:24:07,2025-01-10 04:24:56,NULL,"{""id"": 20, ""code"": ""TMJ""}","[{""id"": 1397, ""label"": ""2025 PG Campbell""}]",NULL,[],[]
289358,album,Weekly Highlight (Food Colouring Activity),January Week 1,,,published,2025-01-10 04:26:48,2025-01-10 04:26:33,2025-01-10 04:26:48,NULL,"{""id"": 20, ""code"": ""TMJ""}","[{""id"": 1397, ""label"": ""2025 PG Campbell""}]",NULL,[],[]
289361,album,Activities of the Week!,January Week 1,,,published,2025-01-10 04:55:55,2025-01-10 04:55:17,2025-01-10 05:02:06,NULL,"{""id"": 20, ""code"": ""TMJ""}","[{""id"": 1397, ""label"": ""2025 PG Campbell""}]",NULL,[],[]
289370,album,每周活动分享,"亲爱的家长，
大家好！
这一周是我们幼儿学步班迎新周的第二周。我们上一周新加入的幼儿献正，义泽和Davi  开始挑战在没有父母的陪伴下独自入园。这三位小朋友很努力地在适应学校的环境，他们表现的非常棒！ 开始和同伴进行互动，他们会和同伴一起牵手，一起玩玩具，一起加入阅读活动等等。他们的适应能力值得家长们点赞。我们相信下一周他们的表现会更棒，会更加的从容。
这一周我们新加入了一位小女生晋僖，她还在慢慢地适应我们的环境，希望我们的晋僖小朋友能够早日融入集体！
教师为了让幼儿能够融入新环境，设计了很多有趣的活动。例如，准备了《我上幼儿园》的故事绘本，透过故事的图片鼓励幼儿园可以交朋友，可以有很多有趣的活动，以及有爱小朋友的老师。 同时带领幼儿一起做音乐律动，幼儿会跟随音乐扭动自己的身体，听到熟悉的歌曲会跟随老师模仿简单的动作。我们的小朋友也会自己主动到音乐区角选择自己喜欢的乐器进行探索。
我们的游乐场也多了一些新的玩具，是幼儿喜欢的篮球和足球。喜欢球类的小朋友，会抱着球做追逐游戏。喜欢脚踏车的幼儿还是会继续选择他们喜欢的款式，在游乐场练习蹬脚踏车。喜欢在操作墙上探索的小朋友也找到了乐趣，他们开始对小索道感兴趣，让小球从索道上面滚落下来，幼儿会不厌其烦的重复操作。
这一周幼儿和教师一起去了楼上的户外草坪玩耍，草坪上面为大家安装了遮阳棚，小朋友在草坪上面追逐，吹泡泡，在阳光下面挥洒着汗水。他们很享受在草坪上追逐的乐趣。
幼儿在操作角落和教师一起探索了软软的和硬硬的物品。一些幼儿和教师一起用绒球制作了一幅画。
在接下来的一周，我们会和幼儿继续进行有趣的探索和互动，帮助幼儿适应学校的生活，也请家长继续关注我们，给予我们支持，谢谢！",,,published,2025-01-10 05:24:29,2025-01-10 05:22:57,2025-01-10 05:42:55,NULL,"{""id"": 5, ""code"": ""DTH01""}","[{""id"": 1409, ""label"": ""2025 Playgroup Explorers""}]",NULL,[],[]
289375,album,情绪表情绘画,"幼儿用简单的线条画出了两个情绪表情。左边的人脸表情是开心的，有着微笑的嘴巴和圆形的眼睛；右边的人脸表情看起来有点不同，可能代表惊讶或困惑，用更大圆的嘴巴和稍微上挑的眉毛来表达不同的情绪。作品体现了孩子在表达和区分情绪方面的初步理解。

培养情绪认知能力：帮助孩子识别和表达不同的情绪，如开心、生气、悲伤和惊讶等。
发展绘画技能：练习基本的线条描绘，特别是脸部特征的构造，如眼睛、嘴巴和耳朵的表现。
提高观察能力：通过观察和模仿他人表情，增强对社会互动中表情变化的敏感性。
增强沟通能力：引导孩子通过语言和绘画解释他们的情绪或他人的情绪，培养社交技巧。",,,published,2025-01-10 05:32:38,2025-01-10 05:32:26,2025-01-10 05:32:37,NULL,"{""id"": 20, ""code"": ""TMJ""}","[{""id"": 1403, ""label"": ""2025 N2 Florence""}]",NULL,[],[]
289381,post,I can see myself ,"“Looking at my own reflection in the mirror, I enjoy playing peek-a-boo with my educarer. I can even hold the mirror myself, moving it up and down to cover my face as part of the game.”",,,published,2025-01-10 05:44:36,2025-01-10 05:44:31,2025-01-10 05:44:36,NULL,"{""id"": 1, ""code"": ""DNI00""}","[{""id"": 1302, ""label"": ""2025 Infant Karen Katz""}]",NULL,[],[]
289384,post,Bear shadow ,“The educarer used a flashlight to shine on the bear’s shadow. I watched closely and tried to grab both the bear and the flashlight.”,,,published,2025-01-10 05:47:18,2025-01-10 05:47:10,2025-01-10 05:47:17,NULL,"{""id"": 1, ""code"": ""DNI00""}","[{""id"": 1302, ""label"": ""2025 Infant Karen Katz""}]",NULL,[],[]
289386,post,Practice makes perfect. ,"“I can now walk from one place to another while following my educarer’s instructions. With practice, I’m improving and getting better at it!”",,,published,2025-01-10 05:50:07,2025-01-10 05:50:02,2025-01-10 05:50:06,NULL,"{""id"": 1, ""code"": ""DNI00""}","[{""id"": 1302, ""label"": ""2025 Infant Karen Katz""}]",NULL,[],[]
289387,album,每周精彩活动——（第一学期——认识字词游戏）,"幼儿们正在进行一个字词认知游戏活动。孩子们围坐在地板上，通过使用教具（如图卡）和指针棒来识别和指认不同的字词卡片。这些卡片上包含图像与文字，可能代表常见的物品或场景，如“牙膏”、“牙刷”、“牙医”等。游戏中每个孩子轮流用指针棒指向字卡，并说出对应的字词。

增强汉字认知：通过图文配对游戏，帮助孩子认读基础字词，培养对常见汉字的兴趣和记忆力。
发展语言表达能力：促进孩子在游戏过程中使用语言表达字词，提高词汇量和口语表达能力。
提升观察与专注力：要求幼儿仔细观察图卡并与文字配对，训练专注力和细心观察能力。
培养合作与互动：通过小组合作和轮流参与的方式，促进孩子之间的互动，发展社交技能和规则意识。",,,published,2025-01-10 05:50:46,2025-01-10 05:50:23,2025-01-10 05:50:46,NULL,"{""id"": 20, ""code"": ""TMJ""}","[{""id"": 1403, ""label"": ""2025 N2 Florence""}]",NULL,[],[]
289390,post,Exploring ice,"“By exploring the ice and touching it with my bare hands, I felt how cold it was. I also observed the ice closely and watched it slowly melt over time.”",,,published,2025-01-10 05:52:18,2025-01-10 05:52:12,2025-01-10 05:52:18,NULL,"{""id"": 1, ""code"": ""DNI00""}","[{""id"": 1302, ""label"": ""2025 Infant Karen Katz""}]",NULL,[],[]
289392,post,5 pink balls,"“My educarer showed me a container filled with pink balls. She took them out and rolled them toward me one by one, counting from 1 to 5. I reached forward to grab the ball and managed to crawl a little to get it. I did it!”",,,published,2025-01-10 05:55:12,2025-01-10 05:55:04,2025-01-10 05:55:11,NULL,"{""id"": 1, ""code"": ""DNI00""}","[{""id"": 1302, ""label"": ""2025 Infant Karen Katz""}]",NULL,[],[]
289393,album,January Week 1: Weekly Highlight,Bolts and Nuts!,,,published,2025-01-10 05:56:17,2025-01-10 05:55:51,2025-01-10 05:56:17,NULL,"{""id"": 20, ""code"": ""TMJ""}","[{""id"": 1402, ""label"": ""2025 N1 Kelly""}]",NULL,[],[]
289394,album,第一学期第一周,1月6日-1月10日,,,published,2025-01-10 05:57:40,2025-01-10 05:56:34,2025-01-10 05:57:39,NULL,"{""id"": 20, ""code"": ""TMJ""}","[{""id"": 1433, ""label"": ""2025 K2 Robinson""}]",NULL,[],[]
289399,album,January Week 1: Bubble Wrap Print Apple Tree,"Learning Objectives: 

1. Foster an interest in art (drawing, painting, modelling, collage work etc.)

The children were given the opportunity to create their own apple tree. They used bubble wrap with green and red paint to make prints on the paper. They were also able to see the effect of stamping the bubble wrap with paint. 

Date of activity: 6 January to 10 January 2025",,,published,2025-01-10 09:16:09,2025-01-10 06:02:40,2025-01-10 09:16:09,NULL,"{""id"": 10, ""code"": ""DTE01""}","[{""id"": 1311, ""label"": ""2025 Playgroup Michael Rosen""}]",NULL,[],[]
289400,post,"Matching: Pairing Shoes, Socks, and Creativity","
In this math lesson on ""matching,"" the children explored the concept of pairing through fun and interactive activities. They played matching games, where they searched for pairs of shoes and socks that go together. To reinforce their learning, the children also engaged in an art activity where they used markers and crayons to color a background and then pasted a sock picture they had chosen. This helped them understand the idea of matching in both a mathematical and creative way.",,,published,2025-01-10 06:03:07,2025-01-10 06:02:48,2025-01-10 06:03:06,NULL,"{""id"": 18, ""code"": ""OMB01""}","[{""id"": 1285, ""label"": ""2025 N2 Eric Carle""}]",NULL,[],[]
289402,album,Planned Sports - Balancing shuttlecock!,"Children tried their hands at balancing! They were challenged to perform a series of task - sliding down a slide, jumping from hoop to hoop and lastly, balancing a shuttlecock on the badminton racket! ",,,draft,2025-01-10 06:03:43,2025-01-10 06:03:39,2025-01-10 06:04:09,NULL,"{""id"": 16, ""code"": ""MBS""}","[{""id"": 1382, ""label"": ""2025 Kindergarten 1 Gratitude""}]",NULL,[],[]
289403,album,exploring the Letter Cc,"
In this lesson, the children focused on recognising and understanding the phonic sound of /c/, as well as identifying pictures that start with the letter Cc. We began with songs and stories featuring the Letterland character, Clever Cat, to introduce the sound. The children sang the Clever Cat song to reinforce the /c/ sound and then took part in an art activity, painting their own letter C to create a cat. They added details like eyes, ears, and whiskers to bring their Clever Cat to life!",,,published,2025-01-10 06:05:18,2025-01-10 06:05:07,2025-01-10 06:05:17,NULL,"{""id"": 18, ""code"": ""OMB01""}","[{""id"": 1285, ""label"": ""2025 N2 Eric Carle""}]",NULL,[],[]
289409,album,Number Slide adventure ,"Children recapped on various numbers and relate them with their own personal experience - ""I saw one bird on my way to school today!"", ""I have 10 firetruck toys!"" They were then encouraged to write down a number of their choice and illustrate an item matching to that number! ",,,published,2025-01-10 10:05:25,2025-01-10 06:09:22,2025-01-10 10:05:24,NULL,"{""id"": 16, ""code"": ""MBS""}","[{""id"": 1382, ""label"": ""2025 Kindergarten 1 Gratitude""}]",NULL,[],[]
289411,album,一月第一周精彩活动,快和爸爸妈妈一起来看看我们的照片吧！,,,published,2025-01-10 06:11:47,2025-01-10 06:11:23,2025-01-10 06:11:46,NULL,"{""id"": 20, ""code"": ""TMJ""}","[{""id"": 1395, ""label"": ""2025 PG Kale""}]",NULL,[],[]
289412,album,Sportball 10 January,"First sportball session of the year! We learnt about tennis with coach Gao. Some skills we did were balancing the tennis ball on the racket and swinging the racket to hit the ball from the marker. Please be reminded to come early on Fridays as we start at 9 am, wear afternoon uniform too and sports shoes. ",,,published,2025-01-10 06:12:06,2025-01-10 06:11:55,2025-01-11 04:17:29,NULL,"{""id"": 18, ""code"": ""OMB01""}","[{""id"": 1285, ""label"": ""2025 N2 Eric Carle""}]",NULL,[],[]
289416,album,January Week 1,Activities of the week!,,,published,2025-01-10 06:14:45,2025-01-10 06:13:43,2025-01-10 06:14:45,NULL,"{""id"": 20, ""code"": ""TMJ""}","[{""id"": 1402, ""label"": ""2025 N1 Kelly""}]",NULL,[],[]
289422,album,一月日记（06/01/2025_10/01/2025),一月第一周的照片来咯！快和爸爸妈妈一起来看看吧！,,,published,2025-01-10 06:18:56,2025-01-10 06:17:21,2025-01-10 06:18:55,NULL,"{""id"": 20, ""code"": ""TMJ""}","[{""id"": 1397, ""label"": ""2025 PG Campbell""}]",NULL,[],[]
289425,album,一月日记（6/1/2025-10/1/2025）,快和爸爸妈妈一起来看看我们的照片吧！,,,published,2025-01-10 06:19:34,2025-01-10 06:19:00,2025-01-10 06:19:33,NULL,"{""id"": 20, ""code"": ""TMJ""}","[{""id"": 1395, ""label"": ""2025 PG Kale""}]",NULL,[],[]
289428,album,Term 1 Week 1: Number slide adventure,"Objectives:
1) Children will explore and apply counting skills through an engaging sliding activity in a real-world context.
2) Children will practice sliding movements to enhance their physical coordination and awareness of their body's abilities.

The children were given the opportunity to participate in a number slide adventure whereby they would go up a slide and pick a card from 1 to 10  at the bottom. They were encouraged to call out the number and pair it with a daily experience, such as “I saw 5 birds today!” This activity helps them connect numbers to their world while sliding down joyfully. 

This activity was conducted on the 8th of January.",,,published,2025-01-12 07:07:36,2025-01-10 06:22:50,2025-01-12 07:07:35,NULL,"{""id"": 10, ""code"": ""DTE01""}","[{""id"": 1315, ""label"": ""2025 Kindergarten 1 Darwin""}]",NULL,[],[]
289434,album,Mathstro,Enrichment class,,,published,2025-01-10 06:32:47,2025-01-10 06:32:18,2025-01-10 06:32:47,NULL,"{""id"": 20, ""code"": ""TMJ""}","[{""id"": 1402, ""label"": ""2025 N1 Kelly""}]",NULL,[],[]
289441,album,Throwing Ball into Hoops and Chasing Rolling Hoops,"During outdoor play, the children played some games throwing balls into hoops, practicing their eye-hand coordination, aim and strength. After that, the teachers rolled the hoops and invited the children to chase after them!",,,published,2025-01-10 06:45:41,2025-01-10 06:45:27,2025-01-10 06:45:41,NULL,"{""id"": 18, ""code"": ""OMB01""}","[{""id"": 1284, ""label"": ""2025 N1 Christie Matheson""}]",NULL,[],[]
289443,album,一月第一周（06/01 - 10/01）精彩活动,这是本周精彩活动的照片，请查看！,,,published,2025-01-10 06:48:55,2025-01-10 06:48:30,2025-01-10 06:48:55,NULL,"{""id"": 20, ""code"": ""TMJ""}","[{""id"": 1401, ""label"": ""2025 N1 Rosen""}]",NULL,[],[]
289444,album,Talking Tub,"In term one, the topic in focus is 'Learning about my family'. During the activity, the children were provided with a variety of items which were used provocations for them to discuss and explain how were they related to their family. They mentioned their personal experiences and listened attentively to what others have to say.",,,published,2025-01-10 06:50:03,2025-01-10 06:49:53,2025-01-10 06:50:03,NULL,"{""id"": 18, ""code"": ""OMB01""}","[{""id"": 1287, ""label"": ""2025 K1 Jo Empson""}]",NULL,[],[]
289449,album,Christmas Throwback! 🎄 ,Thaddeus was looking good in his Christmas outfit! The teacher put a headband on him and took some photos with the decorations. He was engaged with books and activities. ,,,draft,2025-01-13 10:34:50,2025-01-10 06:56:24,2025-01-13 10:36:28,NULL,"{""id"": 16, ""code"": ""MBS""}","[{""id"": 1376, ""label"": ""2025 Infant Joy""}]",NULL,[],[]
289455,album,Chinese New Year Craft,"Thaddeus was given a paper plate snake cut out, a brush and a paint consist of red and gold. He was really curious of the brush texture that has been dipped with a paint and proceeds to stamp and paint a few strokes on the paper plate. He then picked up the paper plate and gets his finger paint on it too. ",,,published,2025-02-11 00:37:53,2025-01-10 07:04:35,2025-02-11 00:37:52,NULL,"{""id"": 16, ""code"": ""MBS""}","[{""id"": 1376, ""label"": ""2025 Infant Joy""}]",NULL,[],[]
289461,album,"Ready, Steady, Go Kids (T1W1)","Dear Parents,

Please find attached the pictures from our first session of 'Ready, Steady, Go Kids'.

We hope you enjoy seeing the children actively participating and having fun during this engaging program!",,,published,2025-01-10 07:18:01,2025-01-10 07:17:39,2025-01-10 07:18:01,NULL,"{""id"": 20, ""code"": ""TMJ""}","[{""id"": 1433, ""label"": ""2025 K2 Robinson""}]",NULL,[],[]
289463,album,Term 1 Week 1 Weekly Highlight ,We are proud of how thoughtfully the children participated and shared their unique family stories.,,,published,2025-01-10 07:25:44,2025-01-10 07:25:26,2025-01-10 07:25:44,NULL,"{""id"": 20, ""code"": ""TMJ""}","[{""id"": 1404, ""label"": ""2025 K1 Bailey""}]",NULL,[],[]
289464,album,Weekly Highlight; Term 1 Week 1,Unpacking the Topic In Focus; Talents and Abilities,,,published,2025-01-10 07:26:34,2025-01-10 07:26:03,2025-01-10 07:26:33,NULL,"{""id"": 20, ""code"": ""TMJ""}","[{""id"": 1433, ""label"": ""2025 K2 Robinson""}]",NULL,[],[]
289473,album,Weekly Photo Album (6 to 10 Jan),- ,,,published,2025-01-10 08:17:47,2025-01-10 08:15:18,2025-01-10 08:17:46,NULL,"{""id"": 20, ""code"": ""TMJ""}","[{""id"": 1404, ""label"": ""2025 K1 Bailey""}]",NULL,[],[]
289484,album,第一学期精彩活动,请家长欣赏第一学期精彩活动照片～,,,published,2025-01-12 11:28:34,2025-01-10 08:55:36,2025-01-12 11:28:33,NULL,"{""id"": 20, ""code"": ""TMJ""}","[{""id"": 1430, ""label"": ""2025 K1 Bright""}]",NULL,[],[]
289486,album,January Week 1,Activities of the week,,,published,2025-01-10 09:02:26,2025-01-10 09:01:24,2025-01-10 09:02:25,NULL,"{""id"": 20, ""code"": ""TMJ""}","[{""id"": 1430, ""label"": ""2025 K1 Bright""}]",NULL,[],[]
289488,album,精彩瞬间（2025.1.6-1.10）,请家长欣赏本周精彩瞬间《老狼老狼几点了？》,,,published,2025-01-12 11:27:33,2025-01-10 09:20:36,2025-01-12 11:27:32,NULL,"{""id"": 20, ""code"": ""TMJ""}","[{""id"": 1430, ""label"": ""2025 K1 Bright""}]",NULL,[],[]
289490,album,1月9日体能课,请家长欣赏体能课活动照片～,,,published,2025-01-12 11:28:10,2025-01-10 09:29:27,2025-01-12 11:28:09,NULL,"{""id"": 20, ""code"": ""TMJ""}","[{""id"": 1430, ""label"": ""2025 K1 Bright""}]",NULL,[],[]
289493,album,Activities this week (Term 1 Week 1),6/1 - 10/1,,,published,2025-01-10 09:35:37,2025-01-10 09:33:58,2025-01-10 09:35:36,NULL,"{""id"": 20, ""code"": ""TMJ""}","[{""id"": 1433, ""label"": ""2025 K2 Robinson""}]",NULL,[],[]
289494,album,一月第一周（06/01 - 10/01）其他活动,这是本周其他活动的照片，请查看！,,,published,2025-01-10 09:35:57,2025-01-10 09:35:17,2025-01-10 09:35:56,NULL,"{""id"": 20, ""code"": ""TMJ""}","[{""id"": 1401, ""label"": ""2025 N1 Rosen""}]",NULL,[],[]
289504,album,Weekly Update,"Hello Parents!

Last week, the children had a great time exploring painting techniques during our craft session. We used a watercolor palette instead of traditional paints, allowing for smooth layering of colors, and it made for an easy clean-up! After finishing their artwork, they selected their best photo of the week to add to their craft.

We also continued reading stories about transitioning to school and how we’re adapting to new routines. The children have become more aware of cleaning up their toys before moving on to the next activity.

One of the highlights was our exploration of the 2nd-floor outdoor play area. Though there were no toys yet, the children thoroughly enjoyed running around in the new space. With just a picnic table and chairs, they invented stories and even sang a happy birthday song together! It was wonderful to see their creativity in action.

",,,published,2025-01-12 23:49:54,2025-01-10 10:00:09,2025-01-12 23:49:53,NULL,"{""id"": 5, ""code"": ""DTH01""}","[{""id"": 1408, ""label"": ""2025 Nursery 1 Engagers""}]",NULL,[],[]
289506,album,Thinkers box's first lesson! ,"The children had their first thinkers box lesson and got to meet their trainers. They were engaged in a few activities (brain-teasers) in small groups, to assess their learning abilities. We look forward to learning through Thinkers Box!",,,draft,2025-01-10 10:08:43,2025-01-10 10:08:34,2025-01-10 10:08:42,NULL,"{""id"": 16, ""code"": ""MBS""}","[{""id"": 1383, ""label"": ""2025 Kindergarten 2 Unity""}]",NULL,[],[]
289509,album,Our shape collage ,"The children were tasked to decide on a shape, the size of the shape and the colour, before drawing it and cutting it out. Thereafter, they created a collage by sticking their shapes onto a piece of mahjong paper. During the activity, the children were both excited and curious to see how the end product would turn out. Needless to say, they're proud of their class collage.",,,draft,2025-01-10 10:16:21,2025-01-10 10:15:30,2025-01-10 10:16:21,NULL,"{""id"": 16, ""code"": ""MBS""}","[{""id"": 1383, ""label"": ""2025 Kindergarten 2 Unity""}]",NULL,[],[]
289523,post,Book Title: Train Station Cats ,"In our classroom, we love utilizing pockets of time to introduce children to a variety of book genres. 

This week, we introduce a big book by local Singaporean author Ho Lee-Ling, featuring the story of three cats named Teh, Susu, and Kopi-O.

The children seem to enjoy the story, especially how the cat names sounded. We explained that in Malay, ""teh"" means tea, ""susu"" means milk, and ""kopi"" means coffee. Since the author is Singaporean, the book is filled with relatable imagery—train stations, coffee shops, and familiar terms like ""uncle.""

Our goal is to introduce more localized Singaporean literature to foster a sense of belonging among the children.

Interestingly, we've discovered that many parents and grandparents are tea drinkers less so a black coffee kopi-o drinker.

Lastly, if your child would like to share a book at the center, we welcome that wholeheartedly!

Attached to this post are photos of the book that you might enjoy reading. (Do note that it might not be in the right sequence)
",,,published,2025-01-10 11:36:37,2025-01-10 11:36:33,2025-01-10 11:36:36,NULL,"{""id"": 5, ""code"": ""DTH01""}","[{""id"": 1407, ""label"": ""2025 Nursery 2 Reflectors""}]",NULL,[],[]
289535,post,Poking Sticks!,"Using my palmar and radial grasp, I held tight on to the stick (tongue depressor) and aimed it into the slit. With good hand-eye coordination, I was able to poke all the sticks into the box. Yay!",,,published,2025-01-10 12:02:04,2025-01-10 12:01:57,2025-01-10 12:02:03,NULL,"{""id"": 1, ""code"": ""DNI00""}","[{""id"": 1302, ""label"": ""2025 Infant Karen Katz""}]",NULL,[],[]
289537,post,Packing away,"To enhance my self-help skills, I engaged in packing away my dirty clothes into the wet bag. I was able pack my dirty clothes with encouragement and a little assistance from my educarer. I explored closing the zipper of the bag, too.
",,,published,2025-01-10 12:10:39,2025-01-10 12:10:31,2025-01-10 12:10:38,NULL,"{""id"": 1, ""code"": ""DNI00""}","[{""id"": 1302, ""label"": ""2025 Infant Karen Katz""}]",NULL,[],[]
289538,post,Term 1 Week 1 ,"This week marks the beginning of Term 1, and we have introduced the children to a new concept called the Talking Tub! It will be used for every beginning of each term moving forward. 

A Talking Tub is a curated collection of materials designed to help children learn a specific theme. 

For Term 1, our theme is ""Who Am I?""
The goal is for the children to interact with the materials, ask and answer questions, and explore various lines of inquiry. This exploration will guide us toward new interests and help us decide on activities or books to present.

In the photos, you'll see the children discovering aspects of themselves through engaging materials like sunglasses, perfume, and apples, allowing them to utilize all five senses. We've also included images representing the five senses to reference their ideas.

The sunglasses have been a favourite, with children constantly trying them on and posing for the camera hence, the many photos of children posing in this album. ",,,published,2025-01-10 12:11:51,2025-01-10 12:11:36,2025-01-10 12:11:50,NULL,"{""id"": 5, ""code"": ""DTH01""}","[{""id"": 1407, ""label"": ""2025 Nursery 2 Reflectors""}]",NULL,[],[]
289540,post,Floating Caps (Water Play),I enjoyed scooping and transferring the floating caps. I used the ladle to scoop and pour them into the other basin. I had fun manipulating and playing with materials.,,,published,2025-01-10 12:16:07,2025-01-10 12:16:01,2025-01-10 12:16:07,NULL,"{""id"": 1, ""code"": ""DNI00""}","[{""id"": 1302, ""label"": ""2025 Infant Karen Katz""}]",NULL,[],[]
289542,post,Roll it down!,"I engaged in rolling the recycled bottles and the ball on the ramp. But, wait! I enjoyed more in banging the bottle tin together and make some soft and loud sound☺️",,,published,2025-01-10 12:21:18,2025-01-10 12:21:06,2025-01-10 12:21:18,NULL,"{""id"": 1, ""code"": ""DNI00""}","[{""id"": 1302, ""label"": ""2025 Infant Karen Katz""}]",NULL,[],[]
289543,post,Self-help skill💪,"After drinking my milk (self-feeding), educarer asked me to pack away my bottle and to pass it to Laoshi for washing. I was able to follow her directions and handed the bottle to Laoshi. Yay!!!! I did it! Hurray!",,,published,2025-01-10 12:26:20,2025-01-10 12:26:17,2025-01-10 12:26:20,NULL,"{""id"": 1, ""code"": ""DNI00""}","[{""id"": 1302, ""label"": ""2025 Infant Karen Katz""}]",NULL,[],[]
289544,post,Dropping Popsicle Sticks,"Look! I was able to drop the popsicle into the tiny hole. It was suppose to be a great challenge for me to aim the stick into the tiny hole, but I was able to drop the stick with ease! Yay! My educarer and other friends applauded me for doing it so well!☺️☺️☺️ I was feeling motivated that I clapped my hands every time I drop the stick into the bottle. Yay!!! ",,,published,2025-01-10 12:33:39,2025-01-10 12:33:29,2025-01-10 12:33:38,NULL,"{""id"": 1, ""code"": ""DNI00""}","[{""id"": 1302, ""label"": ""2025 Infant Karen Katz""}]",NULL,[],[]
289546,post,Old McDonald ,"Since I have strong interest in animals, educarer engaged me in manipulating animal finger puppets while listening to the song, Old McDonald Had a Farm. With a puppet on my finger, I enjoyed moving my finger up and down.",,,published,2025-01-10 12:43:54,2025-01-10 12:43:49,2025-01-10 12:43:53,NULL,"{""id"": 1, ""code"": ""DNI00""}","[{""id"": 1302, ""label"": ""2025 Infant Karen Katz""}]",NULL,[],[]
289549,post,Self-help Skills💪,"Look! I was able to retrieve the clothes from the bag that I want to wear for today. I also engaged in packing away my dirty clothes and towel into the wet bag with minimal assistance from my educarer.☺️ I explored closing the bag zip runner, too! yay!",,,published,2025-01-10 12:53:06,2025-01-10 12:52:59,2025-01-10 12:53:05,NULL,"{""id"": 1, ""code"": ""DNI00""}","[{""id"": 1302, ""label"": ""2025 Infant Karen Katz""}]",NULL,[],[]
289550,post,Poking Straws!,"Yay! Look! With good hand-eye coordination skills, I was able to poke all the drinking straws into the box . I was so proud of myself for doing it well! Educarer gave me a “high five” too!",,,published,2025-01-10 12:56:48,2025-01-10 12:56:41,2025-01-10 12:56:48,NULL,"{""id"": 1, ""code"": ""DNI00""}","[{""id"": 1302, ""label"": ""2025 Infant Karen Katz""}]",NULL,[],[]
289554,album,Clever Cat and the Letter 'C',"We travelled to an amazing new place called Letterland! While we were there, we met an interesting character called Clever Cat. We learnt that she does not meow, instead, she makes the 'c' sound. We discovered her story and other letter c words; such as caterpillar, cow, cards, and carrot. We followed by by creating our own letter C caterpillar. Oh what fun! ",,,published,2025-01-10 13:56:20,2025-01-10 13:38:24,2025-01-10 13:56:19,NULL,"{""id"": 18, ""code"": ""OMB01""}","[{""id"": 1286, ""label"": ""2025 N2 Kevin Henkes""}]",NULL,[],[]
289556,album,Match the Sock!,"The children played a game of treasure hunt to find Ms Inez's missing socks around the class. Upon finding the socks, the children searched for a friend with the other identical sock and matched the pair together. To make the game for challenging, the children attempted to match the socks by size! ",,,draft,2025-01-10 13:47:13,2025-01-10 13:47:01,2025-01-10 13:47:13,NULL,"{""id"": 18, ""code"": ""OMB01""}","[{""id"": 1286, ""label"": ""2025 N2 Kevin Henkes""}]",NULL,[],[]
289557,album,First Outdoor Walk of 2025!,"We took a walk to see the Merlion! It was a long walk, but the children persevered and completed the walk amazingly. ",,,published,2025-01-10 13:50:26,2025-01-10 13:50:21,2025-01-10 13:55:40,NULL,"{""id"": 18, ""code"": ""OMB01""}","[{""id"": 1286, ""label"": ""2025 N2 Kevin Henkes""}]",NULL,[],[]
289559,album,《一起来投球》,"本周四我们迎来了活力满满的体能课。小朋友们从最初的羞涩、陌生，在和老师们问好互动中渐渐的露出笑容。小朋友们和老师们一起做伸展运动后,开始动物模仿热身。小朋友们模仿长颈鹿抬起胳膊踮起脚走路。模仿棕熊，咚咚咚的跺脚慢慢走走。模仿小螃蟹，小手弯起横着移动加速走等等；小朋友们热身后，我们一起喝水休息。一起认识今天的教具网球，观察老师示范网球是怎样双手投向对面。小朋友们一起尝试投球练习，在反复投掷的过程中，小朋友们都很喜欢网球落地又弹起来的过程。老师带领幼儿玩放球、捡球、收球的游戏。小朋友们在游戏的过程中，锻炼了他们的手要协调能力和手部精细动作。同时收获了满满的快乐，自己成功的自信和成就感。",,,draft,2025-01-10 13:58:13,2025-01-10 13:58:09,2025-01-10 14:07:31,NULL,"{""id"": 1, ""code"": ""DNI00""}","[{""id"": 1295, ""label"": ""2025 PG Rod Campbell""}]",NULL,[],[]
289565,album,Toy Twins Matching Hunt,"The children participated in an activity similar to treasure-hunting, where they were tasked with looking for matching pairs of toys. The children were first introduced to the concept of matching, where it was reinforced that items with exact similarities can be matched to one another. They were then provided with a basket of toys, with the toy's matching twin being hidden around a classroom area. The children were invited to observe the toys and then find their matching pairs before placing the pairs together in the basket. The children thoroughly enjoyed hunting for the missing toys and identifying their matches!",,,published,2025-01-10 14:12:46,2025-01-10 14:12:12,2025-01-10 14:12:45,NULL,"{""id"": 1, ""code"": ""DNI00""}","[{""id"": 1298, ""label"": ""2025 N2 Eric Carle""}]",NULL,[],[]
289566,album,Numicon Matching Race,"This week, the N2 children were introduced to Numicon - a numeracy tool used in counting and mathematic activities - which they then further explored through a fun and engaging matching race. As a class, we first looked at the Numicons that represented the quantity of 1-5. The teacher then placed matching sets of Numicons on the table, placing one piece on each end. The children were invited to choose one of the five pieces, then race across to the other end of the table, find the matching piece, and place the pair in a basket. As the children watched their friends and played a few rounds themselves, they got faster, more accurate, and more eager to take part in the matching game. ",,,published,2025-01-10 14:13:01,2025-01-10 14:12:21,2025-01-10 14:13:00,NULL,"{""id"": 1, ""code"": ""DNI00""}","[{""id"": 1298, ""label"": ""2025 N2 Eric Carle""}]",NULL,[],[]
289568,album,《小手拍拍》,老师在晨间活动和小朋友们一起唱歌问好，一起拍拍手，认识自己的身体部位和名称，并找一找都在哪里。老师出示做好的教具，邀请小朋友们自由粘贴创作自己的脸。小朋友们在粘贴的过程中，加深了对五官的认识。同时，还锻炼了手部精细动作，体会了自由粘贴的快乐。,,,draft,2025-01-10 14:15:07,2025-01-10 14:15:03,2025-01-10 14:19:39,NULL,"{""id"": 1, ""code"": ""DNI00""}","[{""id"": 1295, ""label"": ""2025 PG Rod Campbell""}]",NULL,[],[]
289572,album,Word Family - en ,"In K1, the children will begin to explore doing blending of three letters words. At first, they were shown the /e/ and /n/ letter cards and were asked to sound the individual letters one after the other. After that, they sounded the letters from a slow pace to a fast pace gradually as Ms Ariel moved the letter cards closer each time. They tried to blend the two letters when the letter cards are side by side eventually. Subsequently, Ms Ariel added a beginning letter to the blend /en/ to show that it could form a word such as 'den'. After that, they also made attempts to blend the word family with other beginning sounds. To record their learning, they chose four things that they wished to draw and did copywriting to label them.",,,published,2025-01-10 14:32:09,2025-01-10 14:20:15,2025-01-10 14:32:09,NULL,"{""id"": 18, ""code"": ""OMB01""}","[{""id"": 1287, ""label"": ""2025 K1 Jo Empson""}]",NULL,[],[]
289575,album,Sorting Items with Textures ,"Children were introduced to the word 'sort'. They shared what they knew about the concept of sorting and suggested ways to do that. Thereafter, they were provided with a basket of items and were engaged in sorting the items according to ‘smooth’, ‘rough’, ‘hard’, ‘soft’, ‘sticky’ and ‘grainy’. ",,,published,2025-01-10 14:35:32,2025-01-10 14:25:09,2025-01-10 14:35:32,NULL,"{""id"": 18, ""code"": ""OMB01""}","[{""id"": 1287, ""label"": ""2025 K1 Jo Empson""}]",NULL,[],[]
289585,album,RSGK-锻炼身体时间到！,"小朋友们跟随教练的节奏，简单热身拉伸之后就开始我们的运动时间啦。
第一部分是按照指定动作抛球。示范动作是双手并拢，向外展开，捧住球球，然后向前方抛出，过程中小朋友们都能够学习和练习教练的动作，将球拿起然后顺利抛出去，为孩子们点赞👍。
第二部分是将球和沙包散落在不同位置，引导孩子们将球和沙包“送回家”，在寻找的过程中，小朋友都很迫不及待，想要捡起地上的球或沙包，有时候朋友间还会互相帮助😊，一起完成这个小挑战！",,,draft,2025-01-10 14:47:58,2025-01-10 14:47:47,2025-01-10 14:47:58,NULL,"{""id"": 1, ""code"": ""DNI00""}","[{""id"": 1297, ""label"": ""2025 N1 Marcus Pfister""}]",NULL,[],[]
289588,album,Scooping Loose Parts Soup,"Since the children have been showing interest in food, one of the activities planned for them is to use different types and sizes of ladles to scoop and transfer loose parts such as receipt rolls, bottle caps and pompom balls from big pots to small bowls. Aside from developing their motor skills, this activity allows the children to be creative as they create food with various ingredients.",,,published,2025-01-10 14:53:54,2025-01-10 14:53:45,2025-01-10 14:53:54,NULL,"{""id"": 18, ""code"": ""OMB01""}","[{""id"": 1284, ""label"": ""2025 N1 Christie Matheson""}]",NULL,[],[]
289591,album,Octaves,"This week, the children had their first Octaves session! They were able to explore a variety of instruments like rhythm sticks, egg shakers and tambourines. Their favourite though was the small cloth they each had to move and play around with!",,,published,2025-01-10 15:05:05,2025-01-10 15:04:54,2025-01-13 04:44:34,NULL,"{""id"": 18, ""code"": ""OMB01""}","[{""id"": 1284, ""label"": ""2025 N1 Christie Matheson""}]",NULL,[],[]
289592,album,Apple pie🍎,"欢迎小朋友们来到华文表演课堂😊，老师带来了我们的小猪朋友🐷，大家跟小猪说你好～，培养孩子学会打招呼的习惯。然后我们跟小猪朋友做游戏，每个幼儿都近距离感受小猪，并和其他小伙伴分享。小猪朋友告诉孩子们，我们迎来新的一年啦，，小嘴巴跟随老师的节奏说一说，感受一下新一年的氛围！
【过新年】
新年到，真热闹。
全家团圆乐陶陶。",,,draft,2025-01-10 15:07:41,2025-01-10 15:07:34,2025-01-10 15:07:40,NULL,"{""id"": 1, ""code"": ""DNI00""}","[{""id"": 1297, ""label"": ""2025 N1 Marcus Pfister""}]",NULL,[],[]
289597,album,感受玩耍中的微风拂面,天空变得暗暗的，突然起风了，小朋友们都站住不动看向远方，静静地感受风落在我们的身体上面，发丝也好像在跳舞～，中途有小朋友发现我们的户外的树木🌳有一些小变化，孩子们的观察力有在提高哦，为宝贝们感到高兴☺️。然后我们一起看看泡泡机是如何产生泡泡，起风之后泡泡会变得越来越高，越来越远，没有风的时候泡泡就不会飞的很高，大自然可真奇妙呀🏞,,,draft,2025-01-10 15:23:34,2025-01-10 15:23:28,2025-01-10 15:23:34,NULL,"{""id"": 1, ""code"": ""DNI00""}","[{""id"": 1297, ""label"": ""2025 N1 Marcus Pfister""}]",NULL,[],[]
289604,album,Slicing Fruits and Vegetables ,The children were given playodough to form into food that they like and use plastic knives to slice them! This slicing activity helps build the children's hand strength and dexterity.,,,published,2025-01-11 00:03:00,2025-01-11 00:02:49,2025-01-11 05:21:53,NULL,"{""id"": 18, ""code"": ""OMB01""}","[{""id"": 1284, ""label"": ""2025 N1 Christie Matheson""}]",NULL,[],[]
289605,album,We Made It!,We finally made it to the Merlion!! ,,,published,2025-01-11 00:20:44,2025-01-11 00:20:39,2025-01-11 00:20:44,NULL,"{""id"": 18, ""code"": ""OMB01""}","[{""id"": 1284, ""label"": ""2025 N1 Christie Matheson""}]",NULL,[],[]
289606,album,Playground Time!,It's so fun to see the children create different games and ways of playing with the toys every time we go to the playground!,,,published,2025-01-11 00:42:47,2025-01-11 00:42:36,2025-01-11 00:42:46,NULL,"{""id"": 18, ""code"": ""OMB01""}","[{""id"": 1284, ""label"": ""2025 N1 Christie Matheson""}]",NULL,[],[]
289607,post,儿歌《鳄鱼怕怕 牙医怕怕》,"Hi 家长们好！

这是儿歌《鳄鱼怕怕 牙医怕怕》，幼儿们在学习的过程中非常喜欢，希望家长有时间与幼儿一起听唱此儿歌。
周末愉快！",,https://www.youtube.com/watch?v=wXqjBStkNsM,published,2025-01-11 00:54:43,2025-01-11 00:54:42,2025-01-11 00:54:43,NULL,"{""id"": 5, ""code"": ""DTH01""}","[{""id"": 1407, ""label"": ""2025 Nursery 2 Reflectors""}]",NULL,[],[]
289611,album,January Week 1 Weekly Highlight,"Playing with a catapult made from ice cream sticks helped the children to develop fine motor skills. By pressing down on the stick and releasing it to launch pompoms, they fostered their hand-eye coordination and control. The activity also taught them about cause and effect, as they learned how pressing and releasing the stick made objects fly. Overall, it was a fun way to foster the children's curiosity and exploration. If you are keen to try out this activity with your child at home, here’s a link that will guide you in making one- 
https://www.craftsbycourtney.com/how-to-crafts/stem-project-idea-how-to-make-a-diy-popsicle-stick-catapult/

Next week, the children will be given the opportunity to attempt to aim and shoot the pompoms into a container.",,,published,2025-01-11 02:25:25,2025-01-11 02:25:03,2025-01-11 02:25:24,NULL,"{""id"": 20, ""code"": ""TMJ""}","[{""id"": 1401, ""label"": ""2025 N1 Rosen""}]",NULL,[],[]
289616,album,Favourite Food Placemat,"This process art to create their favourite food placemats gave the children an opportunity to hone their fine motor skills by getting them to use jumbo crayons to scribble and explore making marks as they create a representation of their favourite food. After listening to their sharing, the teacher printed pictures of some of the healthy food they mentioned and let the children paste them around their drawings. ",,,published,2025-01-11 03:32:04,2025-01-11 03:31:51,2025-01-11 08:24:54,NULL,"{""id"": 18, ""code"": ""OMB01""}","[{""id"": 1284, ""label"": ""2025 N1 Christie Matheson""}]",NULL,[],[]
289618,album,Jumping from One Hoop to Another,"To make up for the rainy day, a game of jumping on hoops was played during outdoor play. Great effort for the children in trying to jump successfully with both feet from one hoop to another! We will continue to do such activities to help them improve! ",,,published,2025-01-11 03:48:16,2025-01-11 03:48:07,2025-01-11 03:48:15,NULL,"{""id"": 18, ""code"": ""OMB01""}","[{""id"": 1284, ""label"": ""2025 N1 Christie Matheson""}]",NULL,[],[]
289623,album,Weekly update,"We’re so excited to be back with the children, and although it's been a short time with the little ones, we’re already seeing wonderful growth! It’s especially heartwarming to see the playgroup class expanding.

This week, the children are in a transition phase as they begin to build relationships and trust with their teachers. We understand that it can be concerning when little ones cry or have difficulty settling in. Rest assured, some children are starting to feel more comfortable in the classroom environment, and we know that each child will settle at their own pace.

We ask for your continued support as we help them navigate this transition. Your encouragement, especially during drop-off time, will help them be brave and strong as they adjust.

Here’s a glimpse of the little ones in action!

And don’t forget – next week, we’re hosting a tea session on Monday. We’d love for you to join us!",,,published,2025-01-11 04:20:15,2025-01-11 04:20:08,2025-01-11 04:20:14,NULL,"{""id"": 5, ""code"": ""DTH01""}","[{""id"": 1409, ""label"": ""2025 Playgroup Explorers""}]",NULL,[],[]
289626,album,Parts of the Body ,"For the first term, we are learning about the body and body parts. Children named and matched the different parts of the body. ",,,published,2025-01-11 04:39:29,2025-01-11 04:38:38,2025-01-11 04:39:29,NULL,"{""id"": 16, ""code"": ""MBS""}","[{""id"": 1379, ""label"": ""2025 Nursery 1 Grace""}]",NULL,[],[]
289628,album,Year of the Snake,"To mark the year of the snake, children used angbaos and decorated their paper plate snake. ",,,published,2025-01-11 04:43:46,2025-01-11 04:43:11,2025-01-11 04:43:46,NULL,"{""id"": 16, ""code"": ""MBS""}","[{""id"": 1379, ""label"": ""2025 Nursery 1 Grace""}]",NULL,[],[]
289629,album,Our Hands and Feet,"Children traced their hands and feet as they learned about their bodies. They compared the size of the hands and feet with their friends, identifying if their hands and feet are bigger or smaller than their friends. ",,,published,2025-01-11 04:46:34,2025-01-11 04:46:17,2025-01-11 04:46:33,NULL,"{""id"": 16, ""code"": ""MBS""}","[{""id"": 1379, ""label"": ""2025 Nursery 1 Grace""}]",NULL,[],[]
289630,album,A Lizard,"On Monday, while going to the playground, the children saw a lizard crawling on the wall. They were fascinated with how fast it moved, how it looked, and what it ate. 

The next day, Jordan came to school with a lizard he caught at home. The children were excited to see a lizard up close. Throughout the day, they came towards the jar to look at it. ",,,published,2025-01-11 04:52:42,2025-01-11 04:52:35,2025-01-11 04:52:41,NULL,"{""id"": 16, ""code"": ""MBS""}","[{""id"": 1379, ""label"": ""2025 Nursery 1 Grace""}]",NULL,[],[]
289633,album,Happy Birthday Kiera!🥳,Thank you for the goodies and cake🥰,,,published,2025-01-11 05:10:27,2025-01-11 05:10:17,2025-01-11 05:10:26,NULL,"{""id"": 1, ""code"": ""DNI00""}","[{""id"": 1298, ""label"": ""2025 N2 Eric Carle""}]",NULL,[],[]
289646,album,生日快乐小宝贝！,今天你三岁啦！愿你健康成长，天天笑开怀！,,,published,2025-01-11 05:57:45,2025-01-11 05:57:28,2025-01-11 05:57:44,NULL,"{""id"": 20, ""code"": ""TMJ""}","[{""id"": 1401, ""label"": ""2025 N1 Rosen""}]",NULL,[],[]
289660,album,Water and oil art,"This integrated lesson plan helps children develop fine motor skills by using a pincer grasp to drop oil into water and observe its effects. 

The activity introduces basic science concepts like liquid properties and surface tension, while encouraging critical thinking as children predict and observe outcomes. They then capture the resulting patterns on paper through creative expression, strengthening both motor control and artistic skills. This hands-on activity fosters scientific inquiry, fine motor development, and creativity, making it an engaging and holistic learning experience.",,,published,2025-01-11 07:33:31,2025-01-11 07:27:56,2025-01-11 07:33:31,NULL,"{""id"": 1, ""code"": ""DNI00""}","[{""id"": 1296, ""label"": ""2025 N1 Giles Andreae""}]",NULL,[],[]
289665,album,Speech and drama 8th January,"For the first speech and drama lesson of the year, children pretended to be farmers as they made medicine brewed from fruits in the farms.",,,published,2025-01-11 07:43:21,2025-01-11 07:40:50,2025-01-11 07:45:08,NULL,"{""id"": 1, ""code"": ""DNI00""}","[{""id"": 1296, ""label"": ""2025 N1 Giles Andreae""}]",NULL,[],[]
289668,album,Feel the breeze!,"On a breezy morning, children connect with nature by stretching out their hands to feel the splashing rain and observing a recently chopped tree. ""Where did the tree go?"" the children asked as they noticed the tree that was usually there is now gone.

This experience engages their senses, fosters curiosity, and encourages reflection on the natural world. Moments like these nurture their sense of wonder and inquisitiveness.",,,published,2025-01-11 07:53:44,2025-01-11 07:48:11,2025-01-11 07:53:43,NULL,"{""id"": 1, ""code"": ""DNI00""}","[{""id"": 1296, ""label"": ""2025 N1 Giles Andreae""}]",NULL,[],[]
289670,album,"Happy Birthday, Matteo! 🥳🎂","We celebrated Matteo’s birthday with lots of joy! The children gathered to sing, and enjoy a jelly cake together. Happy birthday, Matteo—here’s to a year filled with love and laughter! 🎉🎂🎈",,,published,2025-01-11 08:02:17,2025-01-11 07:56:44,2025-01-11 08:02:17,NULL,"{""id"": 1, ""code"": ""DNI00""}","[{""id"": 1296, ""label"": ""2025 N1 Giles Andreae""}]",NULL,[],[]
289674,post,华文演讲与戏剧试听课N1 Chinese speech and drama trial class ,"希望孩子们享受有趣的华文戏剧课！
",,,published,2025-01-11 08:10:53,2025-01-11 08:09:41,2025-01-11 08:10:52,NULL,"{""id"": 10, ""code"": ""DTE01""}","[{""id"": 1312, ""label"": ""2025 Nursery 1 Lois Ehlert""}]",NULL,[],[]
289678,album,English Speech and Drama Enrichment Class 🎭,"An amazing start to the children's English speech and drama enrichment! The teacher and the kids had a wonderful time getting to know each other, listening attentively during the storytelling session, and immersing themselves in 'Dramaland'. From packing for a picnic 🧺 to helping grandma 👵 with the heavy basket. A fun and engaging way to kick off their creative learning. 🥰",,,draft,2025-01-11 08:17:53,2025-01-11 08:17:38,2025-01-11 08:29:12,NULL,"{""id"": 18, ""code"": ""OMB01""}","[{""id"": 1284, ""label"": ""2025 N1 Christie Matheson""}]",NULL,[],[]
289684,album,Term 1 Week 1: Best Part of Me!,"Learning Objectives: 

• Children will identify and articulate their strengths, fostering self-awareness, confidence, and self-expression through writing and visual representation

As part of discovering their abilities and talents, children were encouraged to reflect on the best part of themselves and share why they felt that way. This thoughtful exercise helped build self-awareness and confidence. Make a guess on which body part your child chose!

Date of activity: 7 & 8 January 2025",,,published,2025-01-11 08:39:39,2025-01-11 08:39:32,2025-01-11 10:05:04,NULL,"{""id"": 10, ""code"": ""DTE01""}","[{""id"": 1316, ""label"": ""2025 Kindergarten 2 Elgar""}]",NULL,[],[]
289686,album,RN Garden!,"After the December break, the children returned to the Resident's Network Garden with so much energy and enthusiasm! Most of them were busy plucking weeds and gathering dried leaves, while others took charge of watering the plants. It’s been wonderful to see their little green thumbs at work!

🌻 What’s Next?

4th Week of Each Month: The children will spend time engaging with the seniors, building connections and sharing smiles. 
Other Weeks: Back to gardening fun—digging, planting, and nurturing the garden!

🌼 Friendly Reminder:
Please remember to pack your child’s outdoor bag (including gardening gloves) and send it to school every Thursday. 

Let’s keep the fun—and the garden—growing strong! 
",,,published,2025-01-11 08:48:25,2025-01-11 08:48:07,2025-01-16 06:29:41,NULL,"{""id"": 10, ""code"": ""DTE01""}","[{""id"": 1316, ""label"": ""2025 Kindergarten 2 Elgar""}]",NULL,[],[]
289688,album,第一学期第一周：我最喜欢的故事画面,"活动目标：
1.运用想象力创作平面和立体的艺术品。
2.能够积极主动地用华语表达，态度自然。

活动介绍：
教师带领幼儿回顾故事中奥莉薇做了哪些事，并请幼儿说一说。教师向幼儿展示图画纸、铅笔、彩色笔、马克笔等材料和工具。教师邀请自由选择他们自己最喜爱的绘本画面，利用绘画的方式将其呈现出来。在创作过程中，教师从旁给予指导和鼓励。你会怎样进行构图？你选择了哪些颜色进行绘画？为什么？



",,,published,2025-01-11 08:53:42,2025-01-11 08:49:57,2025-01-11 08:55:41,NULL,"{""id"": 10, ""code"": ""DTE01""}","[{""id"": 1316, ""label"": ""2025 Kindergarten 2 Elgar""}]",NULL,[],[]
289691,album,1st SportBall Enrichment (In-house),"We’ve officially kicked off our first in-house enrichment program—Sportball! ⚽️ The children had a blast during their 30-minute sessions, learning soccer through fun games and activities that encourage teamwork, movement, and lots of laughter. 

A reminder that Sportball takes place every Wednesday from 9:00 AM to 10:10 AM, with the class split into two groups. We’re excited to see the children continue to grow their skills and love for the game each week!",,,published,2025-01-11 09:01:21,2025-01-11 09:01:06,2025-01-11 09:01:20,NULL,"{""id"": 10, ""code"": ""DTE01""}","[{""id"": 1316, ""label"": ""2025 Kindergarten 2 Elgar""}]",NULL,[],[]
289697,album,Blend of the week: /br/ ,"This week, we explored the /br/ sound and words that have the beginning consonant blend. After playing games and coming up with ten different words, the children recapped by writing and drawing out four words. 

*You may notice that the children's spelling of the words are incorrect. Please do not worry! We're transiting to inventive spelling, whereby children stretch out words to hear the individual letter sounds. While these words may be spelt incorrectly, we accept their words as the letters made similar sounds! We will be focusing on inventive spelling for the first half of 2025, building children's confidence and interest in spelling words. :) ",,,published,2025-01-11 11:20:08,2025-01-11 11:20:04,2025-01-11 11:21:42,NULL,"{""id"": 18, ""code"": ""OMB01""}","[{""id"": 1288, ""label"": ""2025 K2 Peter H.Reynolds""}]",NULL,[],[]
289698,album,Pairing objects based on child-determined attributes,"The children paired up items on the rug based on attributes that they decided. In a circle, the children took turns to guess the matching attribute that their friends have used to pair up two objects. 
",,,published,2025-01-11 11:21:34,2025-01-11 11:21:30,2025-01-11 11:21:33,NULL,"{""id"": 18, ""code"": ""OMB01""}","[{""id"": 1288, ""label"": ""2025 K2 Peter H.Reynolds""}]",NULL,[],[]
289699,post,Blend of the week: /br/,"This week, we explored the beginning consonant blend /br/. We played several games for children to listen if the words have the /br/ sound, and identifying picture cards to words with the /br/ sound. 

Phonological awareness is key for children's language development, and we encourage children to blend and segment words to discern the letter sounds.  I've attached an article for your reading pleasure to better support your child's letter sound knowledge at home :)

Let's work together to support your child's language growth! ",,https://www.naeyc.org/resources/pubs/yc/mar2015/letter-sound-relationships,published,2025-01-11 11:28:21,2025-01-11 11:28:20,2025-01-19 08:44:40,NULL,"{""id"": 18, ""code"": ""OMB01""}","[{""id"": 1288, ""label"": ""2025 K2 Peter H.Reynolds""}]",NULL,[],[]
289700,album,K1 Bailey Mathstro,"08/01/2025

  请查收K1 Bailey 数学课的照片！",,,published,2025-01-11 11:44:30,2025-01-11 11:44:20,2025-01-11 11:44:29,NULL,"{""id"": 20, ""code"": ""TMJ""}","[{""id"": 1404, ""label"": ""2025 K1 Bailey""}]",NULL,[],[]
289701,album,K1 Bailey Our music studio octaves,"07/01/2025

  请查收K1 Bailey 音乐课的活动照片！",,,published,2025-01-11 11:48:00,2025-01-11 11:47:49,2025-01-11 11:48:00,NULL,"{""id"": 20, ""code"": ""TMJ""}","[{""id"": 1404, ""label"": ""2025 K1 Bailey""}]",NULL,[],[]
289703,album,Pack and Zip 🎒,"During their play and exploration, children were provided with different types of bag with zip. This is to encourage them to practise packing and zipping skills by filling their bags with classroom toys and materials, getting ready for the day they could pack their own bags independently.",,,published,2025-01-19 05:21:03,2025-01-11 11:55:28,2025-01-19 05:21:02,NULL,"{""id"": 18, ""code"": ""OMB01""}","[{""id"": 1284, ""label"": ""2025 N1 Christie Matheson""}]",NULL,[],[]
289706,album,周活动——第一学期第一周,"06/01/2025——10/01/2025

  本周K1 Bailey的活动主要围绕绘本《菲菲生气了》展开，幼儿们通过阅读绘本、观察周围的人生气时会怎样、照镜子观察自己生气的表情、并将其绘制出来、制作生气的脸、分享作品。

  除此之外，还包括幼儿们的游乐场时间和户外活动。",,,published,2025-01-11 12:15:09,2025-01-11 12:14:11,2025-01-11 12:15:08,NULL,"{""id"": 20, ""code"": ""TMJ""}","[{""id"": 1404, ""label"": ""2025 K1 Bailey""}]",NULL,[],[]
289707,album,本周动态分享,在本周的活动中，我们依旧带领孩子们进行更有趣的活动来帮助孩子们适应学校生活，本周进行了感官类型的游戏，通过绘本《小企鹅乔比》探索不同的质感的游戏也在本周升级为感官盒活动，在粗糙的材料中寻找光滑的石头。老师在感官盒中投放不同质感的玩具，引导孩子们在游戏中发现和感受这些不同的质感。来到户外，眼睛也是我们感受周围环境的重要渠道，我们用不同颜色的彩片放在眼睛前，世界就变成了不同的颜色。户外的游乐场成为了最受欢迎的场地，不同长度的草坪也给孩子们带来不同的感受，孩子们在草地上奔跑、打滚儿感受着草地的柔软。新鲜的植物的气味当然是不可缺少的，教室里投放的不同的感官瓶也让孩子们探索到了不同材料所带来的气味。下周我们会邀请幼儿来选择自己最喜欢的玩具和角落，通过活动增加幼儿们对学校生活的期待。,,,published,2025-01-11 12:16:08,2025-01-11 12:15:37,2025-01-11 12:16:08,NULL,"{""id"": 5, ""code"": ""DTH01""}","[{""id"": 1408, ""label"": ""2025 Nursery 1 Engagers""}]",NULL,[],[]
289722,album,Talking Tub,"To kickstart the term and the topic ""Who Am I,"" the children participated in a talking tub activity. They were provided with items and pictures representing different body parts and encouraged to explore the materials, describe their observations, and make connections through group discussions.",,,published,2025-01-12 02:23:41,2025-01-11 15:04:21,2025-01-12 02:23:40,NULL,"{""id"": 1, ""code"": ""DNI00""}","[{""id"": 1298, ""label"": ""2025 N2 Eric Carle""}]",NULL,[],[]
289724,album,Matching Scavenger Hunt ,"The teacher introduced the term ""twin"" to the children and explained the concept of matching, highlighting what makes objects identical. Following this, the children engaged in a scavenger hunt to find matching pairs of items in the classroom. They were encouraged to exclaim, ""I found it!"" upon discovering a pair.",,,published,2025-01-12 02:23:57,2025-01-11 15:07:04,2025-01-12 02:23:56,NULL,"{""id"": 1, ""code"": ""DNI00""}","[{""id"": 1298, ""label"": ""2025 N2 Eric Carle""}]",NULL,[],[]
289725,album,Matching Numicon ,"The children were also introduced to Numicon shapes (1-5). In this activity, they matched the Numicon shapes by picking one and finding its matching pair in another basket. Afterwards, they were encouraged to share their findings and describe the features of the Numicon they selected (e.g., ""This is blue and has three holes"").",,,published,2025-01-12 02:24:25,2025-01-11 15:13:10,2025-01-12 02:24:24,NULL,"{""id"": 1, ""code"": ""DNI00""}","[{""id"": 1298, ""label"": ""2025 N2 Eric Carle""}]",NULL,[],[]
289729,album,Chinese Speech and Drama Trial ,The children had their Chinese Speech and Drama Trial Class yesterday. ,,,published,2025-01-11 15:55:54,2025-01-11 15:55:47,2025-01-11 15:55:53,NULL,"{""id"": 10, ""code"": ""DTE01""}","[{""id"": 1313, ""label"": ""2025 Nursery 1 Taro Gomi""}]",NULL,[],[]
289730,album,January Week 1: This is the way we wash our hands! ,"Objectives:
1) Foster personal care skills such as hand washing, dressing etc.

The children were introduced to the song, ""This is the way we wash our hands!"" They managed to sing along and follow the actions. The children were curious and asked questions such as ""Why do we need to wash our hands?"" The children even practised to wash their hands by using sanitisers and rubbing their hands together. They were very proud to show their clean hands afterwards! 

We also visited the sinks at the school toilet and talked more about the hand soap we need to keep our hands clean. The children had lots of fun! ",,,published,2025-01-27 10:03:36,2025-01-11 16:01:22,2025-01-27 10:03:35,NULL,"{""id"": 10, ""code"": ""DTE01""}","[{""id"": 1313, ""label"": ""2025 Nursery 1 Taro Gomi""}]",NULL,[],[]
289731,album,Journal - My Favourite Activity to do with my family,Children recap about what are some of the activities that they can do with their family. They each shared about their favourite activity and reflected it in their journal.,,,draft,2025-01-11 16:18:23,2025-01-11 16:18:19,2025-01-11 16:18:22,NULL,"{""id"": 16, ""code"": ""MBS""}","[{""id"": 1382, ""label"": ""2025 Kindergarten 1 Gratitude""}]",NULL,[],[]
289749,album,T1W1活动,小朋友们和音乐律动专业老师的开心互动。,,,published,2025-01-12 03:58:20,2025-01-12 03:58:11,2025-01-12 03:58:19,NULL,"{""id"": 5, ""code"": ""DTH01""}","[{""id"": 1405, ""label"": ""2025 Kindergarten 2 Risk-Takers""}]",NULL,[],[]
289750,album,Term 1 Week 1: Toy Twins Matching Hunt,"The concept of matching or pairing was introduced to the children. They were invited to look for identical objects around the classroom. The children eagerly searched, and once they found a matching object, they were encouraged to say, ""I found it!""

Afterward, the children had the opportunity to sit in front and share with their friends how the objects were the same. They explained their observations, saying things like, ""They are the same in color,"" ""It's the same toy,"" or ""It's the same object.""

Learning Objectives:
Children will match identical objects while building confidence in completing a matching task.  
Children will follow the teacher's instructions during the activity.",,,published,2025-01-12 04:28:22,2025-01-12 04:28:14,2025-01-12 04:28:21,NULL,"{""id"": 10, ""code"": ""DTE01""}","[{""id"": 1314, ""label"": ""2025 Nursery 2 Eric Carle""}]",NULL,[],[]
289760,album,Jaylin's 4th Birthday!,"Last Friday, we got to celebrate the first birthday of 2025! Happy birthday to our dear Jaylin! Thank you Jaylin's daddy and mummy for bringing yummy cakes and presents for our Florence friends! We appreciate your generous gesture! :)",,,published,2025-01-13 06:38:33,2025-01-12 05:38:58,2025-01-13 06:38:32,NULL,"{""id"": 20, ""code"": ""TMJ""}","[{""id"": 1403, ""label"": ""2025 N2 Florence""}]",NULL,[],[]
289764,album,Toy Twins Matching Hunt,"Children identified the characteristics of ""same"" or ""similar"" with the teacher. They participated in activities to find same or similar pairs using toys and objects around the classroom. Children were also asked to share about the similarities between the two items that they have selected (e.g. colour, size, shape).",,,published,2025-01-12 07:38:13,2025-01-12 05:46:09,2025-01-12 07:38:12,NULL,"{""id"": 16, ""code"": ""MBS""}","[{""id"": 1381, ""label"": ""2025 Nursery 2 Love""}]",NULL,[],[]
289765,album,My First Journal!,"We are excited to introduce a new weekly class activity called Journal for our N2 children! We hope that through journaling, we can helping our young learners express themselves through art and eventually through literacy in writing.

Each week, the children will be presented with a thought-provoking journal question related to a topic they have explored during a lesson in that week. They will reflect on the question and respond by drawing pictures that represent their thoughts, ideas, or feelings.

These journals are to be brought back home every Friday and we encourage you to talk to your child about their journal entries for both English and Chinese over the weekend. This is a wonderful opportunity to celebrate their learning and creativity, as well as gain insight into how they interpret the world around them.

All journal books are to be brought back to school on Monday so that we can use them for their journaling on Friday. :)",,,published,2025-01-13 06:37:32,2025-01-12 05:47:37,2025-01-13 06:37:31,NULL,"{""id"": 20, ""code"": ""TMJ""}","[{""id"": 1403, ""label"": ""2025 N2 Florence""}]",NULL,[],[]
289769,album,Talking Tub,"Teacher used a talking tub filled with objects representing different emotions. Children explored the items, described their features, and discussed the emotions they associated with each object.",,,published,2025-01-12 07:38:39,2025-01-12 06:04:09,2025-01-12 07:38:39,NULL,"{""id"": 16, ""code"": ""MBS""}","[{""id"": 1381, ""label"": ""2025 Nursery 2 Love""}]",NULL,[],[]
289770,post,Where did you see this number before?,"In this activity, the children were required to go through the stepping stones to pick a number card and pair the number with a daily experience. Most of the children were able to connect the numbers to their environment or past experiences. For example, they mentioned seeing the numbers on a clock, in the lift, on their toys at home, on a car plate, and as the level they live on.

This activity not only encouraged the children to apply counting skills and connect numbers to their world, but it also enhanced their physical coordination and awareness of their body's abilities.",,,draft,2025-01-17 05:25:21,2025-01-12 06:04:17,2025-01-17 05:25:21,NULL,"{""id"": 1, ""code"": ""DNI00""}","[{""id"": 1300, ""label"": ""2025 K1 David McKee""}]",NULL,[],[]
289776,post,What is your favourite thing to do with your family?,"In relation to this term's topic in focus, the children were encouraged to reflect on the question: ""What is your favourite thing to do with your family?"" They then drew various items and activities to represent their ideas and wrote down a few words to describe their drawings with the teacher's help.

It was interesting to see the variety of activities the children depicted. Some shared that their favourite activity is playing hide-and-seek, while others mentioned simple joys like eating noodles and pizza, drinking milk, and taking photos together!",,,draft,2025-01-17 05:24:29,2025-01-12 06:49:48,2025-01-17 05:24:29,NULL,"{""id"": 1, ""code"": ""DNI00""}","[{""id"": 1300, ""label"": ""2025 K1 David McKee""}]",NULL,[],[]
289777,album,Fireworks to Celebrate 2025! 🥳 (Part 2),"We completed our special foil fireworks art project and couldn’t be happier with the final result! Our teacher helped us prepare by wrapping our papers in aluminium foil. Using our hands, we pressed and smoothed the foil over the strings we had previously glued onto the paper, making the patterns stand out clearly.

Once we were satisfied with the texture, we moved on to painting. With watercolours and paintbrushes in hand, we selected our favourite colours and painted freely. Some of us used a stamping motion, while others painted in smooth, straight strokes. No matter the technique, the end result was a stunning display of colours and patterns, resembling the dazzling beauty of fireworks lighting up the night sky! 🎆",,,published,2025-01-12 06:50:44,2025-01-12 06:50:20,2025-01-12 06:50:43,NULL,"{""id"": 1, ""code"": ""DNI00""}","[{""id"": 1297, ""label"": ""2025 N1 Marcus Pfister""}]",NULL,[],[]
289779,album,Who stole my cheese?,"Children participated in a movement activity called ""What is the time, Little Cat?"". They learnt about the rules of the games with teacher's demonstration before playing. Children took turns to be the cat and mouse, and were able to complete the game under the guidance of the teachers.",,,published,2025-01-12 07:39:21,2025-01-12 07:15:51,2025-01-12 07:39:20,NULL,"{""id"": 16, ""code"": ""MBS""}","[{""id"": 1381, ""label"": ""2025 Nursery 2 Love""}]",NULL,[],[]
289780,album,Practicing Dribble and Control ⚽,"In this activity, we were challenged to dribble a ball through a series of arches made from pool noodles of varying widths. Our teacher began by demonstrating how to carefully navigate the arches, kicking the ball through each one from start to finish. We were reminded to use only our feet to guide the ball and not our hands, which added to the challenge.

The task required us to control how hard we kicked the ball to prevent it from rolling too far away. As we took turns tackling the obstacle course, we realised how much effort and focus were needed to manoeuvre the ball through the arches. Many of us instinctively used our hands to bring the ball back to the next arch when it strayed too far.

After everyone had a turn, we ended the activity on a playful note by crawling through the arches, which we all enjoyed!",,,published,2025-01-12 07:17:07,2025-01-12 07:16:51,2025-01-12 07:17:07,NULL,"{""id"": 1, ""code"": ""DNI00""}","[{""id"": 1297, ""label"": ""2025 N1 Marcus Pfister""}]",NULL,[],[]
289782,album,Julia Gabriel Speech and Drama!,"In our very first English Speech and Drama class, we had the pleasure of meeting Ms. Rachel. Her warm and animated personality immediately captured our attention and drew us into the lesson. In just one hour, she whisked us away on an adventure to ""Dramaland,"" where we encountered fascinating characters and exciting activities.

Through an interactive story, music and movement, and a delightful poem, we were fully engaged from start to finish. The lesson was a perfect mix of learning and laughter, leaving us eager for more!",,,published,2025-01-12 07:41:51,2025-01-12 07:40:55,2025-01-12 07:41:50,NULL,"{""id"": 1, ""code"": ""DNI00""}","[{""id"": 1297, ""label"": ""2025 N1 Marcus Pfister""}]",NULL,[],[]
289783,album,Wigglepods! 🎵,"The children had their first Wigglepods lesson, where they explored music and movement in a fun, interactive, and engaging way. They enthusiastically participated in activities that combined rhythm, coordination, and creativity, making the experience both joyful and dynamic.",,,published,2025-01-12 07:51:23,2025-01-12 07:50:43,2025-01-12 07:51:23,NULL,"{""id"": 1, ""code"": ""DNI00""}","[{""id"": 1297, ""label"": ""2025 N1 Marcus Pfister""}]",NULL,[],[]
289793,album,大小球分类,教师在粘贴纸上画上大圆和小圆，向幼儿介绍大圆和小圆。然后准备大的海洋球和小的毛绒球，并向幼儿介绍大球和小球，接着向幼儿示范大球放在大的圆圈里面，小的毛绒球放在小的圆圈里面。最后请幼儿自由操作，教师在旁边指导幼儿。,,,published,2025-01-12 10:10:09,2025-01-12 10:09:55,2025-01-12 10:10:08,NULL,"{""id"": 16, ""code"": ""MBS""}","[{""id"": 1380, ""label"": ""2025 Nursery 1 Courage""}]",NULL,[],[]
289794,album,蛇年大吉,为了渲染节日氛围，教师和幼儿一起做一个大蛇的手工，教师用红纸做成一个大蛇，请幼儿将圆形贴纸粘贴在蛇的身体上（锻炼幼儿的手部肌肉）。,,,published,2025-01-12 10:41:17,2025-01-12 10:41:03,2025-01-12 10:41:17,NULL,"{""id"": 16, ""code"": ""MBS""}","[{""id"": 1380, ""label"": ""2025 Nursery 1 Courage""}]",NULL,[],[]
289795,album,捞皮筋,教师将若干根皮筋放在水里面，幼儿用筷子将皮筋从水里面捞出来，当幼儿把皮筋从水里面捞出来后，教师鼓励幼儿增强幼儿的信心。教师也可以引导幼儿说出皮筋的颜色。,,,published,2025-01-12 11:02:25,2025-01-12 11:02:04,2025-01-12 11:02:25,NULL,"{""id"": 16, ""code"": ""MBS""}","[{""id"": 1380, ""label"": ""2025 Nursery 1 Courage""}]",NULL,[],[]
289796,album,2024年圣诞节庆祝活动,小朋友们参加了两个不同的圣诞节庆祝活动，体验活动带来的乐趣，感受节日气氛，留下美好的回忆！,,,published,2025-01-12 11:51:32,2025-01-12 11:49:02,2025-01-12 11:51:32,NULL,"{""id"": 16, ""code"": ""MBS""}","[{""id"": 1382, ""label"": ""2025 Kindergarten 1 Gratitude""}]",NULL,[],[]
289797,album,Term 1 Week 1 Show and Tell,"Children shared and talked about their favourite item or holiday trip.

Olivia showed her favourite colouring book.
Shuyin shared about her favourite colour.
Zacchaeus talked about his holiday trip in Hokkaido.",,,published,2025-01-12 12:02:36,2025-01-12 12:02:15,2025-01-24 08:04:36,NULL,"{""id"": 10, ""code"": ""DTE01""}","[{""id"": 1314, ""label"": ""2025 Nursery 2 Eric Carle""}]",NULL,[],[]
289799,album,Matthias Birthday Celebration,"Matthias celebrated his 4th birthday on 10 January with his parents, teachers and friends.",,,published,2025-01-12 12:04:27,2025-01-12 12:04:24,2025-01-12 12:04:26,NULL,"{""id"": 10, ""code"": ""DTE01""}","[{""id"": 1314, ""label"": ""2025 Nursery 2 Eric Carle""}]",NULL,[],[]
289801,album,T1W1活动,"新学期学的第一本故事书是《奥莉薇》。读完故事后，小朋友们觉得自己和奥莉薇有很多相似的地方。奥莉薇最拿手的事就是将别人累昏，小朋友们说自己也像奥莉薇一样，常常将爸爸妈妈累得要昏。他们扮演奥莉薇，玩奥莉薇玩的游戏，做奥莉薇喜欢做的事，最后倒在地上，像奥莉薇那样也把自己“累昏”。
小朋友们利用图片玩“故事接龙”，并在理解故事的基础上，大家一起制作一张“这是奥莉薇”海报，并利用海报将奥莉薇的故事。
",,,published,2025-01-12 12:09:32,2025-01-12 12:09:15,2025-01-12 12:09:32,NULL,"{""id"": 5, ""code"": ""DTH01""}","[{""id"": 1405, ""label"": ""2025 Kindergarten 2 Risk-Takers""}]",NULL,[],[]
289808,album,本周分享,"健弘分享了自己和家人在圣诞节期间去圣淘沙海底世界玩的照片。通过他的分享，小朋友们认识一种颜色很漂亮但眼睛很凶狠的黄色鳝鱼和长着猎豹一样斑点的鳝鱼，还认识了珊瑚和珊瑚礁。他还特别向大家介绍照片里的“圣诞老人”和“圣诞小矮人”是潜水员扮演的，他们在祝大家“圣诞节快乐”。
凯泽和思棋都去了台湾旅行。他们分别通过照片向大家介绍了自己的行程，并比较了他们旅行经历的相同和不同之处。思棋是和阿公、外婆、爸爸、妈妈、舅舅、姨姨，还有弟弟一起去旅行的，凯泽是和爸爸、妈妈一起去旅行的。他们都去了台北，都去了台北的夜市玩游戏和吃东西。思棋和弟弟在台北的一间商场玩电动车，凯泽在台北玩游乐园和吃棉花糖。思棋去了一个码头看海洋动物，凯泽去了阿里山看农场和云海......
两位小朋友都吃了很多好吃的东西，大家都知道了“台湾香肠”和“台湾火锅”很好吃。",,,published,2025-01-12 12:35:31,2025-01-12 12:35:22,2025-01-12 12:37:45,NULL,"{""id"": 5, ""code"": ""DTH01""}","[{""id"": 1405, ""label"": ""2025 Kindergarten 2 Risk-Takers""}]",NULL,[],[]
289809,album,美术课,在这节美术课上，老师引导幼儿使用粘土，通过揉搓的动作，制作小蛇，小朋友们开心的加入活动，并自信的展示自己的作品。,,,published,2025-01-12 13:06:30,2025-01-12 13:06:23,2025-01-12 13:06:30,NULL,"{""id"": 18, ""code"": ""OMB01""}","[{""id"": 1286, ""label"": ""2025 N2 Kevin Henkes""}]",NULL,[],[]
289810,album,精彩活动——第一学期第一周,"06/01/2025——10/01/2025

  本周K1 Bailey的精彩活动围绕绘本《菲菲生气了》展开。在语言领域，幼儿通过观察生气表情照片和对镜模仿，能够用华语描述生气时的表情特征，例如皱眉毛、撅嘴巴等，并乐意与教师和同伴交流，提升了语言表达能力和倾听能力。在创造领域，幼儿利用扭扭棒、马克笔、纸盘、吸管等材料，制作了独特的“生气的脸”手工作品，展现了他们的创造力和动手能力。通过选择材料和设计细节，幼儿表达了自己对情绪的理解，培养了审美能力和创新意识。同时，通过作品展示和协助整理材料，幼儿进一步增强了责任感与合作意识，体验到分享与团队合作的乐趣。",,,published,2025-01-12 13:10:47,2025-01-12 13:10:35,2025-01-12 13:10:46,NULL,"{""id"": 20, ""code"": ""TMJ""}","[{""id"": 1404, ""label"": ""2025 K1 Bailey""}]",NULL,[],[]
289811,album,鳄鱼与牙医,老师通过讲述绘本故事《鳄鱼怕怕，牙医怕怕》，学习了解牙医与鳄鱼，并认识与其相关的字词“鳄鱼”和“牙医”。在老师的引导下，小朋友通过为牙医和鳄鱼找名字的游戏，认识了词汇：牙医、鳄鱼。,,,published,2025-01-12 13:14:37,2025-01-12 13:14:25,2025-01-12 13:14:37,NULL,"{""id"": 18, ""code"": ""OMB01""}","[{""id"": 1286, ""label"": ""2025 N2 Kevin Henkes""}]",NULL,[],[]
289812,album,January Week 1 (6/1/25-10/1/2025),"This week, our little ones had the opportunity to place rubber bands  on  a wooden dish drying rack.  This activity benefits the children by helping to develop their fine motor skills, hand-eye coordination, and concentration. 

This week was also the commencement of the the various enrichment classes- Octaves Music, Ready Steady Go kids and Mathstro.
",,,published,2025-01-12 13:21:47,2025-01-12 13:20:28,2025-01-12 13:21:46,NULL,"{""id"": 20, ""code"": ""TMJ""}","[{""id"": 1401, ""label"": ""2025 N1 Rosen""}]",NULL,[],[]
289813,album,数一数鳄鱼的牙齿,老师提供带有不同数量鳄鱼牙齿的玩具，邀请小朋友使用手指点数的方法，数一数鳄鱼有多少个牙齿。小朋友能够听懂老师的指令，并完成任务，数出鳄鱼的牙齿数量，并能准确地累计到5个或以上。,,,published,2025-01-12 13:30:33,2025-01-12 13:30:12,2025-01-12 13:30:33,NULL,"{""id"": 18, ""code"": ""OMB01""}","[{""id"": 1286, ""label"": ""2025 N2 Kevin Henkes""}]",NULL,[],[]
289815,album,制作圣诞花环,"老师展示图片，向幼儿介绍与圣诞节相关的物品，在根据图片学习认读词语。最后，幼儿选择制作圣诞花环来装饰圣诞节。
老师准备纸盘、皱纹纸、毛球、胶水和剪刀，鼓励幼儿使用材料制作独特的圣诞花环。",,,published,2025-01-19 15:59:42,2025-01-12 14:07:19,2025-01-19 15:59:41,NULL,"{""id"": 16, ""code"": ""MBS""}","[{""id"": 1382, ""label"": ""2025 Kindergarten 1 Gratitude""}]",NULL,[],[]
289816,album,Paper Crushing,"In this activity, the children explored tactile sensations by crushing paper of different textures, such as crepe paper and bubble wraps. They fostered greater fine motor skills by using their fingers and hands to manipulate the paper into smaller pieces, which they then fit into containers with openings of various sizes. This process also encouraged problem-solving, hand-eye coordination, and spatial awareness through trial-and-error. It was really interesting to see how the children interacted differently with the same materials! ",,,published,2025-01-12 14:41:27,2025-01-12 14:41:20,2025-01-12 14:57:25,NULL,"{""id"": 18, ""code"": ""OMB01""}","[{""id"": 1283, ""label"": ""2025 Playgroup Emma Dodd""}]",NULL,[],[]
289817,post,APPLE PIE 华文表演课,本周APPLE PIE华文表演课正式开课的第一堂课，小朋友们都非常的激动和开心。为了让大家彼此更熟悉，老师首先通过互动小游戏和孩子们相互认识，缓解了他们的紧张情绪，也加深了他们之间的互动和友谊。接着，老师引导孩子们进行儿歌《过新年》的朗读和律动，通过肢体语言与语言的结合，不仅让孩子们在愉快的氛围中学习，还培养了他们对语言的兴趣和对表演的热情。,,,published,2025-01-12 14:50:34,2025-01-12 14:47:19,2025-01-12 14:50:33,NULL,"{""id"": 1, ""code"": ""DNI00""}","[{""id"": 1296, ""label"": ""2025 N1 Giles Andreae""}]",NULL,[],[]
289821,post,RSGK快乐体能课,"新学年的体能课程从本周正式开始了！小朋友们充满了兴奋和期待。新的学年带来了新的成长，第一堂课中，小朋友们积极参与，活力四射。
课程开始时，孩子们进行了一个有趣的“动物大巡回”游戏。在教练的引导下，他们模仿了长颈鹿、兔子、大象、螃蟹等动物的动作和行走方式，协调身体进行走、跑、跳等活动，既锻炼了身体的灵活性，又增加了乐趣。接下来，教练介绍了一项全新的球类活动——板球（cricket）。孩子们首先学习了“Fielding”和“cricket”这两个词汇，并在教练的带领下轮流尝试进行板球的游戏活动。在活动过程中，小朋友们都非常积极，充满了参与的热情，甚至主动捡起旁边的球并交给教练，展现了他们的团队精神和热爱运动的态度。",,,published,2025-01-12 15:11:50,2025-01-12 15:07:44,2025-01-12 15:11:50,NULL,"{""id"": 1, ""code"": ""DNI00""}","[{""id"": 1296, ""label"": ""2025 N1 Giles Andreae""}]",NULL,[],[]
289826,post,金蛇贺岁,"蛇年即将到来，老师精心准备了玩偶蛇，带领小朋友们进行有趣的互动游戏。首先，老师向孩子们展示了玩偶蛇，鼓励小朋友们仔细观察蛇的身体特征：两只眼睛、长长的舌头、圆圆的头部以及细长的身体，但没有腿。通过这一环节，孩子们对蛇有了初步的认知。接着，老师引导孩子们了解蛇的行进方式——爬行，并讲解了蛇在野外的危险性。老师还特别提醒孩子们在遇到蛇时，要保护自己远离蛇，增强他们的安全意识。
然后，老师带领孩子们开始创作春节装饰——金蛇。小朋友们在红纸上使用金色颜料绘制出自己认识的蛇，充分发挥他们的创造力和动手能力。孩子们还为蛇黏贴上眼睛和舌头，细致入微地完成每一个细节，使每一条蛇都充满了生动的个性。作品既富有节日气氛，又展现了孩子们的艺术才华。大家一起感受到了浓厚的春节氛围，也在创作中体验到了乐趣和成就感。",,,published,2025-01-12 15:29:10,2025-01-12 15:26:31,2025-01-12 15:29:09,NULL,"{""id"": 1, ""code"": ""DNI00""}","[{""id"": 1296, ""label"": ""2025 N1 Giles Andreae""}]",NULL,[],[]
289828,album,第一学期第一周照片更新,这一周我们一起阅读了绘本故事《菲菲生气了》，了解了菲菲生气的原因，然后一起讨论了生气的表情是怎样的，小朋友们画了生气的脸。我们一起讨论了怎样可以缓解生气的情绪，还一起认读了词语。我们也在空中游乐场进行了彩虹伞的游戏，很开心，充实的一周。,,,published,2025-01-13 00:43:28,2025-01-13 00:43:09,2025-01-13 00:43:27,NULL,"{""id"": 5, ""code"": ""DTH01""}","[{""id"": 1406, ""label"": ""2025 Kindergarten 1 Inventors""}]",NULL,[],[]
289829,album,Term 1 Week 2 Album: Rainbow Sort and Choice,"Objectives:
- Children will sort objects by one category (colour)  
- Children will identify the colours that they have chosen to sort the objects with. 


Rainbow Sort and Choice 
Teacher have set up a box with an assortment of colourful objects like buttons, blocks, and pom-poms. With a rainbow board labelled with different colours around the tray, children are invited to observe the objects and discuss their colours. Children were encouraged to sort the objects into the correct colour. While sorting, they were offered opportunities for choice: “Would you like to sort the blue or red objects first?” or “Which colour do you want to do next?” (Take responsibility for their actions: Learn to make choices on their own or with support)

Differentiation:
Teachers may focus on two colours at a time for a start and increase the number after some rounds. 

This activity was conducted on 15th January 2025. ",,,published,2025-01-15 14:01:19,2025-01-13 02:23:03,2025-01-15 14:01:18,NULL,"{""id"": 10, ""code"": ""DTE01""}","[{""id"": 1314, ""label"": ""2025 Nursery 2 Eric Carle""}]",NULL,[],[]
289830,post,红灯笼,为了迎接新年的到来，我用环保材料使用染色的方式做了一红红的灯笼🏮,,,published,2025-01-13 04:10:27,2025-01-13 04:10:23,2025-01-13 04:10:26,NULL,"{""id"": 1, ""code"": ""DNI00""}","[{""id"": 1302, ""label"": ""2025 Infant Karen Katz""}]",NULL,[],[]
289831,post,翻山越岭,看！我可以矫健地爬上垫子，再安全地爬下来了！并且，我可以单手扶着垫子站立了！👏,,,published,2025-01-13 04:12:30,2025-01-13 04:12:26,2025-01-13 04:12:30,NULL,"{""id"": 1, ""code"": ""DNI00""}","[{""id"": 1302, ""label"": ""2025 Infant Karen Katz""}]",NULL,[],[]
289832,post,看书,这是什么图案啊？它有很多种颜色哦！我喜欢看书！,,,published,2025-01-13 04:14:54,2025-01-13 04:14:50,2025-01-13 04:14:53,NULL,"{""id"": 1, ""code"": ""DNI00""}","[{""id"": 1302, ""label"": ""2025 Infant Karen Katz""}]",NULL,[],[]
289833,post,瓶子,我是小小魔术师，我能把4个瓶子时而变成三个，时而变成两个，我在想办法把它们变成一个,,,published,2025-01-13 04:24:54,2025-01-13 04:24:48,2025-01-13 04:24:54,NULL,"{""id"": 1, ""code"": ""DNI00""}","[{""id"": 1302, ""label"": ""2025 Infant Karen Katz""}]",NULL,[],[]
289834,album,小鸭子,小鸭子一只一只的跳上轮胎来找我玩，1只，两只，三只！怎么怎么，刚刚只是三只，现在多了一个朋友出来,,,published,2025-01-13 04:28:47,2025-01-13 04:28:43,2025-01-13 04:28:46,NULL,"{""id"": 1, ""code"": ""DNI00""}","[{""id"": 1302, ""label"": ""2025 Infant Karen Katz""}]",NULL,[],[]
289835,album,Jumaius' Birthday Celebration ,"Happy birthday, Jumaius! 🎂 🥳  Jumaius celebrated his 2nd birthday with his family, friends, and teachers in school. Thank you for preparing the birthday gifts for us 💕 ",,,draft,2025-01-13 04:35:24,2025-01-13 04:35:21,2025-01-13 04:35:24,NULL,"{""id"": 1, ""code"": ""DNI00""}","[{""id"": 1295, ""label"": ""2025 PG Rod Campbell""}]",NULL,[],[]
289837,album,Stacking Cups,The children were provided stacking up of various sizes and colours. They were encouraged to stack the cups on top of each other. ,,,draft,2025-01-13 04:54:24,2025-01-13 04:54:14,2025-01-13 04:54:23,NULL,"{""id"": 16, ""code"": ""MBS""}","[{""id"": 1377, ""label"": ""2025 Playgroup Care""}]",NULL,[],[]
289843,album,Octaves,"Wednesdays are for Octaves! 

The children had fun learning new songs and being introduced to new instruments. ",,,published,2025-01-13 05:26:12,2025-01-13 05:26:02,2025-01-13 05:26:11,NULL,"{""id"": 16, ""code"": ""MBS""}","[{""id"": 1377, ""label"": ""2025 Playgroup Care""}]",NULL,[],[]
289848,album,户外活动,"户外时间，教师带领幼儿一起进行大肌肉发展活动。
教师设置不同的器材在地板上，鼓励幼儿练习双脚跳以及双脚打开平衡走路。",,,published,2025-01-13 05:43:10,2025-01-13 05:42:57,2025-01-13 05:43:09,NULL,"{""id"": 18, ""code"": ""OMB01""}","[{""id"": 1284, ""label"": ""2025 N1 Christie Matheson""}]",NULL,[],[]
289849,post,华文儿歌-蔬菜歌,"这是幼儿们这周学习的儿歌，家长们可以在家和幼儿一起练习。

主要学习歌词：
喔 青菜 喔 青菜
嗯~

我爱绿绿青菜，
都爱绿绿青菜，
告诉我 什么最喜欢，
我们要大口吃。
",,https://youtu.be/1oayEBQq20Y?feature=shared,published,2025-01-13 05:45:03,2025-01-13 05:45:02,2025-01-13 05:45:32,NULL,"{""id"": 18, ""code"": ""OMB01""}","[{""id"": 1284, ""label"": ""2025 N1 Christie Matheson""}]",NULL,[],[]
289864,album,一月第三周，探索手指偶。,"今天孩子第一次探索手指偶，有些孩子觉得很惊讶，有些觉很好奇；有些觉得很好玩。
大家都达到好奇与探索发展的目标，好棒！",,,published,2025-01-13 06:34:21,2025-01-13 06:34:06,2025-01-13 06:34:20,NULL,"{""id"": 10, ""code"": ""DTE01""}","[{""id"": 1310, ""label"": ""2025 Infant Mozart""}]",NULL,[],[]
289865,post,拍拍动物气球,鼓励幼儿在区角和同伴一起寻找不同的动物气球，鼓励幼儿拍一拍动物气球，老师将气球从绳子上取下来，鼓励幼儿向上拍打气球，尝试将气球扔给同伴或老师等，一起感受玩气球的乐趣。过程中，鼓励幼儿尝试跟随说出气球上动物的名称等。,,,published,2025-01-13 06:35:05,2025-01-13 06:34:43,2025-01-13 06:35:05,NULL,"{""id"": 18, ""code"": ""OMB01""}","[{""id"": 1283, ""label"": ""2025 Playgroup Emma Dodd""}]",NULL,[],[]
289867,album,Term 1 Week 1,"Dear parents,

The teacher prepared a ""Talking Tub"" filled with objects and images on the topic of Talents and Abilities. The children explored the items, with the teacher prompting them to discuss what each object might represent and how it relates to talents and abilities. Children shared their thoughts with the class, described the items they found most interesting, and explained why. 

For Math Mind, children drew outlines of various shapes (e.g., circles, triangles, squares) on colorful paper. They cut out the shapes, sorted and matched them based on their chosen attributes, such as color, size, or the number of edges. After matching, they glued their sorted groups onto a poster to create a colorful collage. 

Guided Reading Book: My Tooth
Content words: tooth, loose, Mum, Dad, Grandad, sister
Sight words: my, is, I, will, get, your, out, said, no, do, not, want, away

The teacher showed a list of sight words to the children from the focused Guided Reading book. To familiarize themselves, children did the following:
Say it: Read the word aloud.
Clap it: Clap the syllables.
The children were also given the opportunity to spell the sight and content words using the laptop.
At home, emphasize sight words while reading aloud and encourage your child to identify them. Continue to reinforce the sight words with repeated exposure no matter which activity you choose (e.g., looking around the print environment in parks, malls, etc.).

Letter Land:
Consonant Blends - /br/ 
Children were guided to blend /b/ and /r/ to create the -br consonant blend. 
Break, branch, breakfast, brick, brush, brown

Digital Literacy:
Children watched a video on technology devices as a recap of what was talked about in K1.
Afterwards, using tangible equipment/devices, children recalled basic computer components/technological devices such as: mouse, keyboard, monitor, iPad, computer desktop, scanner, and identified new devices such as: printer, headphones, etc.

Kind regards,
Teacher Karen",,,published,2025-01-13 06:41:28,2025-01-13 06:41:14,2025-01-13 06:41:28,NULL,"{""id"": 5, ""code"": ""DTH01""}","[{""id"": 1405, ""label"": ""2025 Kindergarten 2 Risk-Takers""}]",NULL,[],[]
289871,post,我是牙医,"幼儿们阅读故事绘本《鳄鱼怕怕 牙医怕怕》后对牙医的角色非常感兴趣，并在讨论过程中说出了自己的感受，例如：有的幼儿说我以后想做牙医；有的幼儿说我喜欢使用工具帮助鳄鱼治疗牙齿。

老师准备了很多关于牙医的工具，并显示给幼儿们宠物狗的牙齿，有的牙齿是蛀牙，有的牙齿掉下来，这时候需要幼儿们扮演成牙医帮助小狗治疗牙齿。幼儿们在这项活动中了解的牙医的工作，近距离体验了如何使用这些工具。",,,draft,2025-01-13 06:44:21,2025-01-13 06:44:05,2025-01-13 06:44:20,NULL,"{""id"": 1, ""code"": ""DNI00""}","[{""id"": 1298, ""label"": ""2025 N2 Eric Carle""}]",NULL,[],[]
289874,post,旋转字卡,"幼儿们在本年度第一学期中首先接触到了绘本学习《鳄鱼怕怕 牙医怕怕》在绘本学习中，幼儿们练习认读华文单词和句子：牙医/害怕/刷牙/我很害怕。为了方便幼儿们在学习认读的同时激发幼儿们多华文学习的兴趣，幼儿们使用游戏的当时寓教于乐。

幼儿们对转盘上的指针产生好奇，并用手指挪动指针旋转，当指针指到其中一个单词时，幼儿们同时进行认读单词的步骤。在接下来的语言学习中，会更加关注幼儿们的发音和识字。",,,draft,2025-01-13 06:54:52,2025-01-13 06:54:44,2025-01-13 06:54:52,NULL,"{""id"": 1, ""code"": ""DNI00""}","[{""id"": 1298, ""label"": ""2025 N2 Eric Carle""}]",NULL,[],[]
289877,post,角色扮演鳄鱼和牙医,"幼儿们跟随绘本中的角色进行故事演绎，有的幼儿选择鳄鱼，有的幼儿选择牙医。在扮演角色前幼儿们都会说一说自己对角色的看法和感受，例如：有的幼儿会说我喜欢鳄鱼，因为鳄鱼的嘴巴很大；有的幼儿说我喜欢牙医，因为我可以治疗牙齿。等等。

在幼儿们扮演角色时，他们也会跟着绘本中的内容进行对话。
例如：
鳄鱼：我的牙很痛！
牙医：我看见了鳄鱼，我很害怕！

这些简单的对话能够帮助幼儿们更好的理解绘本中的内容情节，并为幼儿们的学习带来了很大乐趣。",,,draft,2025-01-13 07:00:44,2025-01-13 07:00:40,2025-01-13 07:00:43,NULL,"{""id"": 1, ""code"": ""DNI00""}","[{""id"": 1298, ""label"": ""2025 N2 Eric Carle""}]",NULL,[],[]
289885,album,January Week 1: Julia Gabriel,Teacher Sarah and the children!,,,published,2025-01-13 08:50:31,2025-01-13 08:50:17,2025-01-13 08:50:31,NULL,"{""id"": 20, ""code"": ""TMJ""}","[{""id"": 1402, ""label"": ""2025 N1 Kelly""}]",NULL,[],[]
289894,album,Chinese New Year Craft,"Sapphire was given a paper plate snake cut out, brush and paint to explore. She curiously used the brush and dipped it in the before and proceeds to paint the snake. She also picked up the paper plate and bring it up to her face so that she could look through it. Sapphire also attempts to crumple the  paper and it gave it more texture.",,,published,2025-02-11 00:41:59,2025-01-13 10:40:56,2025-02-11 00:41:58,NULL,"{""id"": 16, ""code"": ""MBS""}","[{""id"": 1376, ""label"": ""2025 Infant Joy""}]",NULL,[],[]
289896,album,《祝哲恩两岁生日快乐》,"今天茶点时间，小朋友们一起给哲恩庆祝两岁生日。我们一起唱生日快乐歌🤗一起照片留念😄一起品尝美味的蛋糕🎂回到课室里，还收到哲恩的生日礼物🎁感谢哲恩父母准备的生日礼物🎁让我们收获满满🥰再次祝愿哲恩小朋友生日快乐，平安喜乐,未来可期!",,,published,2025-01-13 11:35:29,2025-01-13 11:35:11,2025-01-13 11:47:52,NULL,"{""id"": 1, ""code"": ""DNI00""}","[{""id"": 1295, ""label"": ""2025 PG Rod Campbell""}]",NULL,[],[]
289898,album,一月份第二周：新年手工—鞭炮贴贴乐,"活动目标：通过美术活动，如涂鸦，水彩画等，认识熟悉的颜色，形状等，培养婴幼儿对艺术的兴趣

在制作新年鞭炮的活动中，我们特别注重尊重幼儿的自主性。老师为幼儿们准备了彩色纸、自制的‘鞭炮’和‘福’字，让每位幼儿根据自己的喜好和兴趣，自由选择并将‘鞭炮’粘贴在彩色纸上，再添加象征幸福的‘福’字。虽然儿们的作品可能看起来不太整齐，但正是这种自由发挥，让每一幅作品都独一无二，充满了幼儿自己的想法和创意。这不仅让孩子们感受到了新年的喜庆氛围，也培养了幼儿对选择和表达的信心",,,published,2025-01-13 12:58:52,2025-01-13 12:58:35,2025-01-13 12:58:52,NULL,"{""id"": 10, ""code"": ""DTE01""}","[{""id"": 1310, ""label"": ""2025 Infant Mozart""}]",NULL,[],[]
289899,post,Hogan Turns 1- (part 1),"Happy birthday to the bravest boy that I know. Explore the world in your way, our little rockstar!

Celebrating Hogan’s birthday in school today. 
Mummy and Daddy came to celebrate with us. They brought varieties of musical instruments and engaged us in musical exploration. We had so much fun in exploring the instruments- making sounds. We were able to stay engaged in the activity for a longer time span. ",,,published,2025-01-13 13:47:17,2025-01-13 13:47:11,2025-01-13 13:47:17,NULL,"{""id"": 1, ""code"": ""DNI00""}","[{""id"": 1302, ""label"": ""2025 Infant Karen Katz""}]",NULL,[],[]
289900,post,Hogan’s Musical Birthday Blast!,"Celebrating Hogan’s birthday in school today. 
Mummy and Daddy came to celebrate with us. They brought varieties of musical instruments and engaged us in musical exploration. We had so much fun in exploring the instruments- making sounds. We were able to stay engaged in the activity for a longer time span. 
Thank you so much for spending your precious time with us!",,,published,2025-01-13 13:53:17,2025-01-13 13:53:04,2025-01-13 13:53:16,NULL,"{""id"": 1, ""code"": ""DNI00""}","[{""id"": 1302, ""label"": ""2025 Infant Karen Katz""}]",NULL,[],[]
289902,post,一月 第一周 形状光影,"学习目标：
1.幼儿尝试使用形状积木探索阳光下的光影。
2.激发幼儿对大自然的兴趣与好奇。

学习过程：
教师带领幼儿们来到巴西立公园，引导幼儿尝试认识不同的形状积木，鼓励幼儿观察阳光下不同形状积木的影子，同时，教师也鼓励幼儿观察透过不同颜色积木观察草地或者树叶的不同颜色。",,,published,2025-01-14 04:05:48,2025-01-13 15:06:39,2025-01-14 04:18:49,NULL,"{""id"": 10, ""code"": ""DTE01""}","[{""id"": 1312, ""label"": ""2025 Nursery 1 Lois Ehlert""}]",NULL,[],[]
289907,album,Weekly Highlight: Term 1 Week 2!,"In Term 1 Week 2, we read the book, Not a Box by Antoinette Portis. The children were then presented with a fun challenge of transforming boxes into something entirely different! ",,,published,2025-01-15 00:45:02,2025-01-13 23:05:39,2025-01-15 00:45:02,NULL,"{""id"": 20, ""code"": ""TMJ""}","[{""id"": 1432, ""label"": ""2025 K2 Potter""}]",NULL,[],[]
289918,post,第一学期 第二周 奥莉薇数数冻结默剧,"学习目标：
1.幼儿能够协调大肌肉动作来模仿奥莉薇。
2.幼儿能积极的用华语表达自己的想法。
学习过程：
教师引导幼儿复习绘本故事《奥莉薇》，并鼓励幼儿观察其中的画面，谈一谈奥莉薇在做什么？接着，教师使用“数数冻结默剧”的戏剧教学策略，来鼓励幼儿模仿奥莉薇的动作，如：换衣服、踢球等等。",,,published,2025-01-14 14:41:11,2025-01-14 03:23:57,2025-01-14 14:41:10,NULL,"{""id"": 10, ""code"": ""DTE01""}","[{""id"": 1316, ""label"": ""2025 Kindergarten 2 Elgar""}]",NULL,[],[]
289931,album,Rock Climbing,"Today, the children had an exciting rock climbing lesson filled with fun and adventure! They eagerly took on the challenge and strengthening their motor skills as they climbed, gripped, and balanced their way up. ",,,draft,2025-01-14 05:08:20,2025-01-14 05:00:07,2025-01-14 05:08:19,NULL,"{""id"": 1, ""code"": ""DNI00""}","[{""id"": 1301, ""label"": ""2025 K2 Debi Gliori""}]",NULL,[],[]
289933,album,Fun at Octaves!,Learning different elements of music can be so much fun!,,,published,2025-01-14 05:23:52,2025-01-14 05:23:23,2025-01-14 05:23:51,NULL,"{""id"": 18, ""code"": ""OMB01""}","[{""id"": 1286, ""label"": ""2025 N2 Kevin Henkes""}]",NULL,[],[]
289936,album,第一学期第二周精彩活动,请家长们欣赏本周精彩活动～,,,published,2025-01-16 05:40:46,2025-01-14 05:35:36,2025-01-16 05:40:45,NULL,"{""id"": 20, ""code"": ""TMJ""}","[{""id"": 1430, ""label"": ""2025 K1 Bright""}]",NULL,[],[]
289937,album,精彩瞬间（1.13-1.17）,"请家长们欣赏本周的精彩瞬间～
",,,published,2025-01-16 05:47:25,2025-01-14 05:39:20,2025-01-16 05:47:24,NULL,"{""id"": 20, ""code"": ""TMJ""}","[{""id"": 1430, ""label"": ""2025 K1 Bright""}]",NULL,[],[]
289948,album,一月第二周：神奇弹跳盒,"活动目标：发展手眼协调能力，如人伸手去抓东西；将物品从一只手转移到另一只手等
活动过程：
老师将弹跳玩具放在柔软安全的垫子上，吸引幼儿注意玩具的颜色。老师示范按下按钮，盖子打开时动物弹出来，并用夸张的语气说：“哇！动物出来了！”然后鼓励幼儿尝试按压不同按钮。当月龄较大幼儿按压成功后，老师及时给予语言鼓励，例如：“你按下去了，动物出来和你打招呼啦！”月龄较小幼儿还不会按压，老师可以握住幼儿的小手一起完成动作，同时用轻柔的语气说：“你按按看，这里会发生什么呢？鼓励幼儿自行探索。",,,published,2025-01-14 06:37:04,2025-01-14 06:22:55,2025-01-14 06:42:33,NULL,"{""id"": 10, ""code"": ""DTE01""}","[{""id"": 1310, ""label"": ""2025 Infant Mozart""}]",NULL,[],[]
289949,album,Our First session of Rock Climbing!,"Yesterday, the children finally had their first session of rock climbing! They were very eager to try, although some initially expressed fear about climbing. Nevertheless, I am proud of the K1s for giving it a go and managing to climb to the top! Let’s continue encouraging them and look forward to seeing their growth as they practice and learn strategies to climb more effectively and safely.",,,draft,2025-01-15 00:00:59,2025-01-14 06:24:43,2025-01-15 00:12:24,NULL,"{""id"": 1, ""code"": ""DNI00""}","[{""id"": 1300, ""label"": ""2025 K1 David McKee""}]",NULL,[],[]
289950,album,Scoop and transfer,"To foster the children's self-help skills, they were invited to scoop and transfer the pompom balls into the egg carton tray using a spoon. 

During the activity, it was interesting to see how the children found different ways to scoop and place the pompom ball into the egg carton tray. Once they have completed, the teacher got them to count the number of pompom that they have inside their tray, hence developing their counting skills. The children showed great perseverance and engagement while doing the activity. Way to go, PGs!",,,draft,2025-01-15 09:59:03,2025-01-14 06:36:21,2025-01-15 09:59:02,NULL,"{""id"": 1, ""code"": ""DNI00""}","[{""id"": 1295, ""label"": ""2025 PG Rod Campbell""}]",NULL,[],[]
289951,album,鳄鱼怕怕 牙医怕怕,在这学期，我们和孩子分享了绘本《鳄鱼怕怕 牙医怕怕》。除了了解与探索故事情节外，孩子们也扮演了绘本中的重要角色“鳄鱼”和“牙医”，并透过游戏的方式去寻找“鳄鱼”与“牙医”这两个词汇。,,,published,2025-01-14 06:51:39,2025-01-14 06:51:26,2025-01-14 06:58:45,NULL,"{""id"": 18, ""code"": ""OMB01""}","[{""id"": 1285, ""label"": ""2025 N2 Eric Carle""}]",NULL,[],[]
289952,album,鳄鱼有几颗牙齿？,孩子们一起观察鳄鱼的嘴巴，猜一猜鳄鱼有几颗牙齿。接着孩子尝试以点数的方式，数一数鳄鱼有几颗牙齿。,,,published,2025-01-14 06:54:18,2025-01-14 06:54:02,2025-01-14 06:54:18,NULL,"{""id"": 18, ""code"": ""OMB01""}","[{""id"": 1285, ""label"": ""2025 N2 Eric Carle""}]",NULL,[],[]
289955,album,Smart Science Lab - Coding class,"During the science enrichment programme, the children learn coding using Scratch. They design and create own interactive games, learning to use coding blocks for movement. ",,,published,2025-01-16 04:10:48,2025-01-14 08:26:33,2025-01-16 04:10:47,NULL,"{""id"": 1, ""code"": ""DNI00""}","[{""id"": 1301, ""label"": ""2025 K2 Debi Gliori""}]",NULL,[],[]
289959,album,K2 Potter's Weekly Photos - January 13th to January 17th,Here are some photos of the little ones from this week!,,,published,2025-01-16 05:36:32,2025-01-15 01:26:01,2025-01-16 05:36:32,NULL,"{""id"": 20, ""code"": ""TMJ""}","[{""id"": 1432, ""label"": ""2025 K2 Potter""}]",NULL,[],[]
289960,album,January Week 2: Story-telling ,"Learning objectives:
- Foster language and expressions through conversations, songs, stories and rhymes 

The teacher introduced the story Incy Wincy Spider by Jenny Copper to the children. As the teacher read the book, she mimicked the actions of the spider, climbing up and down, which captured the children’s attention. The children enthusiastically joined in, mimicking the spider’s movements, and began repeating words like ""up"" and ""down"" after the teacher. ",,,published,2025-01-15 01:38:31,2025-01-15 01:38:26,2025-01-15 01:41:27,NULL,"{""id"": 10, ""code"": ""DTE01""}","[{""id"": 1310, ""label"": ""2025 Infant Mozart""}]",NULL,[],[]
289961,album,January Week 1: Exploring the bead maze,"Learning Objectives: 
- Children to be fostered enjoyment in playing with toys and materials 

Children are encouraged to explore moving the beats across the beat maze. The teacher encouraged the children by providing positive reinforcement as the children explored the beat maze. The children were also occasionally guided by the teacher to use their hands to attempt to shift the beads around the maze. 
",,,published,2025-01-15 01:52:45,2025-01-15 01:52:38,2025-01-15 01:54:27,NULL,"{""id"": 10, ""code"": ""DTE01""}","[{""id"": 1310, ""label"": ""2025 Infant Mozart""}]",NULL,[],[]
289963,album,音乐课14/1,活动内容，请参考课件。,,,draft,2025-01-15 05:46:43,2025-01-15 02:33:00,2025-01-15 05:46:42,NULL,"{""id"": 18, ""code"": ""OMB01""}","[{""id"": 1284, ""label"": ""2025 N1 Christie Matheson""}]",NULL,[],[]
289964,album,《可爱的小手》,在认识我的小手后，老师提供颜料、毛刷、卡纸、假眼睛、毛球若干，邀请幼儿参与印画可爱的小手活动。老师介绍材料，示范操作过程。鼓励幼儿选择自己喜欢的颜色涂在自己的小手上，并印画在卡纸上。在对印画好的小手进行装饰，幼儿在创造过程中认识颜色，体验印画创作的乐趣。,,,draft,2025-01-15 04:26:49,2025-01-15 04:26:45,2025-01-15 04:26:48,NULL,"{""id"": 1, ""code"": ""DNI00""}","[{""id"": 1295, ""label"": ""2025 PG Rod Campbell""}]",NULL,[],[]
289965,album,《摇摆的小水母》,下雨天我们一起去户外，操作摇摆的小水母。老师准备好裁剪好纸板若干，水母上面打好孔，固定好了毛根，水母的触角就完成了。小朋友们在给水母穿毛根的过程中，锻炼幼儿的手眼协调能力和精细动作。,,,draft,2025-01-15 04:32:56,2025-01-15 04:32:53,2025-01-15 04:37:21,NULL,"{""id"": 1, ""code"": ""DNI00""}","[{""id"": 1295, ""label"": ""2025 PG Rod Campbell""}]",NULL,[],[]
289967,album,不同的布,今天我触摸了几种不同质地的布和网纱，它们有的摸起来软，有的摸起来有的滑，网纱跟它们不一样，它触摸起来比较有质感，我喜欢！,,,published,2025-01-15 04:47:04,2025-01-15 04:46:57,2025-01-15 04:47:03,NULL,"{""id"": 1, ""code"": ""DNI00""}","[{""id"": 1302, ""label"": ""2025 Infant Karen Katz""}]",NULL,[],[]
289968,album,Bubble play,"We went outdoors for a bubble play! The children explored how to blow bubbles through this activity. They also experimented on other ways of making bubbles, such as swishing the bubble wand to create bubbles 🫧 . They had an enjoyable time making bubbles and chasing the bubbles to pop them. 

This activity allowed children to learn a variety of skills, like breathing control, hand-eye coordination, and honing their gross motor skills. ",,,draft,2025-01-15 04:49:25,2025-01-15 04:48:55,2025-01-15 04:54:18,NULL,"{""id"": 1, ""code"": ""DNI00""}","[{""id"": 1295, ""label"": ""2025 PG Rod Campbell""}]",NULL,[],[]
289971,album,制作新年挂饰“蛇”,华人新年即将到来，教师准备若干大的纸盘、橙色、红色颜料，可以让小朋友们自己选择自己喜欢的颜色再将它们涂在纸盘上，等晾干后，老师将纸盘剪成“蛇”的形状，之后邀请小朋友们一起用轻粘土进行装饰，最后再贴上“蛇”的眼睛和舌头，这样挂饰就做好了。,,,published,2025-01-15 05:46:00,2025-01-15 05:45:30,2025-01-15 05:45:59,NULL,"{""id"": 16, ""code"": ""MBS""}","[{""id"": 1377, ""label"": ""2025 Playgroup Care""}]",NULL,[],[]
289973,album,植物需要水,教师带领小朋友去游乐场时可以带水、碗和喷壶，教师可以与小朋友们分享植物需要喝水，我们一起来给植物浇水吧！,,,published,2025-01-15 05:48:21,2025-01-15 05:48:11,2025-01-15 05:48:21,NULL,"{""id"": 16, ""code"": ""MBS""}","[{""id"": 1377, ""label"": ""2025 Playgroup Care""}]",NULL,[],[]
289974,album,一起来撕树叶吧！,教师将捡到的叶子洗干净后放入篮子中，教师与小朋友们分享树叶的名称和不同的颜色，例如有绿色、黄色和棕色的。教师示范如何撕开叶子，邀请感兴趣的幼儿一起来撕树叶。,,,published,2025-01-15 05:51:34,2025-01-15 05:51:16,2025-01-15 05:51:33,NULL,"{""id"": 16, ""code"": ""MBS""}","[{""id"": 1377, ""label"": ""2025 Playgroup Care""}]",NULL,[],[]
289979,album,我们的音乐课,又到了星期三，我们一起来上音乐课吧！小朋友们可以用不同的乐器来学习新的歌曲。,,,published,2025-01-15 05:57:42,2025-01-15 05:57:03,2025-01-15 05:57:41,NULL,"{""id"": 16, ""code"": ""MBS""}","[{""id"": 1377, ""label"": ""2025 Playgroup Care""}]",NULL,[],[]
289981,album,精彩活动：第一学期 第二周,请家长们查阅本周精彩活动！,,,published,2025-01-15 05:59:36,2025-01-15 05:58:53,2025-01-15 05:59:35,NULL,"{""id"": 20, ""code"": ""TMJ""}","[{""id"": 1432, ""label"": ""2025 K2 Potter""}]",NULL,[],[]
289982,album,一月 第一周：乐器探索,"活动目标：
通过声音探索周围的环境，培养婴幼儿对音乐律动的兴趣，享受音乐与律动。

活动过程：
今天老师和小朋友们一起探索各式各样的乐器，有摇铃、鼓、沙锤…等，在探索过后我们配合新年歌曲的旋律一起尝试演奏乐器，在探索乐器的过程中培养幼儿对音乐活动的兴趣。

歌曲连结
新年好：https://youtu.be/gM_QSDCjHKY?feature=shared",,,published,2025-01-16 06:41:03,2025-01-15 06:00:42,2025-01-16 06:41:02,NULL,"{""id"": 10, ""code"": ""DTE01""}","[{""id"": 1310, ""label"": ""2025 Infant Mozart""}]",NULL,[],[]
289983,album,一月 第一周：认识形状,"活动目标：
通过自由探索活动，发展婴幼儿的大小和形状概念

活动过程：
老师阅读绘本《形状》，绘本中介绍了圆形、正方形、三角形…等图形，老师准备了各种圆形的物品、也鼓励小朋友们一起在课室中寻找圆形的物品，在今天的活动中我们通过探索过程认识了“圆形”。


歌曲连结
形状游戏：https://youtu.be/HWfIECJcJo8?feature=shared",,,published,2025-01-16 07:09:21,2025-01-15 06:02:27,2025-01-16 07:09:20,NULL,"{""id"": 10, ""code"": ""DTE01""}","[{""id"": 1310, ""label"": ""2025 Infant Mozart""}]",NULL,[],[]
289989,album,一月精彩相册（三）,"体能游戏
音乐课
拍字卡游戏
Ready steady Go Kids
",,,published,2025-01-15 06:28:44,2025-01-15 06:27:45,2025-01-15 06:28:43,NULL,"{""id"": 20, ""code"": ""TMJ""}","[{""id"": 1432, ""label"": ""2025 K2 Potter""}]",NULL,[],[]
289999,album,Ready Steady Go Kids!,"15/01/2025

  请查收幼儿们Ready Steady Go Kids!的活动照片！",,,published,2025-01-15 07:10:14,2025-01-15 07:09:57,2025-01-15 07:10:13,NULL,"{""id"": 20, ""code"": ""TMJ""}","[{""id"": 1404, ""label"": ""2025 K1 Bailey""}]",NULL,[],[]
290001,album,周活动 -- 第一学期第二周,"13/01 -- 17/01/2025

这里是本周其他活动的精彩瞬间，请您查收！",,,published,2025-01-15 07:24:58,2025-01-15 07:24:38,2025-01-15 07:24:58,NULL,"{""id"": 20, ""code"": ""TMJ""}","[{""id"": 1371, ""label"": ""2025 N2 Donaldson""}]",NULL,[],[]
290002,album,华文演绎课,"华文演绎老师为幼儿复习《过新年》儿歌，鼓励幼儿一边用手打拍子，一边唱出儿歌。老师也邀请幼儿到前面跟着老师一起读出儿歌给同伴们听。

歌词：
新年到，真热闹。
全家团圆乐滔滔。

老师今天也教导幼儿唱新的儿歌《大声说哈喽》，并鼓励幼儿一边唱歌，一边随着儿歌音乐做律动。


",,,draft,2025-01-15 08:53:13,2025-01-15 08:42:01,2025-01-15 08:53:13,NULL,"{""id"": 18, ""code"": ""OMB01""}","[{""id"": 1284, ""label"": ""2025 N1 Christie Matheson""}]",NULL,[],[]
290008,album,精彩活动——第一学期第二周,"13/01/2025——15/01/2025

  本周K1 Bailey的精彩活动是《故事接龙游戏》，从语言斗和数学脑两个领域出发：
在数学脑领域，幼儿通过观察绘本图片，根据菲菲情绪变化的发展顺序完成故事排序，学会按照特定规则排列多个事物，初步培养了逻辑思维能力和排序技能。
在语言斗领域，幼儿通过聆听教师复述故事和同伴讲述图片内容，逐步养成了注意倾听的习惯，能够理解故事情节，并用自己的语言表达图片中的内容。",,,published,2025-01-15 10:14:48,2025-01-15 10:13:50,2025-01-15 10:14:48,NULL,"{""id"": 20, ""code"": ""TMJ""}","[{""id"": 1404, ""label"": ""2025 K1 Bailey""}]",NULL,[],[]
290018,album,精彩活动 一月 第二周 花束,"      教师提供蛋盒、颜料和蓬蓬球等材料，鼓励幼儿彩绘装鸡蛋的盒子后，在教师的引导协助下制作花朵，然后黏贴成花束。
      通过美术活动培养幼儿对艺术的兴趣，从而实现婴幼儿是自信、好奇和投入的学习者[持续的参与、注意力、解决问题和语言能力]的学习成果。
",,,published,2025-01-17 05:31:49,2025-01-15 13:28:39,2025-01-17 05:31:48,NULL,"{""id"": 20, ""code"": ""TMJ""}","[{""id"": 1402, ""label"": ""2025 N1 Kelly""}]",NULL,[],[]
290019,album,一月 第二周 活动集锦,这是部分活动的照片，请浏览！,,,published,2025-01-17 05:46:08,2025-01-15 13:57:53,2025-01-17 05:46:08,NULL,"{""id"": 20, ""code"": ""TMJ""}","[{""id"": 1402, ""label"": ""2025 N1 Kelly""}]",NULL,[],[]
290021,album,精彩活动 -- 第一学期第二周,"13/01 -- 17/01/2025

本周是N2 Donaldson 第一学期第二周,本周的主要内容是：师生重读绘本《鳄鱼怕怕，牙医怕怕》，幼儿尝试根据故事内容提问；教师教导幼儿学习句式：我害怕鳄鱼。尝试让幼儿使用句式说一说自己害怕的事物；同时，教师提供手工材料：胶棒、纸盘、扭扭棒、吸管、彩色卡纸、蓬蓬球等材料，幼儿选择自己喜欢的表情创作自己的情绪脸谱。另外，幼儿能尝试根据情绪将进行作品分类；学习儿歌 《幸福拍手歌》，并为儿歌配以相应的动作。",,,published,2025-01-15 14:36:22,2025-01-15 14:33:44,2025-01-15 14:41:15,NULL,"{""id"": 20, ""code"": ""TMJ""}","[{""id"": 1371, ""label"": ""2025 N2 Donaldson""}]",NULL,[],[]
290033,post,一月份第一周： 听一听，风来啦,"活动目标：
初步发展对自然环境的感知（风）

活动过程：
“探索声音的奇妙世界”
将小球放在耳边，感受风的声音在耳边回荡，激发宝宝的好奇心与听觉发展。这是孩子感知
世界的第一步，发现无限的乐趣！",,,draft,2025-01-16 03:47:20,2025-01-16 03:47:09,2025-01-23 07:06:05,NULL,"{""id"": 10, ""code"": ""DTE01""}","[{""id"": 1310, ""label"": ""2025 Infant Mozart""}]",NULL,[],[]
290034,post,一月份第二周： 摘小球,"活动目标：
发展手眼协调能力

活动过程：
“小手挥动，摘下小球”
通过摘球游戏，促进孩子的手眼协调能力以及小肌肉的发展。当小球在空中摇动时，孩子都努
力的伸手把小球摘下来☺️",,,draft,2025-01-16 03:51:40,2025-01-16 03:51:29,2025-01-23 07:05:26,NULL,"{""id"": 10, ""code"": ""DTE01""}","[{""id"": 1310, ""label"": ""2025 Infant Mozart""}]",NULL,[],[]
290042,album,体育活动课,"1.身体发展目标
提高基本动作能力，如跑、跳、投掷、平衡等。
增强身体协调性和灵活性。
促进手眼协调和反应速度的发展。
增强体能和耐力，促进心肺功能健康。
2. 心理发展目标
培养对体育活动的兴趣和自信心。
学会控制情绪，能在活动中保持积极的态度。
锻炼规则意识和自我控制能力，能够遵守游戏规则。
3. 社会性发展目标
促进合作与团队精神，学会与同伴合作完成任务。
培养谦让和公平竞争的意识。
提高解决问题和人际交往的能力。
4. 认知发展目标
认识身体不同部位的功能，学会使用肢体完成不同动作。
发展方向感和空间感，能在活动中辨别位置和路线。
理解和遵循指令和规则，增强逻辑思维能力。",,,published,2025-01-16 04:48:41,2025-01-16 04:48:13,2025-01-16 04:48:40,NULL,"{""id"": 20, ""code"": ""TMJ""}","[{""id"": 1403, ""label"": ""2025 N2 Florence""}]",NULL,[],[]
290044,album,每周精彩活动——（第一学期——第二周—情绪脸谱）,"
此活动帮助幼儿识别和表达基本情绪（如开心、生气、害怕、悲伤等）。
引导幼儿理解情绪的多样性，培养情绪管理的初步意识。
促进幼儿对他人情绪的共情能力，学会关心和尊重他人的感受。
通过小组合作活动，增强沟通能力和团队合作精神。
增强幼儿对面部特征和表情变化的观察和理解能力。
发展幼儿的创造性思维和想象力，能够用自己的方式设计脸谱。
提高幼儿的手眼协调能力和精细动作能力，如剪、贴、画等技能。

在制作情绪脸谱的活动中，教师引导幼儿观察和讨论不同的情绪表情。通过示范和讲解，孩子们使用纸盘、彩纸、颜料、胶水、剪刀等材料，创造出具有不同情绪的脸谱（如高兴、伤心、惊讶、害怕、生气等）。
幼儿通过涂色或粘贴五官来表现不同情绪。
为脸谱加入夸张的表情细节，比如上扬的嘴角表示高兴，下垂的眉毛表示悲伤。
教师引导幼儿展示作品，用语言表达脸谱的情绪特征和原因，培养其语言表达能力和情绪反思能力。",,,published,2025-01-16 05:16:26,2025-01-16 05:16:05,2025-01-16 05:17:40,NULL,"{""id"": 20, ""code"": ""TMJ""}","[{""id"": 1403, ""label"": ""2025 N2 Florence""}]",NULL,[],[]
290045,album,十二月 第五周 户外活动,"
活动目标：

1.锻炼幼儿身体的协调能力。
2.使幼儿感受运动的快乐。

活动过程：

在活动开始前，幼儿们首先进行简单的热身操，活动身体，准备迎接接下来的球类游戏。接着，孩子们可以自由选择自己喜欢的球，如小型软球或沙包球等，每个孩子都会拿到一颗自己喜欢的球。随后，孩子们开始进行投掷活动，他们可以选择将球往上抛、往前投。为了增加趣味和挑战性，活动过程中会设置一些目标区域或障碍物，让孩子们投掷到指定位置。活动结束时，孩子们围坐一圈，并通过简单的放松操放松身体，感受运动的快乐与成就感。

活动日期：2024年12月30-31日",,,published,2025-01-16 05:32:25,2025-01-16 05:32:16,2025-01-16 05:37:10,NULL,"{""id"": 10, ""code"": ""DTE01""}","[{""id"": 1311, ""label"": ""2025 Playgroup Michael Rosen""}]",NULL,[],[]
290047,album,一月 第一周 梅花手工,"

活动目标：

1.锻炼幼儿手部细小肌肉的能力。
2.使幼儿感受创作的快乐。

活动过程：

活动开始前，老师先简要介绍活动内容，告诉孩子们今天将使用皱纹纸进行创作。然后，幼儿们可以根据自己的喜好，选择不同的颜色的皱纹纸。在活动过程中，孩子们需要用手撕碎皱纹纸，并将撕碎的小纸片攥在一起。接着，孩子们将这些纸片粘贴到纸板上，创造自己喜欢的图案或形状。孩子们可以自由发挥，粘贴成花朵、动物或其他有趣的形状。活动结束时，孩子们可以展示自己的作品，享受创作带来的快乐。


活动日期：2025年1月10日
",,,published,2025-01-16 05:36:55,2025-01-16 05:36:51,2025-01-16 05:36:55,NULL,"{""id"": 10, ""code"": ""DTE01""}","[{""id"": 1311, ""label"": ""2025 Playgroup Michael Rosen""}]",NULL,[],[]
290053,album,"Ready, Steady, Go Kids (T1W2)",亲爱的家长们，请查阅本周孩子们进行体育活动的照片和视频：）,,,published,2025-01-16 05:57:46,2025-01-16 05:56:57,2025-01-16 05:57:45,NULL,"{""id"": 20, ""code"": ""TMJ""}","[{""id"": 1433, ""label"": ""2025 K2 Robinson""}]",NULL,[],[]
290054,album,我喜欢的绘本画面,在欣赏绘本故事《奥莉薇》之后，老师提供了一些美术工具，鼓励幼儿画出在绘本故事中自己最喜爱的画面，鼓励幼儿写出句子:我喜欢......的画面。,,,published,2025-01-16 06:01:21,2025-01-16 05:57:46,2025-01-16 06:01:20,NULL,"{""id"": 18, ""code"": ""OMB01""}","[{""id"": 1288, ""label"": ""2025 K2 Peter H.Reynolds""}]",NULL,[],[]
290056,album,写福字活动,在新年来临之际，老师准备了一些红色的纸和墨水以及笔刷，鼓励幼儿来写福字。,,,published,2025-01-16 06:03:03,2025-01-16 06:00:33,2025-01-16 06:03:03,NULL,"{""id"": 18, ""code"": ""OMB01""}","[{""id"": 1288, ""label"": ""2025 K2 Peter H.Reynolds""}]",NULL,[],[]
290058,album,Term 1 Week 2 Photos: Rainbow Sort and Choice ,"Children are provided with opportunities to sort an assortment of colourful objects like buttons, blocks, and pom-poms by colour.",,,published,2025-01-17 06:39:49,2025-01-16 06:02:48,2025-01-17 06:39:49,NULL,"{""id"": 20, ""code"": ""TMJ""}","[{""id"": 1403, ""label"": ""2025 N2 Florence""}]",NULL,[],[]
290059,album,第一学期第二周精彩活动分享,"Objective(s)/目标:
幼儿能够协调大肌肉动作来模仿奥莉薇。
幼儿能积极地用华语表达自己的想法。
",,,published,2025-01-16 06:06:17,2025-01-16 06:04:48,2025-01-16 06:06:17,NULL,"{""id"": 20, ""code"": ""TMJ""}","[{""id"": 1433, ""label"": ""2025 K2 Robinson""}]",NULL,[],[]
290062,album,Weekly Highlight: Term 1 Week 2,"This week, the children were immersed in a playful and educational activity focused on identifying and sorting colours. Through engaging games, they were invited to pick up various colourful objects and sort them into corresponding trays based on their colours. This interactive approach not only made learning fun but also reinforced their ability to recognise and categorise different hues. ",,,published,2025-01-16 22:34:04,2025-01-16 06:19:13,2025-01-16 22:34:24,NULL,"{""id"": 20, ""code"": ""TMJ""}","[{""id"": 1371, ""label"": ""2025 N2 Donaldson""}]",NULL,[],[]
290068,album,January Week 2: Our Visit to Pasir Ris Park,"Learning objectives: 
1. Foster a beginning interest and curiosity in the natural environment through observation, exploration and play.
2. Foster interactions, attachments and relationships

This week, we had our first trip to Pasir Ris Park, accompanied by our wonderful parents. It was an exciting new experience for many of our little ones! They were especially fascinated by the rooster and chickens, which sparked lots of curiosity and conversation. The children had a fantastic time exploring the natural environment, collecting materials like leaves and twigs, and using them to create their own crafts. It was a lovely opportunity for them to connect with nature and engage in hands-on learning. We look forward to more adventures like this in the future!

Thank you to all the parents who joined us—your support made the outing even more special!

Date of activity: 14 January 2024",,,published,2025-01-16 06:43:57,2025-01-16 06:43:42,2025-01-16 06:43:56,NULL,"{""id"": 10, ""code"": ""DTE01""}","[{""id"": 1311, ""label"": ""2025 Playgroup Michael Rosen""}]",NULL,[],[]
290069,album,手工作品《生气的脸》😡😡😡,"老师邀请小朋友们参与手工制作《生气的脸》，使用不同的材料，如吸管、毛根、毛线等，制作自己生气的眼睛，生气的鼻子，生气的嘴巴等。

在活动过程中，小朋友们可以积极参与活动，发挥创意，做出生气的脸。",,,draft,2025-01-16 06:45:48,2025-01-16 06:45:36,2025-01-16 06:45:47,NULL,"{""id"": 1, ""code"": ""DNI00""}","[{""id"": 1300, ""label"": ""2025 K1 David McKee""}]",NULL,[],[]
290071,album,Octaves Music (T1W2),Enjoy our pictures/videos from this week!,,,published,2025-01-16 06:52:34,2025-01-16 06:51:56,2025-01-16 09:44:20,NULL,"{""id"": 20, ""code"": ""TMJ""}","[{""id"": 1433, ""label"": ""2025 K2 Robinson""}]",NULL,[],[]
290072,album,主题墙学习内容,家长们可以在家中和小朋友们一起复习学习的词汇，儿歌以及句式。句式中横线上的名字可以进行更换。谢谢！,,,draft,2025-01-16 06:55:09,2025-01-16 06:55:06,2025-01-16 06:55:08,NULL,"{""id"": 1, ""code"": ""DNI00""}","[{""id"": 1300, ""label"": ""2025 K1 David McKee""}]",NULL,[],[]
290074,album,《走一走》,孩子们和老师一起讨论游戏玩法、规则，老师边说“走走走，走走走，跟着老师走走走。不乱跑，不乱走，都是听话的小朋友。”带领幼儿一个跟着一个地走成一条纵队。老师与孩子们一起由直线走成圆圈并沿着圆圈继续走。老师请幼儿仔细聆听并示范说出游戏口令，鼓励幼儿根据口令走去触摸物体，然后继续跟着老师走回到圆圈上。然后老师说指令孩子们照做，再请孩子们讲出指令其他孩子做出相应动作。,,,published,2025-01-16 07:02:47,2025-01-16 06:59:35,2025-01-16 07:02:46,NULL,"{""id"": 16, ""code"": ""MBS""}","[{""id"": 1381, ""label"": ""2025 Nursery 2 Love""}]",NULL,[],[]
290075,album,数一数,教师带领并邀请幼儿来数一数嘴巴模型有几颗牙齿。教师引导幼儿用手指以点数的方式进行数数并用手指表示自己数出的数字，然后带领幼儿核对他们的猜测是否正确。,,,published,2025-01-16 07:13:32,2025-01-16 07:12:59,2025-01-16 07:13:32,NULL,"{""id"": 16, ""code"": ""MBS""}","[{""id"": 1381, ""label"": ""2025 Nursery 2 Love""}]",NULL,[],[]
290076,album,周活动,"13/01/2025——17/01/2025

  本周K1 Bailey的活动围绕绘本《菲菲生气了》展开，涉及语言斗、来创造、数学脑、来动吧四个学习领域。幼儿们分享自己的作品——《生气的脸》，围绕绘本进行故事接龙游戏、在律动中进行语言游戏、学习儿歌《生气歌》和幼儿舞蹈《气呼呼》。

  除此之外，还包括幼儿们在游乐场和户外的欢乐时光。

  请查收！",,,published,2025-01-18 03:11:01,2025-01-16 07:15:27,2025-01-18 03:11:00,NULL,"{""id"": 20, ""code"": ""TMJ""}","[{""id"": 1404, ""label"": ""2025 K1 Bailey""}]",NULL,[],[]
290077,album,Weekly Highlight; Term 1 Week 2,Exploring Our Talents and Abilities with “Not a Box”,,,published,2025-01-16 07:25:38,2025-01-16 07:24:48,2025-01-16 07:27:06,NULL,"{""id"": 20, ""code"": ""TMJ""}","[{""id"": 1433, ""label"": ""2025 K2 Robinson""}]",NULL,[],[]
290078,album,一月 第二周：新年的物品,"活动目标：
发展对词语与图片、物体之间关系的意识，能指认图片和物体

活动过程：
老师准备了新年时出现的物品的图片及实体物件，在过程中向幼儿介绍炮竹、鞭炮、舞狮…等，在过程中反覆向幼儿介绍物品的话语名称，幼儿也能通过实际触摸探索更近距离的认识这些物品。",,,published,2025-01-16 07:31:45,2025-01-16 07:31:36,2025-01-16 07:31:45,NULL,"{""id"": 10, ""code"": ""DTE01""}","[{""id"": 1310, ""label"": ""2025 Infant Mozart""}]",NULL,[],[]
290081,album,Weekly Update,"Hi Parents!

Last week, the children explored the concepts of soft and hard. We used kitchen food toys to compare the two textures, and then the children had a hands-on experience making their own playdough!

We also had a fun time during our music and movement class, and the children really seemed to enjoy learning new songs each time. Here are some photos from their class!

If you're wondering if your child has been eating veggies at school, they do! We encourage them to eat veggies and with the help of their friends too, they cheer each other! :D

Here are the songs we’ve been singing in class too:

	•	Put Your Hands in the Air – https://youtu.be/90Oe1sb5_ag?feature=shared

	•	Wake Up Song –https://youtu.be/elk5PpYyF-M?feature=shared

	•	Good Morning Song – https://youtu.be/elk5PpYyF-M?feature=shared ",,,published,2025-01-22 10:30:05,2025-01-16 09:23:39,2025-01-22 10:30:05,NULL,"{""id"": 5, ""code"": ""DTH01""}","[{""id"": 1408, ""label"": ""2025 Nursery 1 Engagers""}]",NULL,[],[]
290082,album,Activities this week (Term 1 Week 2),13/1 - 17/1,,,published,2025-01-16 09:37:35,2025-01-16 09:36:13,2025-01-16 09:38:21,NULL,"{""id"": 20, ""code"": ""TMJ""}","[{""id"": 1433, ""label"": ""2025 K2 Robinson""}]",NULL,[],[]
290084,album,蛇年手工作品,教师先鼓励幼儿用颜料在纸盘上涂上自己喜欢的颜色，待颜料晾干后，再协助幼儿剪出蛇的形状。接着，教师引导幼儿选择自己喜欢的美术装饰材料，贴在蛇的身体上进行装饰。最后，鼓励幼儿用金色颜料在红纸上尝试涂画，并将涂画后的红纸粘贴到蛇的身体上，完成作品。,,,published,2025-01-17 10:06:09,2025-01-16 09:55:37,2025-01-17 10:06:09,NULL,"{""id"": 18, ""code"": ""OMB01""}","[{""id"": 1284, ""label"": ""2025 N1 Christie Matheson""}]",NULL,[],[]
290088,album,我们一起做手工！,幼儿自己设计、彩色创作自己的花环底色，老师示范穿绳，请幼儿自己穿绳后进行装饰花环，锻炼幼儿的手眼协调能力和专注力，并让幼儿进行自我创作。,,,published,2025-01-16 10:53:49,2025-01-16 10:52:35,2025-01-16 10:53:49,NULL,"{""id"": 16, ""code"": ""MBS""}","[{""id"": 1381, ""label"": ""2025 Nursery 2 Love""}]",NULL,[],[]
290092,album,一月日记（13/1/2025-17/1/2025）,快和爸爸妈妈一起来看看我们的照片吧！,,,published,2025-01-17 06:30:45,2025-01-16 12:26:23,2025-01-17 06:30:45,NULL,"{""id"": 20, ""code"": ""TMJ""}","[{""id"": 1395, ""label"": ""2025 PG Kale""}]",NULL,[],[]
290094,album,一月第二周精彩活动,快和爸爸妈妈一起来看看我们的照片吧！,,,published,2025-01-17 06:30:08,2025-01-16 12:46:33,2025-01-17 06:30:08,NULL,"{""id"": 20, ""code"": ""TMJ""}","[{""id"": 1395, ""label"": ""2025 PG Kale""}]",NULL,[],[]
290095,album,Term 1 Week 2 Weekly Highlight,Exploring “Love You Forever” By Robert Munsch,,,published,2025-01-16 13:02:02,2025-01-16 13:01:44,2025-01-16 13:02:01,NULL,"{""id"": 20, ""code"": ""TMJ""}","[{""id"": 1430, ""label"": ""2025 K1 Bright""}]",NULL,[],[]
290097,album,Ready Steady Go Kids,"- Soccer
- Police and thief game",,,published,2025-01-16 13:07:33,2025-01-16 13:07:11,2025-01-16 13:07:33,NULL,"{""id"": 20, ""code"": ""TMJ""}","[{""id"": 1430, ""label"": ""2025 K1 Bright""}]",NULL,[],[]
290098,album,Rainbow Sorting Garden,nil,,,published,2025-01-16 13:23:33,2025-01-16 13:22:16,2025-01-16 13:23:32,NULL,"{""id"": 20, ""code"": ""TMJ""}","[{""id"": 1430, ""label"": ""2025 K1 Bright""}]",NULL,[],[]
290099,post,律动舞蹈《新年好运到》,"华人新年即将临近，老师展示给幼儿们舞龙舞狮的歌曲让幼儿们感受华人新年喜庆的氛围，幼儿们听到舞龙舞狮中有‘鼓‘的声音，幼儿们纷纷从班里寻找到鼓进行奏乐。

伴随着鼓声，幼儿们也尝试了使用《铃鼓》《响板》等乐器跟随音乐🎶进行律动。

幼儿们都非常期待华人新年的庆祝活动，期盼自己的演出能够给大家带来不同的惊喜。",,,draft,2025-01-16 13:29:17,2025-01-16 13:29:05,2025-01-16 13:30:05,NULL,"{""id"": 1, ""code"": ""DNI00""}","[{""id"": 1298, ""label"": ""2025 N2 Eric Carle""}]",NULL,[],[]
290100,album,Stop and Go Balance Challenge,nil,,,published,2025-01-16 13:31:52,2025-01-16 13:31:15,2025-01-16 13:31:51,NULL,"{""id"": 20, ""code"": ""TMJ""}","[{""id"": 1430, ""label"": ""2025 K1 Bright""}]",NULL,[],[]
290103,post,户外活动《跳房子》,"在户外游戏中，幼儿们需要跟随规则跳到指定的格子中，不仅仅考验了幼儿的灵活性，还锻炼了幼儿们的平衡能力和全身的协调性。

幼儿们从一层跳到二层，通过不断的递增，幼儿们把房子叠加到了八层，幼儿们非常有规律的进行排队，等待，轮流。

当幼儿们尝试了跳跃练习后，部分幼儿们也尝试了爬行，爬到每一层的格子中。幼儿们通过游戏相互合作，竞争。增进友谊，学习团队合作以及遵守规则。",,,draft,2025-01-16 13:43:51,2025-01-16 13:43:40,2025-01-16 13:43:50,NULL,"{""id"": 1, ""code"": ""DNI00""}","[{""id"": 1298, ""label"": ""2025 N2 Eric Carle""}]",NULL,[],[]
290104,album,课外课活动集锦,这是体育、音乐课外课的部分活动照片，请浏览！,,,published,2025-01-17 05:46:38,2025-01-16 14:00:11,2025-01-17 05:46:37,NULL,"{""id"": 20, ""code"": ""TMJ""}","[{""id"": 1402, ""label"": ""2025 N1 Kelly""}]",NULL,[],[]
290105,album,《美丽的灯笼舞台🏮》,灯笼作为新年的装饰品已经在日常生活能够看到啦，教师为小朋友们准备了灯笼小舞台和不同颜色🔴🔵🟡的灯笼。为了锻炼幼儿对颜色的认识，还准备了灯笼对应颜色的色卡，引导小朋友请出对应颜色的灯笼“上台表演”。活动开始后，小朋友都迫不及待的想要让灯笼宝宝上台舞蹈，我们可以看到宝贝们看着色卡，能够摆对正确颜色的灯笼，我们可以快乐的看舞台表演哦🥰,,,draft,2025-01-16 14:00:59,2025-01-16 14:00:43,2025-01-16 14:00:58,NULL,"{""id"": 1, ""code"": ""DNI00""}","[{""id"": 1297, ""label"": ""2025 N1 Marcus Pfister""}]",NULL,[],[]
290106,post,艺术工作坊《如何让牙齿更加洁白？》,"在绘本教学《鳄鱼怕怕 牙医怕怕》的故事中幼儿们了解了鳄鱼见到牙医害怕的原因，因为鳄鱼的牙齿里有一颗蛀牙，这颗蛀牙黑黑的黄黄的，鳄鱼捂着嘴非常痛苦。

通过鳄鱼痛痛的情节幼儿们了解到保持牙齿清洁的重要性，老师为幼儿们准备了一些图片关于日常生活中常用的护牙用品，例如：牙刷，牙膏，洁牙器，探针，镊子，牙镜。幼儿们通过选择 - 认知 - 粘贴的同时讲述自己是使用哪些用品来进行牙齿清洁的？很多幼儿选择了牙膏，牙刷和水杯。他们告诉老师：我能每天起床后刷牙。有些幼儿选择了探针，他们告诉老师：我看见妈妈/爸爸在家使用过。

幼儿们的分享和手工制作都非常有趣，幼儿们通过动手练习更加深了对口腔护理和牙齿清洁的重要性。提高培养幼儿们良好的生活习惯的认知。",,,draft,2025-01-16 14:04:25,2025-01-16 14:04:17,2025-01-16 14:04:25,NULL,"{""id"": 1, ""code"": ""DNI00""}","[{""id"": 1298, ""label"": ""2025 N2 Eric Carle""}]",NULL,[],[]
290108,album,户外活动🏃🏃‍♀️,又到愉快的户外活动时间🤩，小朋友们可以观看绿植💚，呼吸新鲜空气，舒展我们的身体～。我们的宝贝对泡泡依旧非常感兴趣，之前已经观察过教师如何制造泡泡，这次我们让幼儿自己试一试能不能吹出五彩的泡泡呢？在过程，小朋友们都很开心，可以自己拿住泡泡来玩一玩吹一吹～，不过我们也发现有个别小朋友还不会用嘴巴鼓起来往外吐气，我们后面也会多加练习，争取让小朋友们都能够自己吹出美丽的泡泡啦,,,draft,2025-01-16 14:16:27,2025-01-16 14:16:22,2025-01-16 14:16:27,NULL,"{""id"": 1, ""code"": ""DNI00""}","[{""id"": 1297, ""label"": ""2025 N1 Marcus Pfister""}]",NULL,[],[]
290111,album,《福袋开花好运来🧧》,福袋代表幸运和好事🥰，我们让福袋开出美丽的花，让每个人都能接收到福袋的幸运🍀。教师为幼儿准备了福袋、画笔、五颜六色的闪片✨️、羽毛🪶、毛球🪅、纽扣🟣🟢🟡🔴。第一步，教师讲述我们今天要让福袋开出美丽的花朵，小朋友们来试一试～引导幼儿将福袋粘贴到喜欢的位置。第二步，幼儿选择喜欢的画笔颜色，来画出福袋开花的路线。第三步，展示为幼儿准备的不同材质的材料，让小朋友自己来决定想要用什么东西和颜色。第四步，为幼儿准备好可以粘贴的位置，小朋友开始动手装饰我们的福袋花，宝贝们都很有想法💡，将材料放置喜欢的位置，让我们的福袋开出漂亮的花，也将幸运传递给每一个人💞💞,,,draft,2025-01-16 14:39:48,2025-01-16 14:39:22,2025-01-16 14:39:48,NULL,"{""id"": 1, ""code"": ""DNI00""}","[{""id"": 1297, ""label"": ""2025 N1 Marcus Pfister""}]",NULL,[],[]
290119,album,Weekly Album: Term 1 Week 2 ,Here are the photographs taken this week. ,,,published,2025-01-16 22:54:47,2025-01-16 22:52:24,2025-01-16 23:28:36,NULL,"{""id"": 20, ""code"": ""TMJ""}","[{""id"": 1371, ""label"": ""2025 N2 Donaldson""}]",NULL,[],[]
290120,album,Outdoor Walk,"During our outdoor walk, we explored Westgate, Jem, and the Ng Teng Fong linkway. The children discovered different shops and observed their unique displays. They also took the opportunity to capture photos of the vibrant Chinese New Year decorations, enjoying the festive atmosphere. Afterward, they played at the playground at IMM, where they climbed, slid, and explored different play structures. The children had a wonderful time during outdoor walk. ",,,published,2025-01-20 23:42:25,2025-01-16 23:20:13,2025-01-20 23:42:25,NULL,"{""id"": 1, ""code"": ""DNI00""}","[{""id"": 1301, ""label"": ""2025 K2 Debi Gliori""}]",NULL,[],[]
290121,album,Lanlan Laoshi's Farewell ,"As we say goodbye, we express our deepest gratitude for Lanlan laoshi's guidance and kindness. Though she will be missed, we wish her all the best in her future endeavors and hope her journey ahead is filled with happiness and success.",,,published,2025-01-16 23:23:36,2025-01-16 23:22:18,2025-01-16 23:23:35,NULL,"{""id"": 1, ""code"": ""DNI00""}","[{""id"": 1301, ""label"": ""2025 K2 Debi Gliori""}]",NULL,[],[]
290124,album,Digital Literacy,"We started the new term of Digital Literacy by learning about screen time and how children can manage their usage effectively. They explored strategies for balancing screen time with other activities. Additionally, they practiced using a mouse to open application (google chrome) on a laptop.",,,published,2025-01-16 23:34:59,2025-01-16 23:34:02,2025-01-16 23:34:59,NULL,"{""id"": 1, ""code"": ""DNI00""}","[{""id"": 1301, ""label"": ""2025 K2 Debi Gliori""}]",NULL,[],[]
290129,album,Weekly Highlight: Term 1 Week 2 (Sense Detectives),-,,,published,2025-01-17 06:28:59,2025-01-17 00:23:04,2025-01-17 06:28:59,NULL,"{""id"": 20, ""code"": ""TMJ""}","[{""id"": 1403, ""label"": ""2025 N2 Florence""}]",NULL,[],[]
290130,post,"""Big and small Pom Poms""","I experimented with the pom poms by dropping the small pom poms into the small opening bottle container and I continued to pick all the small pom poms and drop them in. When my teacher prompted me to take the big pom poms, I picked and made attempts to push the big pom poms into the bottle and I couldn’t. Through trial and error, I experienced that the big pom poms are too big for me to drop into the bottle.
",,,published,2025-01-17 00:25:21,2025-01-17 00:25:14,2025-01-17 00:25:20,NULL,"{""id"": 1, ""code"": ""DNI00""}","[{""id"": 1302, ""label"": ""2025 Infant Karen Katz""}]",NULL,[],[]
290133,post,"""Filling the Bottle Container""","My teacher guided me by showing and saying “empty” and “full” with a bottle container and a bunch of caps. After the demonstration, I gathered all the caps and dropped them into the bottle container. When my teacher said to put more caps, I gathered the caps and started filling the bottle container. I noticed the bottle is filled with the caps and I shook them to check.
",,,published,2025-01-17 00:34:01,2025-01-17 00:33:52,2025-01-17 00:34:00,NULL,"{""id"": 1, ""code"": ""DNI00""}","[{""id"": 1302, ""label"": ""2025 Infant Karen Katz""}]",NULL,[],[]
290135,post,"""Exploring Velcro Sticks""","I explored the velcro sticks by pulling them apart to separate them and dropped them to the floor before taking another velcro stick. When my teacher guided me to connect the sticks together, I checked and manoeuvred my wrists to find the velcro dots to stick together.
",,,published,2025-01-17 00:47:18,2025-01-17 00:47:12,2025-01-17 00:47:18,NULL,"{""id"": 1, ""code"": ""DNI00""}","[{""id"": 1302, ""label"": ""2025 Infant Karen Katz""}]",NULL,[],[]
290136,post,"""Bell Bottle""","I had so much fun pulling and dragging the bell bottle around the classroom. The classroom filled with giggles and laughter when my friends started chasing after me with the jinggling bottle. Haha
",,,published,2025-01-17 01:03:49,2025-01-17 01:03:44,2025-01-17 01:03:49,NULL,"{""id"": 1, ""code"": ""DNI00""}","[{""id"": 1302, ""label"": ""2025 Infant Karen Katz""}]",NULL,[],[]
290137,post,Outdoor walk ,“Enjoying the greenery and fresh air as Educarer takes me out for a walk.”,,,published,2025-01-17 01:12:39,2025-01-17 01:12:31,2025-01-17 01:12:39,NULL,"{""id"": 1, ""code"": ""DNI00""}","[{""id"": 1302, ""label"": ""2025 Infant Karen Katz""}]",NULL,[],[]
290138,post,Ring link ,“Splashing the water while reaching for the ring links in the water tray.”,,,published,2025-01-17 01:14:23,2025-01-17 01:14:15,2025-01-17 01:14:23,NULL,"{""id"": 1, ""code"": ""DNI00""}","[{""id"": 1302, ""label"": ""2025 Infant Karen Katz""}]",NULL,[],[]
290139,post,Outdoor Walk ,"“Taking in the greenery and fresh air as my Educarer brings me out for a walk. Look, I can now walk and explore the outdoor environment on my own while staying mindful of my surroundings.”",,,published,2025-01-17 01:16:51,2025-01-17 01:16:42,2025-01-17 01:16:50,NULL,"{""id"": 1, ""code"": ""DNI00""}","[{""id"": 1302, ""label"": ""2025 Infant Karen Katz""}]",NULL,[],[]
290140,post,Straw on the dough ,"“My Educarer helps flatten the playdough while I place the jumbo straw on it, then carefully slot the thin straw into it.”",,,published,2025-01-17 01:18:50,2025-01-17 01:18:42,2025-01-17 01:18:49,NULL,"{""id"": 1, ""code"": ""DNI00""}","[{""id"": 1302, ""label"": ""2025 Infant Karen Katz""}]",NULL,[],[]
290151,album,RSGK: Overam throw,"This week in Ready Steady Go, children engaged in overarm throw activity using a bean bag.

The overarm throw is a crucial skill in cricket, helping young players build strength, coordination, and accuracy. It improves hand-eye coordination and upper body strength.

",,,published,2025-01-17 04:00:52,2025-01-17 04:00:44,2025-01-17 04:00:52,NULL,"{""id"": 1, ""code"": ""DNI00""}","[{""id"": 1296, ""label"": ""2025 N1 Giles Andreae""}]",NULL,[],[]
290154,album,CNY Snake Craft,The little ones attempted a new art technique of stamping to create their own snake craft for Chinese New Year.  ,,,published,2025-01-17 04:26:54,2025-01-17 04:26:45,2025-01-17 04:26:53,NULL,"{""id"": 16, ""code"": ""MBS""}","[{""id"": 1380, ""label"": ""2025 Nursery 1 Courage""}]",NULL,[],[]
290157,album,Safe and Sound,"Pretending to be squirrels, children had to run to the trees (hula hoops) to hide when the hunter arrived. As the woodcutter chopped off the trees, they had fewer trees to run to. With the teacher's guidance, they learnt to invite their friends to join them, making sure that everyone was safe from the hunter.",,,published,2025-01-17 04:34:58,2025-01-17 04:34:40,2025-01-17 04:34:57,NULL,"{""id"": 16, ""code"": ""MBS""}","[{""id"": 1380, ""label"": ""2025 Nursery 1 Courage""}]",NULL,[],[]
290158,album,Scarf dance,"To foster an interest and enjoyment in music and movement, the children were given a scarf each to hold onto and danced along to various body movement songs. This activity helps to promote the children's language and listening skills as they learn the different body parts introduced. Great dancing, PGs!

I have attached the song links for your reference:
1. Scarf action song: https://youtu.be/e3VyGIV56LQ?feature=shared
2. Head shoulders, knees, and toes 
3. Jump: https://youtu.be/kcQJDpj5TSY?si=q9x37Dl5o38bk_zG",,,draft,2025-01-17 04:36:40,2025-01-17 04:36:33,2025-01-17 04:36:39,NULL,"{""id"": 1, ""code"": ""DNI00""}","[{""id"": 1295, ""label"": ""2025 PG Rod Campbell""}]",NULL,[],[]
290159,album,Make A Circle,"To foster interactions, attachment and relationships with their peers, the children attempted to form a circle by holding hands to the song 'Make a Circle' by Super Simple. They made the circle big, then small, and round before saying ""hello"" to their peers and teachers. 

They looked out for their friends, ensuring that no one was left out (super sweet!) After doing a few times with the teachers (over a span of few days), they decided to give it a go by themselves! Look at them, forming a circle by themselves! :"")",,,published,2025-01-17 04:42:18,2025-01-17 04:42:07,2025-01-17 04:42:18,NULL,"{""id"": 16, ""code"": ""MBS""}","[{""id"": 1380, ""label"": ""2025 Nursery 1 Courage""}]",NULL,[],[]
290160,album,Messy painting activity,"The children were engaged in a fun and creative messy painting activity today! They were invited to explore with paints using their different body parts (e.g., hands and feet), as well as make their footprints/handprints on the paper. During the art process, they were also interested in using toy cars to make tracks and using the paintbrushes to paint on the paper. The children had fun exploring with the paints 🥰 Well done, PGs!

*Thank you for bringing the disposable clothing to school. We have helped to dispose of your child’s disposable clothing in school 😊 ",,,draft,2025-01-17 11:08:44,2025-01-17 04:45:46,2025-01-17 11:08:44,NULL,"{""id"": 1, ""code"": ""DNI00""}","[{""id"": 1295, ""label"": ""2025 PG Rod Campbell""}]",NULL,[],[]
290162,album,Term 1 Week 2 Photos: Overpass and Underpass,Children are introduced to two different ball passes- Overpass and Underpass! This activity encouraged the children to strengthen their sense of balance and control!,,,published,2025-01-17 06:39:24,2025-01-17 04:52:33,2025-01-17 06:39:23,NULL,"{""id"": 20, ""code"": ""TMJ""}","[{""id"": 1403, ""label"": ""2025 N2 Florence""}]",NULL,[],[]
290164,album,一月第二周精彩活动,圆圆在哪里呢？方形在哪里呢？快和我们一起来找找吧！,,,published,2025-01-17 05:02:39,2025-01-17 05:02:07,2025-01-17 05:02:38,NULL,"{""id"": 20, ""code"": ""TMJ""}","[{""id"": 1397, ""label"": ""2025 PG Campbell""}]",NULL,[],[]
290165,album,January Week 2 Weekly Highlight: Exploring with Flour and Water!,"Objective: Foster science concepts through free exploration

This week, we got to explore flour and water! The little ones began by feeling the soft, powdery texture of the flour, running their fingers through it and sprinkling it around. Slowly, they added water and observed how it changed—first forming small clumps, then becoming sticky, and eventually turning into dough. They were fascinated by the transformation, with some eagerly mixing the ingredients while others observed, taking their time to get familiar with the new sensory experience. Through this hands-on exploration, we discovered how different materials change when combined!",,,published,2025-01-17 06:29:30,2025-01-17 05:04:13,2025-01-17 06:29:30,NULL,"{""id"": 20, ""code"": ""TMJ""}","[{""id"": 1395, ""label"": ""2025 PG Kale""}]",NULL,[],[]
290179,album,一月第二周活动：海面积木,"活动目标：通过提供适宜的玩具和材料，培养婴幼儿对玩具和材料的喜爱。
活动过程：老师准备鲜艳的海面积木，向幼儿介绍积木名称和颜色种类，还有海面积木的特点，很轻不怕磕碰，手感柔软，之后让幼儿用手碰触，自由探索，开始幼儿很好奇这么大的玩具这么玩，碰触之后幼儿们发现不是很重自己完全可以掌控，还可以搭建，幼儿们玩的很开心！",,,draft,2025-01-17 05:35:28,2025-01-17 05:35:25,2025-01-17 05:35:28,NULL,"{""id"": 10, ""code"": ""DTE01""}","[{""id"": 1310, ""label"": ""2025 Infant Mozart""}]",NULL,[],[]
290180,album,第一学期第二周,1月13日-1月17日,,,published,2025-01-17 05:37:00,2025-01-17 05:36:51,2025-01-17 05:37:00,NULL,"{""id"": 20, ""code"": ""TMJ""}","[{""id"": 1433, ""label"": ""2025 K2 Robinson""}]",NULL,[],[]
290182,album,第一学期 第一周：鳄鱼,"活动目标：
1.幼儿能够发挥想象力，用自己的动作模仿鳄鱼。

活动过程：
教师通过提问引导幼儿讨论鳄鱼看牙医的原因及情感，并在纸上绘制鳄鱼轮廓，让幼儿分享对鳄鱼外形和生活习性的看法，培养表达与倾听能力。随后，教师邀请幼儿用肢体动作模仿鳄鱼的行为，如张开双臂表示嘴巴，鼓励他们以多样化的方式创造性地表达，激发想象力与合作意识。",,,published,2025-01-17 05:40:24,2025-01-17 05:40:16,2025-01-17 06:15:49,NULL,"{""id"": 10, ""code"": ""DTE01""}","[{""id"": 1314, ""label"": ""2025 Nursery 2 Eric Carle""}]",NULL,[],[]
290192,album,一月日记（13/01/2024_17/01/2024),一月第二周的照片来咯！快和爸爸妈妈一起来看看吧！,,,published,2025-01-17 06:05:05,2025-01-17 06:02:52,2025-01-17 06:05:04,NULL,"{""id"": 20, ""code"": ""TMJ""}","[{""id"": 1397, ""label"": ""2025 PG Campbell""}]",NULL,[],[]
290199,album,第一学期 第一周：鳄鱼牙齿有几颗？,"活动目标：
1.能一次计算一个物品，准确地累计到5个或以上。

活动过程：
教师出示纸质鳄鱼嘴巴模型，带领幼儿观察并讨论鳄鱼头部的外形特征。鼓励幼儿根据观察猜测鳄鱼的牙齿数量，邀请幼儿用手指点数的方式数出牙齿数量，并与猜测结果进行核对。幼儿分组轮流数鳄鱼牙齿，完成任务后，教师表扬和鼓励，帮助幼儿培养自我意识。",,,published,2025-01-17 06:14:09,2025-01-17 06:13:45,2025-01-27 23:58:46,NULL,"{""id"": 10, ""code"": ""DTE01""}","[{""id"": 1314, ""label"": ""2025 Nursery 2 Eric Carle""}]",NULL,[],[]
290202,post,K1 Term 1 Week 2 Weekly Updates,"For this week, children extended their learning about their family. They shared what they know about the term 'family' as well as the questions that they have. Children were also invited to draw out how their family members show their love at home.

For Math Mind, children were invited to sort items in accordance with various attributes such as colours, lengths, sizes, and shapes. 

Lastly, children had the opportunity to explore the various new equipment added on the outdoor play space at level 2, on top of their first lesson on rock climbing where children challenged themselves to climb to the top!",,,draft,2025-01-17 06:19:19,2025-01-17 06:19:12,2025-01-17 06:19:18,NULL,"{""id"": 5, ""code"": ""DTH01""}","[{""id"": 1406, ""label"": ""2025 Kindergarten 1 Inventors""}]",NULL,[],[]
290224,album,《我会投沙包》,本周四早上我们迎来活力满满的体能课。小朋友们一起唱着早安歌互动问好。动物模仿秀开始啦，小朋友模仿小兔子双腿跳跳跳。模仿长颈鹿，举起双手当脖子快速走。模仿小棕熊，五指张开咚咚咚的跺脚慢慢走。热身结束我们一起认识沙包，观察老师示范如何投沙包。侧身站好双手打开，一手抓起沙包向另一只手的方向投出去。在幼儿的反复练习过程中，沙包投的越来越远了。,,,draft,2025-01-17 06:57:51,2025-01-17 06:57:48,2025-01-17 09:53:44,NULL,"{""id"": 1, ""code"": ""DNI00""}","[{""id"": 1295, ""label"": ""2025 PG Rod Campbell""}]",NULL,[],[]
290226,album,一月第二周（13/01 - 17/01）精彩活动,这是本周精彩活动的照片，请查看！,,,published,2025-01-17 07:01:44,2025-01-17 07:00:44,2025-01-17 09:24:22,NULL,"{""id"": 20, ""code"": ""TMJ""}","[{""id"": 1401, ""label"": ""2025 N1 Rosen""}]",NULL,[],[]
290240,album,一月 第二周：新年亲子活动分享与展示,"活动目标：
在常规活动、互动和体验中，培养婴幼儿之间的互动

活动过程：
新年即将到来，小朋友也各自带来了在家中和爸爸妈妈一起共同制作的乐器到学校来，在活动过程中老师鼓励小朋友一起向朋友们展示、摸一摸、玩一玩彼此乐器，在分享和展示的过程中培养幼儿间的互动体验。",,,published,2025-01-20 05:51:24,2025-01-17 08:34:58,2025-01-20 05:58:24,NULL,"{""id"": 10, ""code"": ""DTE01""}","[{""id"": 1310, ""label"": ""2025 Infant Mozart""}]",NULL,[],[]
290246,album,一月第二周（13/01 - 17/01）其他活动,这是本周其他活动的照片，请查看！,,,published,2025-01-17 09:40:09,2025-01-17 09:38:50,2025-01-17 09:40:08,NULL,"{""id"": 20, ""code"": ""TMJ""}","[{""id"": 1401, ""label"": ""2025 N1 Rosen""}]",NULL,[],[]
290250,album,Weekly Highlight (Matching Activity),January Week 2,,,published,2025-01-17 10:38:40,2025-01-17 10:38:21,2025-01-17 10:38:39,NULL,"{""id"": 20, ""code"": ""TMJ""}","[{""id"": 1397, ""label"": ""2025 PG Campbell""}]",NULL,[],[]
290252,album,Activities of the Week!,January Week 2,,,published,2025-01-17 10:50:49,2025-01-17 10:50:09,2025-01-20 06:10:25,NULL,"{""id"": 20, ""code"": ""TMJ""}","[{""id"": 1397, ""label"": ""2025 PG Campbell""}]",NULL,[],[]
290253,album,第一学期第二周照片更新,这一周小朋友们用游戏方式学习了句型：我很生气。利用乐器学习了儿歌《生气歌》。小朋友们也参观欣赏了班级小朋友们的画作，选出自己最喜欢的画，并说明原因，提高了小朋友们的表达能力。又是充实愉快的一周！,,,published,2025-01-17 11:32:33,2025-01-17 11:32:24,2025-01-17 11:32:32,NULL,"{""id"": 5, ""code"": ""DTH01""}","[{""id"": 1406, ""label"": ""2025 Kindergarten 1 Inventors""}]",NULL,[],[]
290257,album,Zi Xiong's 4th birthday ,Happy Birthday Zi Xiong! You bring so much energy and enthusiasm to our class! Thanks for sharing your goodies and strawberry cake!,,,draft,2025-01-17 12:36:57,2025-01-17 12:36:43,2025-01-17 12:36:57,NULL,"{""id"": 18, ""code"": ""OMB01""}","[{""id"": 1285, ""label"": ""2025 N2 Eric Carle""}]",NULL,[],[]
290260,post,"""Browsing Books""","One of my favourite things to do is browsing books. I busily flipped the pages of the book and looked at the details and the pictures in the book. I pointed and babbled some words and also made attempts to say out the words with my teacher’s help.
",,,published,2025-01-17 12:54:28,2025-01-17 12:54:18,2025-01-17 12:54:28,NULL,"{""id"": 1, ""code"": ""DNI00""}","[{""id"": 1302, ""label"": ""2025 Infant Karen Katz""}]",NULL,[],[]
290261,post,"""I can Do It!""","In the beginning, my teachers guided me through my daily routines and now, I was able to carry out my daily task independently. When my teachers prompted me to retrieved and pack away my milk bottles, I walked to the pantry to get my milk bottle and pack away after I’m done. I am so happy!

I also able to recognize my own cubby hole with my picture on it and retrieved my diaper basket when diapering/ showering. This has been my daily routine and my teachers praised me for being able to listen and completing my task. 😁
",,,published,2025-01-17 13:00:19,2025-01-17 13:00:06,2025-01-17 13:00:18,NULL,"{""id"": 1, ""code"": ""DNI00""}","[{""id"": 1302, ""label"": ""2025 Infant Karen Katz""}]",NULL,[],[]
290262,post,"""Exploring Outdoor""","We explored the natural environment by walking and enjoying the breeze blowing our hair and face and exchanging “hello” to people around us. We also had fun running with our friends and danced to some music and played some bubbles too!
",,,published,2025-01-17 13:07:45,2025-01-17 13:07:32,2025-01-17 13:07:45,NULL,"{""id"": 1, ""code"": ""DNI00""}","[{""id"": 1302, ""label"": ""2025 Infant Karen Katz""}]",NULL,[],[]
290263,post,"""Let's Dance!""","We had so much fun playing outdoors and met the big sisters and brothers to join them for music & movement. We showed our danced moves and grooved along to the music together!😄
",,,published,2025-01-17 13:12:21,2025-01-17 13:12:15,2025-01-17 13:12:20,NULL,"{""id"": 1, ""code"": ""DNI00""}","[{""id"": 1302, ""label"": ""2025 Infant Karen Katz""}]",NULL,[],[]
290265,post,户外游玩,我们户外活动时不仅感受了晴天和雨天的温度变化，还观赏了植物的美丽,,,published,2025-01-17 13:29:47,2025-01-17 13:29:35,2025-01-17 13:29:46,NULL,"{""id"": 1, ""code"": ""DNI00""}","[{""id"": 1302, ""label"": ""2025 Infant Karen Katz""}]",NULL,[],[]
290267,post,我们一起听歌,我很开心能和朋友一起听歌，一起玩耍,,,published,2025-01-17 13:34:09,2025-01-17 13:34:03,2025-01-17 13:34:09,NULL,"{""id"": 1, ""code"": ""DNI00""}","[{""id"": 1302, ""label"": ""2025 Infant Karen Katz""}]",NULL,[],[]
290268,post,芽菇的叶子,经过了两个星期芽菇终于长出了小小的叶子了，嫩绿嫩绿的！你要多多喝水，快一点长大哦！,,,published,2025-01-17 13:41:39,2025-01-17 13:41:31,2025-01-17 13:41:38,NULL,"{""id"": 1, ""code"": ""DNI00""}","[{""id"": 1302, ""label"": ""2025 Infant Karen Katz""}]",NULL,[],[]
290269,post,Porridge No More!😋😋,"Yum! Yum! Look! I enjoyed eating varieties of food. This week, I joined my older friends eating childcare food and hi-tea. All the food were chunkier and tastier!  Yummy….",,,published,2025-01-17 13:43:07,2025-01-17 13:43:02,2025-01-17 13:43:07,NULL,"{""id"": 1, ""code"": ""DNI00""}","[{""id"": 1302, ""label"": ""2025 Infant Karen Katz""}]",NULL,[],[]
290272,post,Sensory Painting,"Ice painting is fun!
I enjoyed touching the ice and was feeling its coldness. 
After that, I explored painting the ice block with paints and brush and noticed that the paints got frozen, too.",,,published,2025-01-17 13:50:01,2025-01-17 13:49:56,2025-01-17 13:50:01,NULL,"{""id"": 1, ""code"": ""DNI00""}","[{""id"": 1302, ""label"": ""2025 Infant Karen Katz""}]",NULL,[],[]
290273,post,Outdoor- Dance and Run😊,"Yay! I enjoyed going outdoor with my friends and saw my Gēgē with his Playgroup friends having fun outside. I and my friends, joined them dancing and also play catching!😊 I was so happy being with Gēgē Isaac around.",,,published,2025-01-17 13:58:56,2025-01-17 13:58:48,2025-01-17 13:58:55,NULL,"{""id"": 1, ""code"": ""DNI00""}","[{""id"": 1302, ""label"": ""2025 Infant Karen Katz""}]",NULL,[],[]
290274,post,Browsing 📚,"I love browsing books and flipping pages. I enjoyed seeing and pointing  the colourful pictures in the book.
I babbled “da duck” when I pointed on the pictures☺️ ",,,published,2025-01-17 14:02:46,2025-01-17 14:02:41,2025-01-17 14:02:46,NULL,"{""id"": 1, ""code"": ""DNI00""}","[{""id"": 1302, ""label"": ""2025 Infant Karen Katz""}]",NULL,[],[]
290275,post,Animal Taped Rescue,"I have strong interest in animals. I love playing with them.
Educarer gave me a mission to do- “To rescue the animals!”
Animals were trapped and I needed to free them. So I explored finding a way to release them. I tried pulling and peeling off the tape with my hands. Yay! I did it!",,,published,2025-01-17 14:11:00,2025-01-17 14:10:53,2025-01-17 14:11:00,NULL,"{""id"": 1, ""code"": ""DNI00""}","[{""id"": 1302, ""label"": ""2025 Infant Karen Katz""}]",NULL,[],[]
290277,post,Painting with Nature,"Look! I engaged in art exploration- painting using natural materials.
I used feathers and twigs to dip it into the paints and brushed them on to the rock.",,,published,2025-01-17 14:15:42,2025-01-17 14:15:36,2025-01-17 14:15:42,NULL,"{""id"": 1, ""code"": ""DNI00""}","[{""id"": 1302, ""label"": ""2025 Infant Karen Katz""}]",NULL,[],[]
290280,post,Knocking Tower!,"After educarer stacked the cups, I was so eager to knock them down. When I took one of the cups, the tower tumbled on the floor. I then explored hitting the tower with my hands and was happy seeing cups fell down on the floor. I also tried stacking up the cups with educarer’s assistance.",,,published,2025-01-17 14:25:11,2025-01-17 14:25:05,2025-01-17 14:25:10,NULL,"{""id"": 1, ""code"": ""DNI00""}","[{""id"": 1302, ""label"": ""2025 Infant Karen Katz""}]",NULL,[],[]
290281,post,Painting with Nature,"Look! I explored painting using natural materials. Using twigs and paints, I engaged in painting/making some colourful marks the rocks.",,,published,2025-01-17 14:30:36,2025-01-17 14:30:29,2025-01-17 14:30:36,NULL,"{""id"": 1, ""code"": ""DNI00""}","[{""id"": 1302, ""label"": ""2025 Infant Karen Katz""}]",NULL,[],[]
290284,post,Walking in the Garden,"After the rain had stopped, we explored walking around the garden.  I stopped by a giant leaf and saw some raindrops stick on it. I tried to pull the leaf down and when it bounced back,  the raindrops splattered on to my face! I giggled and laughed aloud!🤣🤣🤣 ",,,published,2025-01-17 14:42:07,2025-01-17 14:42:01,2025-01-17 14:42:07,NULL,"{""id"": 1, ""code"": ""DNI00""}","[{""id"": 1302, ""label"": ""2025 Infant Karen Katz""}]",NULL,[],[]
290287,post,Art Exploration,"Look! I was so engrossed in exploring with paints. I used my hands to grasp, smudge, and  mix the paints. Yay!!! I enjoyed feeling its texture, too!😊☺️",,,published,2025-01-17 14:58:36,2025-01-17 14:58:09,2025-01-17 14:58:36,NULL,"{""id"": 1, ""code"": ""DNI00""}","[{""id"": 1302, ""label"": ""2025 Infant Karen Katz""}]",NULL,[],[]
290291,album,一月份第二周-户外活动：纸相机拍花草,"活动目标：通过熟悉不同的人、地方和物体等，培养婴幼儿对周围世界的初步感知
活动过程：
老师制作了一个简单的纸相机框，轻便又有趣。带着纸相机框，老师带幼儿一起到户外探索。
幼儿们拿着“相机”，开心地看着周围的世界。有的幼儿把相机对准着叶子，“咔嚓！拍到绿色的叶子了！”有的孩子对着花朵“拍照”，
老师鼓励幼儿用“相机”框出他们感兴趣的东西，在这个过程中，幼儿们感受到用“相机”发现新事物的乐趣，同时学习观察周围的环境。
活动结束后、彦江还和PG的哥哥一起手牵手快乐地回学校.",,,published,2025-01-17 15:50:13,2025-01-17 15:50:09,2025-01-17 15:52:42,NULL,"{""id"": 10, ""code"": ""DTE01""}","[{""id"": 1310, ""label"": ""2025 Infant Mozart""}]",NULL,[],[]
290298,album,Weekly Update,"This week, the children had the opportunity to engage in a variety of hands-on experiences. One of the highlights was making homemade playdough, an experience they thoroughly enjoyed. They remained focused and engaged for a solid 10 minutes, actively pouring and mixing the ingredients. The children were eager to get their hands dirty and explore the textures, showing no hesitation as they touched the materials.

Later, they were engaged in an art experience where they decorated their playdough creations with various craft supplies, such as wiggly eyes, cotton buds, pom-poms, and straws. It was clear that the wiggly eyes were a favorite, with many children adding multiple pairs to their creations.

To wrap up the week, the children enjoyed a water play experience. We set up the activity in the bathroom to ensure a safe and clean environment, given that only eight children were participating and we wanted to minimize the risk of illness. We had two tubs of water—one filled with bubble suds and the other with food coloring. The children were fully immersed in the activity, and despite wearing aprons, their uniforms got wet from the pouring and splashing. Their excitement and enjoyment were evident as they played.

Have a great weekend!",,,published,2025-01-18 02:02:44,2025-01-18 00:50:27,2025-01-18 02:02:44,NULL,"{""id"": 5, ""code"": ""DTH01""}","[{""id"": 1409, ""label"": ""2025 Playgroup Explorers""}]",NULL,[],[]
290302,album,Happy Birthday Alaric!,"Kicking off our birthday celebrations for the year! 🎉

A very joyous birthday to Alaric—here’s to a day filled with fun, laughter, and amazing memories!",,,published,2025-01-18 01:43:28,2025-01-18 01:43:25,2025-01-18 01:43:28,NULL,"{""id"": 10, ""code"": ""DTE01""}","[{""id"": 1316, ""label"": ""2025 Kindergarten 2 Elgar""}]",NULL,[],[]
290304,album,Term 1 Week 2: Not-A-Stick!,"Learning Objectives: 

• Children will explore and express creativity and imagination by reimagining ordinary objects in new ways, enhancing their problem-solving skills, and engaging in collaborative thinking.

We started the activity by reading Not a Box by Antoinette Portis (https://www.youtube.com/watch?v=svlNiELjDao), pausing along the way to spark the children’s curiosity with questions about the story and the character's imaginative use of a simple box. The discussion encouraged the children to think creatively and share their ideas.

Next, we followed up with another book by the same author, Not a Stick (https://www.youtube.com/watch?v=jwqxd4SfNcw). Inspired by the story, the children were invited to transform an ordinary stick into something entirely new. Each child had a turn to showcase their creation, while their peers enthusiastically guessed what the ""stick"" had become. It was a fantastic way to foster imagination, collaborative thinking, and joyful participation!

Date of activity: 14 January 2025
",,,published,2025-01-18 01:55:10,2025-01-18 01:55:05,2025-01-18 01:55:10,NULL,"{""id"": 10, ""code"": ""DTE01""}","[{""id"": 1316, ""label"": ""2025 Kindergarten 2 Elgar""}]",NULL,[],[]
290329,album,January Week 2: Weekly Highlight,"This week, we used the leaves we picked up last week to make something!",,,published,2025-01-18 06:01:02,2025-01-18 06:00:25,2025-01-18 06:01:02,NULL,"{""id"": 20, ""code"": ""TMJ""}","[{""id"": 1402, ""label"": ""2025 N1 Kelly""}]",NULL,[],[]
290331,album,January Week 2,Activities of the week!,,,published,2025-01-18 06:36:54,2025-01-18 06:35:04,2025-01-18 06:36:54,NULL,"{""id"": 20, ""code"": ""TMJ""}","[{""id"": 1402, ""label"": ""2025 N1 Kelly""}]",NULL,[],[]
290333,album,Hello Mr Cow,"During this activity, the children engaged with a cardboard cow model featuring an udder made of water-filled gloves, simulating the milking process. Initially hesitant, they demonstrated growing confidence and curiosity as they touched and squeezed the gloves for the first time. This hands-on experience encouraged the development of fine motor skills through squeezing motions, enhanced sensory exploration by feeling the texture and movement of the gloves, and fostered a willingness to try new experiences. ",,,published,2025-01-18 06:37:54,2025-01-18 06:37:47,2025-01-18 11:35:21,NULL,"{""id"": 18, ""code"": ""OMB01""}","[{""id"": 1283, ""label"": ""2025 Playgroup Emma Dodd""}]",NULL,[],[]
290336,album,Term 1 Week 2,"Good Morning Parents,

This week, we explored the themes of self-awareness, creativity, and organization through a variety of hands-on and engaging activities. 

We started the week with the story ""My Five Senses,"" which introduced the children to the incredible ways we experience the world around us. The story sparked curiosity as we explored how our senses help us discover and understand our environment.
When creativity was in full swing as the children created their faces using dough. This activity encouraged self-expression and fine motor skills as they shaped and decorated their unique features. Each creation was a wonderful representation of individuality!
The little ones also got to start on their first time in rock climbing. They were so excited to try out this new experience.

During midweek, we began our exploration of sorting by organising toys into three colours. The children demonstrated impressive focus and teamwork as they identified and grouped items by colour, laying the foundation for more complex sorting tasks.
The next day, we built on the previous day’s activity, we extended our sorting challenge to seven colours! The children enjoyed this activity as it honed their attention to detail and deepened their understanding of colour recognition and categorisation.

We concluded the week with journal writing, focusing on our unique hairstyles. The children shared their reflections through drawings and words, celebrating the diversity and beauty of individuality within our group.

This week was filled with opportunities for self-discovery, creativity, and learning. We’re excited to continue exploring and growing together in the weeks to come!",,,published,2025-01-18 06:51:02,2025-01-18 06:50:42,2025-01-18 06:51:01,NULL,"{""id"": 5, ""code"": ""DTH01""}","[{""id"": 1407, ""label"": ""2025 Nursery 2 Reflectors""}]",NULL,[],[]
290344,album,T1W2活动,"这周，小朋友们在熟悉故事内容的基础上，玩扮演游戏“请你跟我这样做”。一位幼儿扮演奥莉薇来到课室，邀请大家和她一起玩，小朋友们就按奥莉薇的指令和她做一样的动作。
小朋友们还进行了字卡和图片配对活动。在看图片找字卡的活动中，学习认读和说句子“奥莉薇在做.......”、“奥莉薇喜欢........”等。
“华语拾趣”活动中，小朋友们选一幅自己最喜爱的故事画面仿画，并给画面配上文字介绍。",,,published,2025-01-18 10:08:18,2025-01-18 10:08:08,2025-01-18 10:08:17,NULL,"{""id"": 5, ""code"": ""DTH01""}","[{""id"": 1405, ""label"": ""2025 Kindergarten 2 Risk-Takers""}]",NULL,[],[]
290347,album,本周分享,"昊融分享了他去日本东京旅行的经历。这次的旅行是昊融和朋友两家人一起去的，所以很热闹。他们一起玩了Yomiuri Land Amusement park，住在一间很大的房子里，房子里还有一个大大的壁炉，他们还在房子的外面堆了一个雪人。
通过他的介绍，小朋友们还知道了东京有一个“无边界艺术馆”（Tokyo TeamLab Borderless）。在这个艺术馆里，有很多光影艺术作品，他和妹妹都画了一幅画，小朋友们都觉得他的画的水母很像。
小朋友们还对他吃的快熟面很感兴趣，都觉得他好像是在吃冰激凌。经过昊融的解释，才知道摆在玻璃柜里的是配快熟面的食材。昊融选了其中的四种，四季豆、小虾、甜玉米等。
昊融还参加了滑雪培训活动，他说自己只摔倒了一次，因为他的平衡能力很好，所以，他不会摔倒。
",,,published,2025-01-18 10:36:18,2025-01-18 10:36:14,2025-01-18 10:36:18,NULL,"{""id"": 5, ""code"": ""DTH01""}","[{""id"": 1405, ""label"": ""2025 Kindergarten 2 Risk-Takers""}]",NULL,[],[]
290348,album,攀岩活动,小朋友们的第一次攀岩教学活动,,,published,2025-01-18 10:42:36,2025-01-18 10:42:27,2025-01-18 10:42:36,NULL,"{""id"": 5, ""code"": ""DTH01""}","[{""id"": 1405, ""label"": ""2025 Kindergarten 2 Risk-Takers""}]",NULL,[],[]
290349,album,第一学期第一周 活动照片,"Hi 家长们好！

新的学期开始了！这是幼儿高班第一周幼儿们体验华文新课程的活动照片，希望家长们能感受到幼儿们的成长与收获。

老师与幼儿们分享第一学期的绘本故事《鳄鱼怕怕 牙医怕怕》，幼儿们能安静的聆听故事，对故事的内容很感兴趣，并能在老师的引导下进行猜测故事内容及鳄鱼和牙医的不同情绪。幼儿们能在老师的引导下尝试分享自己的想法及想要扮演的角色等。

老师与幼儿一起在麻将纸上面创作鳄鱼，并鼓励幼儿们能说出一说指一指鳄鱼的身体部位及名称等，幼儿们还能用肢体进行表演鳄鱼，幼儿们非常喜欢参与此活动。

我们还一起学习了歌曲《鳄鱼怕怕 牙医怕怕》，老师鼓励引导幼儿尝试感受歌曲旋律，并尝试用动作表达出歌曲内容。幼儿们在多次的聆听后能尝试做出喜欢的动作进行表达自己，尤其是害怕的表情！

幼儿们还一起探索了玩具鳄鱼的牙齿，并尝试进行数一数牙齿，可以看出幼儿们能用小手点着牙齿进行数数。幼儿们还一起进行玩华文词语游戏，在游戏中幼儿们能听老师的指令进行跳跃到字卡上面，逐渐熟悉词语：鳄鱼和牙医。

幼儿们第一次在华文拾趣本子上面，他们画出了这一周中自己喜欢或印象最深刻的情景。幼儿们的画面中出现最多的是鳄鱼和牙医，还有下雨和太阳等。",,,published,2025-01-18 11:14:11,2025-01-18 11:13:45,2025-01-31 05:39:50,NULL,"{""id"": 5, ""code"": ""DTH01""}","[{""id"": 1407, ""label"": ""2025 Nursery 2 Reflectors""}]",NULL,[],[]
290371,album,Sharing is Caring! 🧺🍌🍎🍞,"The children sat in a circle with their play food items in a basket placed in front of them. They were invited to pick a food item they like to eat and share it with their peers. As they offered the food to a friend, they were encouraged to say or ask “Do you want to share?"" or “Would you like to have some?”. A fun way to practice sharing and communication skills! 🥰",,,published,2025-01-19 05:23:29,2025-01-19 05:20:28,2025-01-19 05:45:20,NULL,"{""id"": 18, ""code"": ""OMB01""}","[{""id"": 1284, ""label"": ""2025 N1 Christie Matheson""}]",NULL,[],[]
290372,album,5 Senses Mystery Bag,"As the children continue to learn about their body and their senses, they were invited to play with a mystery bag where they were asked to use their sense of touch, smell, and hearing to guess what items were in the bag. The challenge was to use anything but their sense of sight! The children were curious about what items could be inside the bag, and the teacher asked prompting questions to help them reflect on what they were feeling, smelling, or hearing. Some of the objects that they explored were playdough, a tambourine, biscuits, a scent bottle, and a rubber toy. The teacher guided the children in thinking about which of their senses were being used to explore the items, and in learning the appropriate vocabulary to describe them,",,,published,2025-01-19 05:35:11,2025-01-19 05:34:43,2025-01-19 05:35:11,NULL,"{""id"": 1, ""code"": ""DNI00""}","[{""id"": 1298, ""label"": ""2025 N2 Eric Carle""}]",NULL,[],[]
290373,album,Rainbow Sorting,"The teacher introduced the concept of sorting to the children, highlighting that sorting means to group similar items together. The children first displayed their understanding of sorting by grouping different types of toys together: pom poms, flower connectors, and beads. The teacher then guided the children to further sort the pompoms, this time into their groups of colours. They then continued to explore the materials by sorting all the different materials by colour, into the coloured cups. ",,,published,2025-01-19 05:35:29,2025-01-19 05:34:53,2025-01-19 05:35:28,NULL,"{""id"": 1, ""code"": ""DNI00""}","[{""id"": 1298, ""label"": ""2025 N2 Eric Carle""}]",NULL,[],[]
290374,album,Chinese New Year Snake Craft,"In preparation for their Chinese New Year celebration, the children created paper plate snakes, as part of welcoming the Year of the Snake! They first painted paper plates, using the paint colours of their choice. After allowing it to dry, they then used child-safe scissors to practice cutting along a spiral line. Once their snakes had taken shape, the children then added googly eyes and shiny sequins to their snakes, bringing their festive decorations to life!",,,published,2025-01-19 05:35:32,2025-01-19 05:35:00,2025-01-19 05:35:32,NULL,"{""id"": 1, ""code"": ""DNI00""}","[{""id"": 1298, ""label"": ""2025 N2 Eric Carle""}]",NULL,[],[]
290376,album,Leora's Birthday Celebration 🎂🎈🥳,"Leora celebrated her 3rd birthday with her family, teachers, and friends, making it a day to remember! We sang the 'Happy Birthday' song and enjoyed a unicorn-themed birthday cake.

Sending Leora lots of love and wishing her a very happy birthday!
",,,published,2025-01-19 05:42:27,2025-01-19 05:41:07,2025-01-29 02:26:29,NULL,"{""id"": 18, ""code"": ""OMB01""}","[{""id"": 1284, ""label"": ""2025 N1 Christie Matheson""}]",NULL,[],[]
290377,album,Making a Picnic Mat (Crepe Paper Bleeding Technique),"In relation to our theme of 'Food,' we started our process artwork by creating a picnic mat using the crepe paper bleeding technique. Children were given strips and pieces of crepe paper. After choosing the colour they want to use, they arranged the strips or pieces on the drawing block. Then, they tapped the paper with a paintbrush dipped in water to allow the colours to bleed. ",,,published,2025-01-19 05:54:37,2025-01-19 05:54:12,2025-01-26 11:48:38,NULL,"{""id"": 18, ""code"": ""OMB01""}","[{""id"": 1284, ""label"": ""2025 N1 Christie Matheson""}]",NULL,[],[]
290378,album,Sorting all my toys!,The children explored different types of toys and helped to sort them according to size (big/small) and colours.,,,published,2025-01-19 06:06:28,2025-01-19 06:06:17,2025-01-19 06:06:54,NULL,"{""id"": 18, ""code"": ""OMB01""}","[{""id"": 1286, ""label"": ""2025 N2 Kevin Henkes""}]",NULL,[],[]
290379,album,Olympia's 4th Birthday Party!,Happy birthday to our dear Olympia! Thank you for sharing presents and your birthday cake with all of us!,,,published,2025-01-19 06:13:35,2025-01-19 06:13:22,2025-01-19 06:14:12,NULL,"{""id"": 18, ""code"": ""OMB01""}","[{""id"": 1286, ""label"": ""2025 N2 Kevin Henkes""}]",NULL,[],[]
290380,album,January Week 2 Weekly Highlight,"After listening to the story Shark in the Park by Nick Sharratt, instead of telescope; the children were given their very own binoculars made from kitchen rolls. Excitedly, they held them up to their eyes and began exploring the classroom. ""Look up!"" the teacher encouraged, as the children scanned the ceiling. ""Now look down!"" they crouched low, peering at the floor. ""What do you see to the left?"" and ""Can you spot something to the right?"" they were asked, all the while practicing using their binoculars to look in different directions. As they explored, the children laughed and pointed, enjoying the chance to familiarize themselves with prepositions and their new, fun tools.",,,published,2025-01-19 07:08:51,2025-01-19 07:08:26,2025-01-19 07:08:51,NULL,"{""id"": 20, ""code"": ""TMJ""}","[{""id"": 1401, ""label"": ""2025 N1 Rosen""}]",NULL,[],[]
290382,album,Art on a Plate,"To continue our process artwork, we decorated half of a paper plate using various elements of art. We incorporated lines, colors, and scribbles to create texture and visual interest. The different shapes and patterns we created will serve as the base of our hamburger artwork. ",,,published,2025-01-19 07:27:52,2025-01-19 07:27:31,2025-01-19 07:27:51,NULL,"{""id"": 18, ""code"": ""OMB01""}","[{""id"": 1284, ""label"": ""2025 N1 Christie Matheson""}]",NULL,[],[]
290383,album,Talking Tub ,"In our ""Talking Tub"" activity, the children explore various objects, describing what they are, where they've seen them, who uses them, and any other relevant insights. To deepen their thinking and introduce our Term 1 focus, we then challenge them to connect two items, either linking a previously discussed item with a new one, or finding connections between two items they haven't yet explored. This encourages them to make associations, spark new ideas, and begin to understand the overarching themes we'll be exploring this term.",,,published,2025-01-19 08:11:12,2025-01-19 08:10:56,2025-01-19 08:11:12,NULL,"{""id"": 18, ""code"": ""OMB01""}","[{""id"": 1285, ""label"": ""2025 N2 Eric Carle""}]",NULL,[],[]
290384,album,Annie Apple,"The letter and sound /a/ are introduced using the engaging character of Annie Apple. Through Annie Apple, children learn to identify words that begin with the /a/ sound. This learning is reinforced with pre-writing activities, such as a simple apple craft involving pasting and painting. These activities help children develop fine motor skills while connecting the sound to a visual representation.",,,published,2025-01-19 08:18:54,2025-01-19 08:18:41,2025-01-19 08:18:53,NULL,"{""id"": 18, ""code"": ""OMB01""}","[{""id"": 1285, ""label"": ""2025 N2 Eric Carle""}]",NULL,[],[]
290386,post,寻找观察小蜗牛,在一次户外活动中，小朋友们来到了雨后的花园里，开始寻找小蜗牛。一个孩子惊喜地发现了一只小蜗牛，这个发现引起了大家的兴趣，纷纷开始寻找更多的蜗牛。在老师的指导和帮助下，孩子们找到了多个蜗牛，老师戴上手套，小心地拿起蜗牛与孩子们一起观察，并进行点数。整个活动既激发了孩子们对自然的好奇心，也让他们在互动中了解到了蜗牛的生活习性和特点。,,,published,2025-01-19 08:48:32,2025-01-19 08:42:48,2025-01-19 08:48:32,NULL,"{""id"": 1, ""code"": ""DNI00""}","[{""id"": 1296, ""label"": ""2025 N1 Giles Andreae""}]",NULL,[],[]
290387,album,Creating an artwork based on 'The Story Machine' by Tom McLaughlin,"As we delve into the topic of 'My Talents and Abilities', the children were introduced to the book 'The Story Machine' by Tom McLaughlin. We explored and discussed how Tom may not have a knack in spelling but he has a forte in illustrating pictures using letters of the alphabet. 

To encourage children to explore new abilities, they attempted to create a picture using letters of the alphabet too! They chose an item that best represented them and used letters to fill the picture up. Look at them unleashing their creativity :-)",,,published,2025-01-19 08:47:40,2025-01-19 08:47:38,2025-01-19 08:47:40,NULL,"{""id"": 18, ""code"": ""OMB01""}","[{""id"": 1288, ""label"": ""2025 K2 Peter H.Reynolds""}]",NULL,[],[]
290388,album,Journal Friday: I want to be good at...,"Apart from exploring their talents and abilities, we also took time to reflect on skills that the children want to work on or to become better at. :-)",,,published,2025-01-19 08:48:29,2025-01-19 08:48:26,2025-01-19 08:48:29,NULL,"{""id"": 18, ""code"": ""OMB01""}","[{""id"": 1288, ""label"": ""2025 K2 Peter H.Reynolds""}]",NULL,[],[]
290389,post,Blend of the week: /cr/,"This week, we explored the blend /cr/ and the children came up with 25 words! What a record! :-)",,,published,2025-01-19 08:48:58,2025-01-19 08:48:56,2025-01-19 08:48:57,NULL,"{""id"": 18, ""code"": ""OMB01""}","[{""id"": 1288, ""label"": ""2025 K2 Peter H.Reynolds""}]",NULL,[],[]
290390,album,探索音乐玩具：,"
有趣的音乐玩具让幼儿感觉好奇又好玩，不停地用手按压玩具上的按钮，让玩具发出音乐声，活动通过玩玩具、探索出了和阅读书籍，促进幼儿对因果关系的理解。
",,,published,2025-01-19 09:00:16,2025-01-19 09:00:09,2025-01-19 09:00:15,NULL,"{""id"": 16, ""code"": ""MBS""}","[{""id"": 1376, ""label"": ""2025 Infant Joy""}]",NULL,[],[]
290391,album,悬挂着的云朵：,"悬挂着的云朵让幼儿十分喜欢地不停的伸手去抓摸，活动提供轻柔、适宜的材料，以发展婴幼儿的触觉能力。
",,,published,2025-01-19 09:04:50,2025-01-19 09:04:43,2025-01-19 09:04:50,NULL,"{""id"": 16, ""code"": ""MBS""}","[{""id"": 1376, ""label"": ""2025 Infant Joy""}]",NULL,[],[]
290392,album,墙上的图片,"老师把一些图片贴在幼儿能够看到和触摸到的墙上，当幼儿看图片时，老师会与他们谈论看到的图片，发展幼儿的目光集中和专注力。
",,,published,2025-01-19 09:08:24,2025-01-19 09:08:18,2025-01-19 09:08:23,NULL,"{""id"": 16, ""code"": ""MBS""}","[{""id"": 1376, ""label"": ""2025 Infant Joy""}]",NULL,[],[]
290393,album,本周动态分享,在很开心能够和家长们在过去的一周中与家长们见面交流，在本周我们持续关注孩子们的心理状态进行更加新奇有趣的活动，让孩子们选择自己在学校最喜欢的活动，分享自己最喜欢的朋友是谁？孩子们用拥抱和手工作品来呈现了自己的喜好，他们在教室中找到了自己最喜欢的玩具，利用这些玩具进行了印画的活动，来到自己最喜欢的朋友的身边，用拥抱表达自己的喜爱，在众多的活动中，除了对玩具的喜爱之外，感官盒活动、小汽车、玩偶、和游乐场是最受欢迎的几个活动。除此之外，我们将之前从中巴鲁公园带回来的椰子树上的“花苞”解剖开来，我们发现这个“花苞”打开来以后是和我们捡的另一个圣诞小树是一样的！孩子们很好奇这其中的关联，我们也通过解刨活动找到了答案。下周我们将继续关注孩子们的喜好，用这样的方式促进孩子们在新环境的探索，下周请为幼儿们从家里带来最喜欢的玩具，我们将在下周共同进行讨论和分享哦！,,,published,2025-01-19 09:11:31,2025-01-19 09:10:53,2025-01-19 09:11:30,NULL,"{""id"": 5, ""code"": ""DTH01""}","[{""id"": 1408, ""label"": ""2025 Nursery 1 Engagers""}]",NULL,[],[]
290394,album,推倒它,"堆高的玩具积木被幼儿好奇地轻轻一推倒了，游戏为婴幼儿通过机会，理解行为和结果之间的联系。
",,,published,2025-01-19 09:11:48,2025-01-19 09:11:35,2025-01-19 09:11:47,NULL,"{""id"": 16, ""code"": ""MBS""}","[{""id"": 1376, ""label"": ""2025 Infant Joy""}]",NULL,[],[]
290398,post,大鹅，生日快乐！,"老师为小朋友们精心布置了一个有趣的环境和情景：大鹅的生日到了，于是，老师邀请小朋友们一起来为大鹅送上生日礼物。孩子们需要跳过“阶梯路”，穿越一座“小桥”、爬过一个“山洞”，才能抵达大鹅的家。在这段旅程中，小朋友们表现得非常积极，每送完一个礼物后又兴奋地向老师要求再多一次。
在跳过阶梯路时，老师向小朋友们介绍双脚跳的技巧，引导小朋友们进行双脚跳；在穿越小桥的过程中，老师耐心地引导小朋友们张开双手保持平衡，有的小朋友可以快速走过小桥，而另一些小朋友则需要老师的鼓励和支持，才能稳稳地走过。通过老师的帮助，大家都顺利地穿越了小桥；接着他们需要匍匐前进，爬过“山洞”。每个人都一步步克服障碍，勇敢地向前迈进，最终把准备好的“生日礼物”送到大鹅的家里。大家都感到无比开心和满足。",,,published,2025-01-19 09:32:20,2025-01-19 09:23:54,2025-01-19 09:32:20,NULL,"{""id"": 1, ""code"": ""DNI00""}","[{""id"": 1296, ""label"": ""2025 N1 Giles Andreae""}]",NULL,[],[]
290400,post,舀舀小汤圆,春节快要到了，老师为幼儿们介绍了传统的小吃——汤圆。为了让孩子们更好地理解，老师使用了大毛绒球假装成汤圆，并与小朋友们一起进行扮演游戏。老师引导小朋友们先数一数盘子里的汤圆，感受汤圆的数量。接着，孩子们用汤匙模仿将汤圆从锅里舀到自己的小碗里，然后假装吃汤圆。通过这个有趣的游戏，小朋友们不仅了解了汤圆，锻炼了手眼协调能力和精细动作的能力，还在欢声笑语中感受到了春节的传统文化。,,,published,2025-01-19 09:39:59,2025-01-19 09:35:55,2025-01-19 09:39:59,NULL,"{""id"": 1, ""code"": ""DNI00""}","[{""id"": 1296, ""label"": ""2025 N1 Giles Andreae""}]",NULL,[],[]
290402,album,撕粘贴纸,幼儿将老师贴在墙上的黏贴纸撕下来，活动通过精心的环境创设，发展了幼儿的视觉和触觉能力。,,,published,2025-01-19 09:52:38,2025-01-19 09:52:30,2025-01-19 09:52:37,NULL,"{""id"": 16, ""code"": ""MBS""}","[{""id"": 1376, ""label"": ""2025 Infant Joy""}]",NULL,[],[]
290408,post,Playgroup ,Let's meet the PG friends!,,,published,2025-01-19 10:20:25,2025-01-19 10:20:22,2025-01-25 13:35:16,NULL,"{""id"": 5, ""code"": ""DTH01""}","[{""id"": 1409, ""label"": ""2025 Playgroup Explorers""}]",NULL,[],[]
290409,album,冷和热,"幼儿手拿冰块和温水瓶二种温度材质的东西感到十分好奇，活动通过精心创设的环境和有目的的互动，培养了幼儿的好奇心和探索精神。
",,,published,2025-01-19 10:23:57,2025-01-19 10:23:49,2025-01-19 10:23:57,NULL,"{""id"": 16, ""code"": ""MBS""}","[{""id"": 1376, ""label"": ""2025 Infant Joy""}]",NULL,[],[]
290410,album,套进去,老师给幼儿一个可以拿出，然后再套进去的玩具，幼儿会想办法把玩具拆开，然后再一一套进木杆中，活动促进了幼儿手眼协调能力。,,,published,2025-01-19 10:27:55,2025-01-19 10:27:45,2025-01-19 10:27:54,NULL,"{""id"": 16, ""code"": ""MBS""}","[{""id"": 1376, ""label"": ""2025 Infant Joy""}]",NULL,[],[]
290412,album,翻看书本,幼儿自己拿书本专心的翻看和触摸图书上的图片，老师在边上讲述书本上故事，发展幼儿对词语与图片、物体之间的意识，能指认图片和物体。,,,published,2025-01-19 10:31:20,2025-01-19 10:31:11,2025-01-19 10:31:20,NULL,"{""id"": 16, ""code"": ""MBS""}","[{""id"": 1376, ""label"": ""2025 Infant Joy""}]",NULL,[],[]
290413,album,推和拉：,"幼儿开心地用推拉玩具在课室里来回走动，活动促进了幼儿的身体健康，发展了幼儿控制身体的能力。
",,,published,2025-01-19 10:34:58,2025-01-19 10:34:49,2025-01-19 10:34:57,NULL,"{""id"": 16, ""code"": ""MBS""}","[{""id"": 1376, ""label"": ""2025 Infant Joy""}]",NULL,[],[]
290414,album,玩套圈,"老师给幼儿一组玩具圈，让幼儿自由探索，老师在边上告诉他手里拿的套圈的颜色、大小和材质。初步发展幼儿对科学概念的感知。
",,,published,2025-01-19 10:37:12,2025-01-19 10:37:05,2025-01-19 10:37:12,NULL,"{""id"": 16, ""code"": ""MBS""}","[{""id"": 1376, ""label"": ""2025 Infant Joy""}]",NULL,[],[]
290415,album,叠上去：,"大块的积木被幼儿一一叠了上去，幼儿十分高兴，活动发展婴幼儿的平衡感。
",,,published,2025-01-19 10:40:38,2025-01-19 10:40:28,2025-01-19 10:40:37,NULL,"{""id"": 16, ""code"": ""MBS""}","[{""id"": 1376, ""label"": ""2025 Infant Joy""}]",NULL,[],[]
290416,album,户外游乐场,"幼儿对户外游乐场的一切事物都十分好奇，不停地玩着不同的游乐设施，活动为幼儿提供移动、翻滚和爬的空间和机会，以满足其发展的需要。
",,,published,2025-01-19 10:44:43,2025-01-19 10:44:37,2025-01-19 10:44:43,NULL,"{""id"": 16, ""code"": ""MBS""}","[{""id"": 1376, ""label"": ""2025 Infant Joy""}]",NULL,[],[]
290420,album,每周活动分享,"Hi,大家好！又到了我们每周精彩分享时刻了。首先让我们一起欢迎姚定廷小宝贝加入幼儿学步班这个大家庭。希望她能很快适应新的环境、教师和同伴们，与大家一起快乐成长。

本周教师继续带领班级幼儿围绕着“过渡到学校”这一主题开展一系列有趣的活动。心理社会方面，为了帮助本月新加入班级幼儿更好的与教师和班级同伴建立起良好的依恋关系，我们在每天早上的圆圈时间进行了点名活动。在活动过程中教师会介绍宝贝们和教师们的名字，每位小朋友都可以在出席版上粘贴自己的照片，还可以帮助班级教师把照片也粘贴到出席班上，从而更好的认识彼此。同时，我们还组织了躲猫猫（Peekaboo）的游戏，这个游戏不仅有趣，还能帮助孩子理解“消失与出现”的概念，增强他们的安全感和信任感。身体动作方面，我们进行了室内游乐场活动和户外活动。在游乐场游戏中，教师引导宝贝们进行爬过隧道，玩球和骑三轮车等游戏，这些活动增强了他们的身体协调性和运动能力，促进他们粗大动作的发展。户外散步、追泡泡和玩沙池也是本周的重要活动，宝贝们在自然环境中奔跑、玩耍，享受户外活动的乐趣。语言方面，教师带领宝贝们一起阅读了故事绘本《你好，幼儿园》。绘本讲述了小动物们在幼儿园里开心地学习各种本领的故事。通过这个故事，我们帮助新入园的小朋友更好地适应新环境，提高幼儿在学校学习生活的幸福感。宝贝们不仅学会了新的词汇和表达方式，还增强了他们的听力理解和语言表达能力。音乐与律动方面，教师带领宝贝们一起欣赏了新年歌曲，并使用乐器如沙球、响板、摇铃和小鼓等进行演奏。这不仅能培养孩子的音乐感知能力，还能锻炼他们的手眼协调能力和节奏感。

总的来说，这一周宝贝们在各个方面都有显著的进步。让我们一起期待宝贝们更多的的精彩表现吧！下周见！
",,,published,2025-01-19 11:34:28,2025-01-19 11:33:58,2025-01-19 11:34:28,NULL,"{""id"": 5, ""code"": ""DTH01""}","[{""id"": 1409, ""label"": ""2025 Playgroup Explorers""}]",NULL,[],[]
290426,album,Term 1 Week 2: Rainbow Sorting Garden,"Objectives:
1) Children would group objects based on two characteristics, such as colour and shape, to develop their matching and sorting skills.
2) Children will use artistic elements like colour and form to express their creativity and emotions through craft activities.
 
The children participated in an activity in which they were provided with matching “flower pots” labelled by two attributes, such as “Red Circles” or “Blue Triangles.” The children began by selecting two coloured papers of varying attributes and drawing various flower designs.  After which, they took turns “planting” flowers in the correct pots. 

This activity was conducted on the 15th of January.",,,published,2025-01-19 12:55:57,2025-01-19 12:55:38,2025-01-19 12:55:56,NULL,"{""id"": 10, ""code"": ""DTE01""}","[{""id"": 1315, ""label"": ""2025 Kindergarten 1 Darwin""}]",NULL,[],[]
290428,album,第一学期 第二周- 认字游戏,"活动目标：
1. 幼儿喜欢参与认字游戏，能学会认读词语：生气、菲菲、我、哭、画画。
2. 能积极地用华语表达自己的想法。

活动介绍：
      今天，小朋友们开始学习认读新词语。学习之后，我们玩了两个有趣的认字游戏。

      游戏一：一位小朋友站在台上，把词语卡放在额头上；其他小朋友看到词语后，用动作提示台上的朋友猜出额头上的词语。
      游戏二：一位小朋友站在台上，看了词语卡后，用动作表演让台下的小朋友猜出对应的词语。

      本周词语：生气、菲菲、我、哭、画画

",,,published,2025-01-19 13:52:11,2025-01-19 13:52:02,2025-01-19 13:52:11,NULL,"{""id"": 10, ""code"": ""DTE01""}","[{""id"": 1315, ""label"": ""2025 Kindergarten 1 Darwin""}]",NULL,[],[]
290429,album,我的表情变变变,小朋友们能够认真倾听老师讲解活动规则，并积极参与表演环节。在活动中，小朋友们生动地表现出“高兴”、“伤心”、“生气”和“害怕”的表情和动作。通过表演，加深对情绪的理解，小伙伴们互相交流，分享自己的感受，表现出极大的学习热情和良好的社交能力。,,,published,2025-01-19 14:05:14,2025-01-19 14:05:00,2025-01-19 14:05:14,NULL,"{""id"": 18, ""code"": ""OMB01""}","[{""id"": 1286, ""label"": ""2025 N2 Kevin Henkes""}]",NULL,[],[]
290430,album,情绪表情,小朋友们学习高兴、伤心、害怕、生气等情绪及其对应的词汇，并在活动中通过观察和模仿加深理解。在创意活动环节，教师邀请小朋友使用松散材料如毛线、纽扣和纸板，制作了丰富的情绪表情，展现他们的创造力和动手能力。,,,published,2025-01-19 14:11:14,2025-01-19 14:10:59,2025-01-19 14:11:13,NULL,"{""id"": 18, ""code"": ""OMB01""}","[{""id"": 1286, ""label"": ""2025 N2 Kevin Henkes""}]",NULL,[],[]
290438,album,Exploring Emotions Through Colour,"In this activity, we explored the connection between emotions and colours using crepe paper. When presented with red crepe paper, most of us associated it with ""anger"" and showed angry expressions. With green crepe paper, some of us linked it to ""fear,"" while others connected it to ""sadness."" Next, in small groups of three or four, we glued the coloured crepe paper to the top half of an A3 sheet of paper. Once the top half was completely covered, we took turns using a spray bottle filled with water to soak the crepe paper. As we watched, the water interacted with the crepe paper, causing the colours to bleed and blend together, creating a vibrant, colourful artwork. This activity not only gave us the opportunity to practise turn-taking and collaboration as we worked together to create our masterpiece, but also allowed us to observe how colours mix to form new shades, helping us understand that emotions, like colours, are often a blend of many different feelings within us.",,,published,2025-01-19 15:40:04,2025-01-19 15:39:19,2025-01-19 15:40:04,NULL,"{""id"": 1, ""code"": ""DNI00""}","[{""id"": 1297, ""label"": ""2025 N1 Marcus Pfister""}]",NULL,[],[]
290442,album,RSGK - Baseball,"During our RSGK session, we practised the overhead throw and focused on maintaining the correct stance. First, we stood sideways with our feet shoulder-width apart. Each of us was given three beanbags. We picked up the first beanbag and brought it up to our ear. With our free hand, we pointed in the direction we wanted to throw, using it to aim. Then, in one smooth motion, we twisted our bodies forward and released the beanbag, propelling it through the air.

We repeated this process with the remaining two beanbags. Once all three beanbags had been thrown, we quickly collected them and returned them to the basket. Afterwards, we sat down to give our friends their turn to practise.",,,published,2025-01-19 15:56:16,2025-01-19 15:55:49,2025-01-19 15:56:16,NULL,"{""id"": 1, ""code"": ""DNI00""}","[{""id"": 1297, ""label"": ""2025 N1 Marcus Pfister""}]",NULL,[],[]
290443,album,制作生气脸谱,幼儿学习《菲菲生气了》的绘本故事后，了解故事中菲菲生气的原因和生气时的面目表情。接着，老师拿出一些美术材料，例如：冰棒棍、毛根、线条、毛球等等。鼓励幼儿使用这些材料来制作自己生气时的样子。最后再说一说，为什么会生气。,,,published,2025-01-19 15:59:00,2025-01-19 15:58:34,2025-01-19 15:59:00,NULL,"{""id"": 16, ""code"": ""MBS""}","[{""id"": 1382, ""label"": ""2025 Kindergarten 1 Gratitude""}]",NULL,[],[]
290445,album,第一学期第二周活动照片,"Hi家长们好！
本周幼儿学习了句式：我害怕鳄鱼。并尝试用蜡笔画出自己害怕的东西是什么，幼儿们能发挥自己创作力，画出自己害怕的动物及不喜欢的黑夜等，并能用语言尝试说出及解释为什么等。

老师与幼儿一起探索了关于情绪的脸谱，幼儿们都能清楚的分辨出：害怕、生气、高兴和伤心脸谱。并能与老师一起进行认识词语。幼儿们很喜欢照着镜子做出不同情绪的脸部表情，个别幼儿能进行描述眼睛、嘴巴眉毛的变化。

老师展示不同形状的纸壳及一些自然物品，鼓励幼儿尝试探索认识并选择喜欢的物品创作自己喜欢的情绪脸谱，看得出幼儿很喜欢进行探索，因此在创作方面下周会继续进行。

幼儿们的攀爬课程开始了！在教练的陪伴指导下挑战自我！
幼儿们在音乐课中非常投入及享受！
",,,published,2025-01-19 16:11:15,2025-01-19 16:10:51,2025-01-31 05:40:28,NULL,"{""id"": 5, ""code"": ""DTH01""}","[{""id"": 1407, ""label"": ""2025 Nursery 2 Reflectors""}]",NULL,[],[]
290446,album,2025 - the Year of the Snake ,"We are all super excited with Chinese New Year just around the corner! Since 2025 marks the Year of the Snake, we created our very own snake artwork to celebrate. We started with paper plates, which we painted red using sponges—red being a colour traditionally associated with luck and prosperity.

Next, we decorated our plates with colourful stickers. Peeling the stickers from the sheet required plenty of focus, eye-hand coordination, and fine motor control as we carefully removed and placed each one onto our painted plates.

Once we had completed our designs, our teacher helped us cut the plates into spiral patterns, transforming them into spring-like shapes when lifted. To finish our snakes, we added two googly eyes, bringing them to life.

We were absolutely delighted with our creations and can't wait to show them off! Be sure to look for our snake artworks displayed in the foyer as part of our Chinese New Year decorations.",,,published,2025-01-19 16:23:30,2025-01-19 16:22:44,2025-01-19 16:23:29,NULL,"{""id"": 1, ""code"": ""DNI00""}","[{""id"": 1297, ""label"": ""2025 N1 Marcus Pfister""}]",NULL,[],[]
290448,post,亲子活动---一起阅读绘本故事《刷牙》,"Hi家长们:

陪伴孩子阅读其实是父母给他们的最好的礼物之一！本周向您推荐的亲子阅读绘本是《刷牙》。您可以带您的孩子去图书馆借阅该绘本，或者通过点击以下链接来打开该绘本的网上电子图书版本进行阅读，愿你们能够共同享受这段美好的亲子共读时光。

",,https://tw.iqiyi.com/v_19rr0utcew.html,published,2025-01-19 16:32:47,2025-01-19 16:32:45,2025-01-19 16:34:34,NULL,"{""id"": 5, ""code"": ""DTH01""}","[{""id"": 1407, ""label"": ""2025 Nursery 2 Reflectors""}]",NULL,[],[]
290449,album,制作圣诞树,"与幼儿圣诞节时，大家对圣诞树非常感兴趣，十分积极的分享自己摆放出来的圣诞树或是在外面看到的圣诞树。讨论过后，大家觉得来做圣诞树并装饰在课室里。
老师准备圣诞树外框，幼儿使用剪刀将玻璃纸剪出不同的形状，并粘贴在圣诞树上。最后老师帮幼儿把圣诞树和彩灯挂在一起，装饰我们的课室。",,,published,2025-01-19 16:38:09,2025-01-19 16:37:35,2025-01-19 16:38:09,NULL,"{""id"": 16, ""code"": ""MBS""}","[{""id"": 1382, ""label"": ""2025 Kindergarten 1 Gratitude""}]",NULL,[],[]
290453,album,Term 1 Week 2 Weekly Highlight,"We are excited to share the highlight of the week with you! Do take a moment to check it out and see what the children have been learning and enjoying in school.

We would also like to thank all parents who joined us for the tea session last week. For those who missed it or would like to revisit the information, the slides from Teacher Amanda and our class slides are now available on the parent portal. Feel free to take a look!",,,published,2025-01-20 01:53:30,2025-01-20 01:52:44,2025-01-20 01:53:30,NULL,"{""id"": 20, ""code"": ""TMJ""}","[{""id"": 1404, ""label"": ""2025 K1 Bailey""}]",NULL,[],[]
290454,album,Term 1 Week 2,"Dear Parents,

The children listened to the story Not a Box by Antoinette Portis. They were engaged with questions asked by the teacher about the story and the character's imaginative use of a box. After the story, they were invited to transform a simple cardboard box (or other items) into anything they imagined—such as a rocket, a car, or a house. In small groups, they discussed their creations and explained why they chose their designs. The activity concluded with a sharing circle where children reflected on their abilities (""What I made"") and discussed areas they can improve (""What I want to try next time"").

For Math Mind, children compared a group of objects and communicated the differences based on two or more attributes (PRAISE). They observed illustrated fruits of various sizes, colors, and shapes. Afterwards, they compared two groups of fruits they observed by arranging paper cutouts provided by the teacher based on attributes like “small red fruits” versus “large yellow fruits.” The activity concluded with a reflection on how fruit bowls differ across cultures, allowing children to share insights into fruits they enjoy in their homes or traditions (e.g., giving oranges during Chinese New Year). 


Phonics:
Consonant Blends - /cr/
Children were guided to blend /c/ and /r/ to create the -cr consonant blend. 
Crack, cry, crush, cream, cross, crow, croak, crawl


Guided Reading Book: My Tooth
Content words: tooth, loose, Mum, Dad, Grandad, sister
Sight words: my, is, I, will, get, your, out, said, no, do, not, want, away

Kind regards,
Teacher Karen


",,,published,2025-01-20 08:01:19,2025-01-20 03:09:56,2025-01-20 08:01:19,NULL,"{""id"": 5, ""code"": ""DTH01""}","[{""id"": 1405, ""label"": ""2025 Kindergarten 2 Risk-Takers""}]",NULL,[],[]
290463,album,《可爱的小蛇》,教师准备纸盘、彩色颜料、假眼睛、裁剪好的舌头、胶水、彩色圆形贴纸若干，邀请幼儿一起做纸盘小蛇。幼儿在纸盘上涂好喜欢颜色后，选择自己喜欢的颜色圆形贴纸，进行小蛇装饰。幼儿在制作的过程中，认识可爱小蛇的组成特征。锻炼幼儿的手眼协调能力的同时，体会自由创作的乐趣。,,,draft,2025-01-20 04:53:17,2025-01-20 04:53:11,2025-01-20 04:53:17,NULL,"{""id"": 1, ""code"": ""DNI00""}","[{""id"": 1295, ""label"": ""2025 PG Rod Campbell""}]",NULL,[],[]
290464,album,《小怪兽盲盒》,"老师在区角里投放一个纸盒，里面放入一些模具，有软、硬等不同材质的材料。邀请幼儿一起来玩怪兽盲盒游戏，幼儿只能通过伸手触摸物品，来猜一猜物品是什么。幼儿们通过感官的探索，丰富幼儿对物品的认知。
",,,draft,2025-01-20 04:56:51,2025-01-20 04:56:48,2025-01-20 05:02:15,NULL,"{""id"": 1, ""code"": ""DNI00""}","[{""id"": 1295, ""label"": ""2025 PG Rod Campbell""}]",NULL,[],[]
290467,album,音乐律动课,每个星期三的音乐律动课。,,,draft,2025-01-20 05:05:56,2025-01-20 05:05:48,2025-01-20 05:05:55,NULL,"{""id"": 1, ""code"": ""DNI00""}","[{""id"": 1300, ""label"": ""2025 K1 David McKee""}]",NULL,[],[]
290469,album,Mathstro 17 January,Both N2 classes learned about measurement in Math enrichment class.,,,published,2025-01-20 05:25:19,2025-01-20 05:25:06,2025-01-20 05:25:18,NULL,"{""id"": 18, ""code"": ""OMB01""}","[{""id"": 1285, ""label"": ""2025 N2 Eric Carle""}]",NULL,[],[]
290473,album,January Week 2: Using My 5 Senses,"Learning objectives:
1. Foster a beginning interest and curiosity in the natural environment through observation, exploration and play.
2. Foster language through (texture boards, soft, hard, etc.).

Last week, the children explored the garden with their viewfinders, engaging their five senses to spark curiosity about the natural world. They observed flowers, leaves, and textures, noting details like soft petals and rough bark. The children were engaged and enjoyed the experience. 

Date of activity: 17 January 2025
",,,published,2025-01-20 05:30:55,2025-01-20 05:30:41,2025-01-20 05:30:55,NULL,"{""id"": 10, ""code"": ""DTE01""}","[{""id"": 1311, ""label"": ""2025 Playgroup Michael Rosen""}]",NULL,[],[]
290474,album,Sportball 17 January,The children learned how to serve the ball during their tennis activity with coach Gao. ,,,published,2025-01-20 05:32:50,2025-01-20 05:32:37,2025-01-20 05:32:50,NULL,"{""id"": 18, ""code"": ""OMB01""}","[{""id"": 1285, ""label"": ""2025 N2 Eric Carle""}]",NULL,[],[]
290485,post,最爱的玩具分享,"由于课程需求，请在明天为幼儿带一个最喜欢的玩具，以及发送一张孩子们与他最爱玩具相处的瞬间，我们将会在本周在学校与同伴们谈论和分享，谢谢！
Due to curriculum needs, please bring a favorite toy for the child tomorrow and send a photo of the moment the child gets along with his favorite toy. We will discuss and share it with the friends at school this week. Thank you!",,,published,2025-01-20 05:52:38,2025-01-20 05:52:38,2025-01-23 06:38:44,NULL,"{""id"": 5, ""code"": ""DTH01""}","[{""id"": 1408, ""label"": ""2025 Nursery 1 Engagers""}]",NULL,[],[]
290487,album,My Five Senses,"The book My Five Senses by Aliki was read to the children, engaging them in a discussion through prompting questions such as:

• How are the senses used in the story?
• How do we use our senses to understand the world?
• Why do you think our senses are important?

The children then shared examples of how they use their senses in everyday life and discussed why it’s important to take care of them.
After the story, the teacher filled a bag with various objects (e.g., a ribbon, shaker, perfume, pine cone, sponge) and invited the children to use their senses to identify each item. The children described what they felt, heard, or smelled and guessed what the object might be. As an extension activity, the teacher encouraged the children to sort pictures of different items into categories based on the senses they engage",,,draft,2025-01-20 06:04:42,2025-01-20 06:03:45,2025-01-20 06:04:41,NULL,"{""id"": 1, ""code"": ""DNI00""}","[{""id"": 1298, ""label"": ""2025 N2 Eric Carle""}]",NULL,[],[]
290488,album,Weekly Photo Album (13 to 17 January),"This week, the children had a delightful mix of activities that kept them engaged and learning in various ways! ",,,published,2025-01-20 06:05:55,2025-01-20 06:04:01,2025-01-20 06:05:55,NULL,"{""id"": 20, ""code"": ""TMJ""}","[{""id"": 1404, ""label"": ""2025 K1 Bailey""}]",NULL,[],[]
290489,album,Rainbow Sort,"The teacher prepared a tray filled with a variety of colourful objects, such as beads, toys, Numicon pieces, and pom-poms. Around the tray, cups labelled with different colours were placed. The children were invited to observe the objects and discuss their colors. They were then encouraged to sort the objects into the cups corresponding to their colors.",,,draft,2025-01-20 06:07:08,2025-01-20 06:06:39,2025-01-20 06:07:07,NULL,"{""id"": 1, ""code"": ""DNI00""}","[{""id"": 1298, ""label"": ""2025 N2 Eric Carle""}]",NULL,[],[]
290492,album,Annie Apple and the 'a' Sound,The children met Annie Apple from Letterland! They practiced the 'a' sound by following the action of biting into an apple. We worked on prewriting skills and traced the letter a as we drew an Apple together!,,,draft,2025-01-20 06:22:17,2025-01-20 06:21:57,2025-01-20 06:22:16,NULL,"{""id"": 18, ""code"": ""OMB01""}","[{""id"": 1286, ""label"": ""2025 N2 Kevin Henkes""}]",NULL,[],[]
290505,album,🎵 Octave Music Session,"Dear Parents,

For the Octave Music class, the children will be divided into two groups, and both class teachers will be capturing photos of their respective groups. If you do not see your child's photos in this album, please check the photo album uploaded by An Lao Shi. Thank you!",,,published,2025-01-20 06:50:18,2025-01-20 06:48:01,2025-01-20 06:50:17,NULL,"{""id"": 20, ""code"": ""TMJ""}","[{""id"": 1404, ""label"": ""2025 K1 Bailey""}]",NULL,[],[]
290506,album,一月份第四周，玩保龄球。,"活动名称：玩保龄球
活动目标: 发展婴幼儿的持续的参与-注意和专注力。
活动过程：老师拿了一套保龄球的玩具，教导孩子用双手推球把保龄棒滚倒。
较大孩子会做到这个玩法，较小孩子只是参与此活动，摸一摸保龄棒，摸一摸球；看一看认识它的颜色。
大家达到参与-注意和专注力的发展目标，真棒！",,,published,2025-01-20 06:48:53,2025-01-20 06:48:34,2025-01-20 06:49:45,NULL,"{""id"": 10, ""code"": ""DTE01""}","[{""id"": 1310, ""label"": ""2025 Infant Mozart""}]",NULL,[],[]
290509,album,Mathstro Enrichment (15 January),- ,,,published,2025-01-20 06:50:37,2025-01-20 06:50:20,2025-01-20 06:50:36,NULL,"{""id"": 20, ""code"": ""TMJ""}","[{""id"": 1404, ""label"": ""2025 K1 Bailey""}]",NULL,[],[]
290510,album,一月 第三周：家园活动分享,"活动目标：
1.通过与教师和同伴间的积极互动，培养幼儿的幸福感。互动和体验中，建立良好的关系，培养社会交往技能。
2.培养与他人分享的能力和尊重他人的意识。

活动过程：
在今年的华人新年庆祝活动中，我们以“舞狮”为主题，请幼儿和家长一起制作舞狮需要的打击乐器。
老师邀请小朋友们在课室中分享他们带回来的作品。老师提示可以和大家分享：是和谁一起完成的？制作的什么乐器或者是如何演奏的？小朋友们会开心的表达着是和爸爸妈妈一起制作的，迫不及待演示给大家看如何玩的。
通过活动加深对华人新年这个节日的理解，在分享过程中和朋友的互动与分享，帮助他们建立良好的关系，更好的理解尊重他人的意识。


此活动于星期五进行。",,,published,2025-01-21 06:36:58,2025-01-20 06:52:52,2025-01-21 06:36:58,NULL,"{""id"": 10, ""code"": ""DTE01""}","[{""id"": 1313, ""label"": ""2025 Nursery 1 Taro Gomi""}]",NULL,[],[]
290511,album,一月生日会,"本月我们迎来了翁恩熙和芠滢的3岁生日！🎉

在下午茶时间，朋友们给文莹和恩熙唱生日歌祝她们生日快乐，然后小朋友们一起分享了美味的生日蛋糕。
祝恩熙和芠滢小朋友3岁生日快乐！可爱继续，多喜乐，长安宁。



庆祝活动于16/1进行。",,,published,2025-01-21 06:48:49,2025-01-20 06:54:44,2025-01-21 06:48:49,NULL,"{""id"": 10, ""code"": ""DTE01""}","[{""id"": 1313, ""label"": ""2025 Nursery 1 Taro Gomi""}]",NULL,[],[]
290532,album,✨️Merry Christmas! (Belated)🎄 ,Isaac dressed up in his Christmas outfit and put on different Christmas head accessories. The teacher gave Isaac a Christmas tree made up with three green tongue presser and encouraged him to paste pom pom balls on it. ,,,draft,2025-01-21 10:45:26,2025-01-20 09:26:15,2025-01-21 10:45:26,NULL,"{""id"": 16, ""code"": ""MBS""}","[{""id"": 1376, ""label"": ""2025 Infant Joy""}]",NULL,[],[]
290537,album,Smash the eggshells,"The teacher prepared a bag of egg shells and added some paint in it. The teacher demonstrated the activity by smashing one of the eggshell. Isaac proceeded to use his fingers to crack the eggshell by pressing it down. 

This activity foster understanding of cause and effect through engagement with activity. ",,,draft,2025-01-21 10:45:40,2025-01-20 09:57:07,2025-01-21 10:45:40,NULL,"{""id"": 16, ""code"": ""MBS""}","[{""id"": 1376, ""label"": ""2025 Infant Joy""}]",NULL,[],[]
290538,album,Match the shapes,"Isaac was given a box of shape blocks with different shapes cut out.The teacher demonstrated the activity by putting the square block into the square cut out. Isaac took one of the blocks and began to match the shape. He would move the block around the cut out to see which cut out fits the block and dropped it into the box. 

This activity foster science concepts through free exploration (Toys of different shapes and sizes.)",,,draft,2025-01-21 10:45:54,2025-01-20 10:05:00,2025-01-21 10:45:54,NULL,"{""id"": 16, ""code"": ""MBS""}","[{""id"": 1376, ""label"": ""2025 Infant Joy""}]",NULL,[],[]
290539,album,Roxanne’s Birthday Celebration,"Roxanne celebrated her birthday with her lovely friends in school! Happy birthday to you, Roxanne! 
",,,published,2025-01-20 23:39:19,2025-01-20 10:13:56,2025-01-20 23:39:18,NULL,"{""id"": 1, ""code"": ""DNI00""}","[{""id"": 1301, ""label"": ""2025 K2 Debi Gliori""}]",NULL,[],[]
290540,album,Remove the pom pom balls,"Isaac was given a cardboard roll with pom pom balls attached to the side. The teacher encouraged him to remove the pom pom from the cardboard roll. After removing the pom poms, Isaac attempted to paste it back.

This activity foster fine motor development.",,,draft,2025-01-21 10:46:06,2025-01-20 10:17:51,2025-01-21 10:46:06,NULL,"{""id"": 16, ""code"": ""MBS""}","[{""id"": 1376, ""label"": ""2025 Infant Joy""}]",NULL,[],[]
290544,album,🎉Chinese New Year Craft: Creating a Snake from paper rolls!🧨,"We celebrate the upcoming Chinese New Year with a fun craft with the children. Using an empty toilet paper roll, yellow and red paint, goggly eyes, and a felt tongue, children created the Chinese zodiac for year 2025; the snake! 

As children paint and decorate, they learn more about the Chinese zodiac and the significance of this year’s animal, discussing traits and traditions. This craft helps children explore Chinese culture while being creative and learning about the holiday’s symbolism of good luck and new beginnings. ",,,published,2025-01-20 12:47:34,2025-01-20 12:36:17,2025-01-20 12:47:33,NULL,"{""id"": 1, ""code"": ""DNI00""}","[{""id"": 1296, ""label"": ""2025 N1 Giles Andreae""}]",NULL,[],[]
290548,album,Imagination Takes Flight: A Fun Aeroplane & Boat Adventure!,"Today, the children embarked on an imaginative adventure, first pretending to be on an aeroplane flying through the clouds. They worked together to gather benches and form the body of their ""plane,"" taking turns pretending to fly. 

Next, they switched gears and became sailors, rowing a boat together by mimicking the motion of oars. This activity helped the kids practice teamwork, and creativity, all while having fun with their friends. It was a day filled with imaginative play, showing how simple objects can transform into exciting adventures!",,,published,2025-01-20 12:55:54,2025-01-20 12:50:11,2025-01-20 12:55:54,NULL,"{""id"": 1, ""code"": ""DNI00""}","[{""id"": 1296, ""label"": ""2025 N1 Giles Andreae""}]",NULL,[],[]
290556,album,新年活动,"1. 小朋友们尝试画出自己最喜欢的能够代表新年的物品。
2. 小朋友们制作纸扇作为新年的装饰。 ",,,published,2025-01-20 14:55:35,2025-01-20 14:55:19,2025-01-20 14:55:35,NULL,"{""id"": 16, ""code"": ""MBS""}","[{""id"": 1383, ""label"": ""2025 Kindergarten 2 Unity""}]",NULL,[],[]
290557,album,写春联,小朋友们尝试使用仿写的方式来写春联。 ,,,published,2025-01-20 15:00:57,2025-01-20 15:00:44,2025-01-20 15:04:01,NULL,"{""id"": 16, ""code"": ""MBS""}","[{""id"": 1383, ""label"": ""2025 Kindergarten 2 Unity""}]",NULL,[],[]
290558,album,故事排序活动,小朋友们通过翻书， 回忆故事的情节，将故事排序。 ,,,published,2025-01-20 15:06:33,2025-01-20 15:06:25,2025-01-20 15:06:32,NULL,"{""id"": 16, ""code"": ""MBS""}","[{""id"": 1383, ""label"": ""2025 Kindergarten 2 Unity""}]",NULL,[],[]
290560,album,奥莉薇,你最喜欢奥莉薇故事中的那一个情节， 为什么？,,,published,2025-01-20 15:09:00,2025-01-20 15:08:44,2025-01-20 15:09:00,NULL,"{""id"": 16, ""code"": ""MBS""}","[{""id"": 1383, ""label"": ""2025 Kindergarten 2 Unity""}]",NULL,[],[]
290561,album,Emma's Birthday Celebration 🥳,Happy Birthday Emma! 🎂,,,draft,2025-01-20 23:35:05,2025-01-20 23:35:00,2025-01-20 23:35:05,NULL,"{""id"": 18, ""code"": ""OMB01""}","[{""id"": 1287, ""label"": ""2025 K1 Jo Empson""}]",NULL,[],[]
290562,album,Sportsball ,"During sportsball class, the children learned the sport 'tennis'. 😊 They practised balancing the tennis ball on the racket and serving it. ",,,draft,2025-01-20 23:41:38,2025-01-20 23:40:28,2025-01-20 23:41:37,NULL,"{""id"": 18, ""code"": ""OMB01""}","[{""id"": 1287, ""label"": ""2025 K1 Jo Empson""}]",NULL,[],[]
290567,album,美味面包店,教师带领幼儿一起阅读《美味面包店》绘本，鼓励幼儿通过故事认识不同种类的面包，如：牛角面包、菠萝面包、法棍面包等。,,,published,2025-02-05 05:49:38,2025-01-21 01:53:34,2025-02-05 05:49:37,NULL,"{""id"": 18, ""code"": ""OMB01""}","[{""id"": 1284, ""label"": ""2025 N1 Christie Matheson""}]",NULL,[],[]
290570,album,Transfer over,"The teacher prepared 1 bowl with some balls in it and another empty bowl. The teacher demonstrated the activity by scooping the balls using the ladle and dropped it in the empty bowl. Isaac picked up the ladle and began to transfer the balls one at a time to the empty bowl. 

This activity foster focus and concentration-sustained involvement.
",,,draft,2025-01-21 10:46:36,2025-01-21 02:52:03,2025-01-21 10:46:36,NULL,"{""id"": 16, ""code"": ""MBS""}","[{""id"": 1376, ""label"": ""2025 Infant Joy""}]",NULL,[],[]
290571,album,Grab the rubber rings,"The teacher placed a ring in front of Josiah and encouraged him to grab it. Josiah reached out to the rubber ring and moved it towards him. He repeated the activity with the other hand and attempted to grab 2 rubber rings with both hands.

This activity foster hand-eye coordination. ",,,draft,2025-01-21 10:47:24,2025-01-21 02:56:19,2025-01-21 10:47:23,NULL,"{""id"": 16, ""code"": ""MBS""}","[{""id"": 1376, ""label"": ""2025 Infant Joy""}]",NULL,[],[]
290572,album,🎄Merry Christmas!!!✨️ (Belated),"






.",,,draft,2025-01-21 10:46:49,2025-01-21 03:36:48,2025-01-21 10:46:48,NULL,"{""id"": 16, ""code"": ""MBS""}","[{""id"": 1376, ""label"": ""2025 Infant Joy""}]",NULL,[],[]
290573,album,🎄Christmas activity: Christmas tree messy painting,"The teacher prepared paper with Christmas tree printed on it with green and gold paint in the zip lock. She placed it in front of Josiah and he began to pat on the paint to let it spread across the paper.

This activity foster an interest in art. ",,,draft,2025-01-21 10:47:00,2025-01-21 03:44:01,2025-01-21 10:46:59,NULL,"{""id"": 16, ""code"": ""MBS""}","[{""id"": 1376, ""label"": ""2025 Infant Joy""}]",NULL,[],[]
290574,album,Water sensory play,"The teacher prepared a tray filled with water and toys that had different textures. Josiah put his hands in the tray and he began to grab the toys. He explored the toys and feel its texture. 

This activity foster science concepts through free exploration. ",,,draft,2025-01-21 10:47:10,2025-01-21 03:51:59,2025-01-21 10:47:10,NULL,"{""id"": 16, ""code"": ""MBS""}","[{""id"": 1376, ""label"": ""2025 Infant Joy""}]",NULL,[],[]
290575,album,情绪脸庞展示秀,大家一起来展示秀自己的情绪脸庞，跟大家分享自己的创意思路，选用的材料以及构造设计的想法。通过展示秀的活动，幼儿可以锻炼自己在集体面前大胆自信发言的能力。,,,draft,2025-01-21 04:11:41,2025-01-21 04:11:29,2025-01-21 04:11:41,NULL,"{""id"": 18, ""code"": ""OMB01""}","[{""id"": 1287, ""label"": ""2025 K1 Jo Empson""}]",NULL,[],[]
290576,album,趣味运动球,又是开心的滚动球时间！,,,draft,2025-01-21 04:14:57,2025-01-21 04:14:42,2025-01-21 04:14:56,NULL,"{""id"": 18, ""code"": ""OMB01""}","[{""id"": 1287, ""label"": ""2025 K1 Jo Empson""}]",NULL,[],[]
290578,album,串小蛇,老师帮助幼儿将订书机放进纸筒里，鼓励幼儿双手按压在订书机上，运用手掌的力量将纸张钉起来，轮流操作，将所有的小蛇身体串联在一起。,,,published,2025-01-21 05:01:29,2025-01-21 05:01:13,2025-01-21 05:01:29,NULL,"{""id"": 16, ""code"": ""MBS""}","[{""id"": 1379, ""label"": ""2025 Nursery 1 Grace""}]",NULL,[],[]
290579,album,合作运球,教师鼓励幼儿两人一组分别用双手握住同一个球的两端，沿着横线向前移动，并沿着S型线路从椅子的两边通过，弯腰蹲下一起将球放进桶里。,,,published,2025-01-21 05:07:52,2025-01-21 05:07:27,2025-01-21 05:07:52,NULL,"{""id"": 16, ""code"": ""MBS""}","[{""id"": 1379, ""label"": ""2025 Nursery 1 Grace""}]",NULL,[],[]
290580,album,动物的脚印,"把面粉团压平，再拿动物模型盖在面粉团上面
，哇！就会看到动物的小脚印喽～
",,,draft,2025-01-21 05:10:11,2025-01-21 05:10:02,2025-01-21 05:10:10,NULL,"{""id"": 18, ""code"": ""OMB01""}","[{""id"": 1283, ""label"": ""2025 Playgroup Emma Dodd""}]",NULL,[],[]
290581,album,彩色冰块碰碰画,教师引导幼儿选择自己喜欢的颜色的冰块，在铺有白纸的筐子里摇一摇，引导幼儿观察颜色碰撞间的变化。,,,published,2025-01-21 05:14:42,2025-01-21 05:11:34,2025-01-21 05:14:41,NULL,"{""id"": 16, ""code"": ""MBS""}","[{""id"": 1379, ""label"": ""2025 Nursery 1 Grace""}]",NULL,[],[]
290582,album,找朋友,教师在点名时，引导幼儿聆听儿歌：《找朋友》，鼓励幼儿与老师握手、碰拳、拍手，随后找一个朋友握手、点头、碰拳、互相拍手。,,,published,2025-01-21 05:16:28,2025-01-21 05:15:47,2025-01-21 05:16:28,NULL,"{""id"": 16, ""code"": ""MBS""}","[{""id"": 1379, ""label"": ""2025 Nursery 1 Grace""}]",NULL,[],[]
290585,album,Chinese New Year Celebrations Week,"On Monday, the K1 children enjoyed walking around the mall while donning their Lion Dance headgear/ craft.
They first had the opportunity to showcase their Lion Dance artwork at the Market Square before returning to school with their Lion Dance headgear.

The children also had the opportunity to do a Show and Tell about their Lion Dance headgear when they were back in school.

On Thursday, the children learned more about why Chinese New Year is celebrated through a lion dance workshop. They had the opportunity to play the drums and take photos with the Lion dance props.

星期一，K1的小朋友们戴着他们的舞狮头饰和作品，愉快地在商场里四处走动。
首先，他们在市场广场展示了自己的作品，随后带着舞狮头饰回到学校。

回到学校后，小朋友们还进行“展示与讲述”活动，介绍他们的舞狮头饰。

星期四，小朋友们通过一个舞狮工作坊更深入地了解了为何庆祝农历新年。他们有机会敲鼓，并与舞狮道具合影留念。",,,published,2025-01-21 05:33:39,2025-01-21 05:33:27,2025-01-26 14:22:08,NULL,"{""id"": 10, ""code"": ""DTE01""}","[{""id"": 1315, ""label"": ""2025 Kindergarten 1 Darwin""}]",NULL,[],[]
290587,album,Drop the sticks in,Elle was given sticks with a tin. She slot the sticks into the tin one after another. Elle was focus while doing the activity as she aim on the holes provided. She completed the activity and asked for another round. This activity fosters fine motor development and develop focus and concentration sustained involvement. ,,,published,2025-01-31 10:49:40,2025-01-21 05:34:50,2025-01-31 10:49:40,NULL,"{""id"": 16, ""code"": ""MBS""}","[{""id"": 1376, ""label"": ""2025 Infant Joy""}]",NULL,[],[]
290603,post,Collecting Natural Items,"In preparation for this week’s art activity, the children went on a nature walk on Level 7 to collect natural items such as leaves, flowers, and twigs from the ground. It was heartwarming to see their enthusiasm and helpfulness as they eagerly explored different areas to search for natural items that caught their interest.

During our walk, we also made an exciting discovery — a small branch that had fallen from a tree! The children were fascinated and decided to bring it back to school for further exploration.",,,draft,2025-01-22 04:34:17,2025-01-21 06:20:46,2025-01-22 04:34:16,NULL,"{""id"": 1, ""code"": ""DNI00""}","[{""id"": 1300, ""label"": ""2025 K1 David McKee""}]",NULL,[],[]
290614,album,《穿大鞋子向前走》,"老师准备好纸板做好的大鞋子，邀请幼儿一起来玩游戏。幼儿们尝试穿着大码的鞋子，保持身体平衡的向前行走。在活动的过程中，幼儿感受大大脚丫的趣味，增强幼儿的平衡感。

",,,draft,2025-01-21 08:11:47,2025-01-21 08:11:44,2025-01-21 08:18:05,NULL,"{""id"": 1, ""code"": ""DNI00""}","[{""id"": 1295, ""label"": ""2025 PG Rod Campbell""}]",NULL,[],[]
290618,album,Walking in and out ,"The teacher encouraged Elle to walk in and out of the hula hoop. At first, she crawled in but after the teacher guided her she understood and started walking instead. Elle repeated the process as she gaining confidence with each step. This activity develop sense of balance and coordination of body parts and movements.
",,,published,2025-01-31 10:50:43,2025-01-21 09:18:01,2025-01-31 10:50:43,NULL,"{""id"": 16, ""code"": ""MBS""}","[{""id"": 1376, ""label"": ""2025 Infant Joy""}]",NULL,[],[]
290619,album,生气时我们可以怎么做。,一起来看看大家生气的时候那些，都有哪些消气的办法。,,,draft,2025-01-21 10:24:10,2025-01-21 10:23:56,2025-01-21 10:24:10,NULL,"{""id"": 18, ""code"": ""OMB01""}","[{""id"": 1287, ""label"": ""2025 K1 Jo Empson""}]",NULL,[],[]
290620,album,我怎么了,教师和孩子分享高兴、伤心、生气以及害怕的表情图及字卡，请幼儿说说这些图案代表了什么情绪。接着请孩子抽取表情图或字卡，寻找拿到相同表情图或字卡的朋友，进行配对，并一起扮演出对应的表情。,,,published,2025-01-21 10:40:43,2025-01-21 10:40:28,2025-01-21 10:40:42,NULL,"{""id"": 18, ""code"": ""OMB01""}","[{""id"": 1285, ""label"": ""2025 N2 Eric Carle""}]",NULL,[],[]
290621,album,Remove the scarf,The teacher placed a scarf on Josiah's face and encouraged him to remove the scarf by himself. Josiah reached out for the scarf and pulled it off from his face.,,,draft,2025-01-21 10:47:34,2025-01-21 10:45:01,2025-01-21 10:47:33,NULL,"{""id"": 16, ""code"": ""MBS""}","[{""id"": 1376, ""label"": ""2025 Infant Joy""}]",NULL,[],[]
290622,album,我的情绪脸谱,老师邀请孩子使用各种不同的材料，创作自己的情绪脸谱。在创作过程中，老师鼓励孩子说一说他们想创作什么情绪脸谱，并引导他们发挥创意使用不同的材料进行创作。最后，在完成自己的作品后，老师鼓励孩子尝试和老师或朋友分享自己的作品。,,,published,2025-01-21 10:55:46,2025-01-21 10:55:32,2025-01-21 10:55:45,NULL,"{""id"": 18, ""code"": ""OMB01""}","[{""id"": 1285, ""label"": ""2025 N2 Eric Carle""}]",NULL,[],[]
290623,post,绒毛玩具,我用小巧灵活的小手，拿起了不同形状细细的绒毛棒。,,,published,2025-01-21 11:12:26,2025-01-21 11:12:21,2025-01-21 11:12:25,NULL,"{""id"": 1, ""code"": ""DNI00""}","[{""id"": 1302, ""label"": ""2025 Infant Karen Katz""}]",NULL,[],[]
290624,post,画画,未来的小画家可能会出自我们哦，你们看！我们已经可以在白纸上画出许多不同形状的线条了！,,,published,2025-01-21 11:16:04,2025-01-21 11:15:57,2025-01-21 11:16:04,NULL,"{""id"": 1, ""code"": ""DNI00""}","[{""id"": 1302, ""label"": ""2025 Infant Karen Katz""}]",NULL,[],[]
290625,post,做灯笼🏮,我们协助老师做了好多好多红红的个灯笼🏮，新年要到了，让我们一起迎接新年的到来吧！,,,published,2025-01-21 11:20:26,2025-01-21 11:20:12,2025-01-21 11:25:26,NULL,"{""id"": 1, ""code"": ""DNI00""}","[{""id"": 1302, ""label"": ""2025 Infant Karen Katz""}]",NULL,[],[]
290626,post,叶子,今天我开心的观赏和触摸了来自大自然的叶子，不错！我喜欢它们的样子和颜色。,,,published,2025-01-21 11:24:46,2025-01-21 11:24:37,2025-01-21 11:24:46,NULL,"{""id"": 1, ""code"": ""DNI00""}","[{""id"": 1302, ""label"": ""2025 Infant Karen Katz""}]",NULL,[],[]
290627,album,一月第三周：镜子里的朋友,"活动目标：在常规活动互动和体验中，培养婴幼儿之间的互动
活动过程：老师让婴幼儿趴在镜子前面。老师微笑着指着镜子说：“看，这是谁呀？”引导婴幼儿观察镜子里的自己和同伴。如果婴幼儿表现出兴趣，老师可以轻轻引导他们用手触摸镜子中的影像，并说：“你好呀，这是你的朋友。”当婴幼儿尝试对镜子做出表情或动作时，老师及时回应和模仿，例如：“哇，你笑了，小朋友也笑了！”整个过程中，老师用温柔语气引导，鼓励婴幼儿互相关注和互动。
活动帮助婴幼儿通过镜子认识自己和他人，发展社交兴趣、培养婴幼儿之间的互动。

",,,published,2025-01-21 11:43:27,2025-01-21 11:39:34,2025-01-21 11:43:26,NULL,"{""id"": 10, ""code"": ""DTE01""}","[{""id"": 1310, ""label"": ""2025 Infant Mozart""}]",NULL,[],[]
290629,post,Smart Science Lab,"Yesterday, the children from the Smart Science Lab learned about the life cycle of a butterfly. They started by watching a short video that illustrated the journey of a caterpillar, from an egg to a pupa, and finally transforming into a butterfly. The session concluded with the children decorating their own butterflies using finger painting.",,,draft,2025-01-22 04:33:28,2025-01-21 12:19:11,2025-01-22 04:33:28,NULL,"{""id"": 1, ""code"": ""DNI00""}","[{""id"": 1300, ""label"": ""2025 K1 David McKee""}]",NULL,[],[]
290631,album,January Week 2: Shape Hunt ,"Learning Objective 
-Foster concept development basic to all mathematics by encouraging children to see likeness and differences in size, shapes and texture 

Children hunt for shapes around the classroom and during outdoor. They found objects that match specific shapes, like circles. 

Date of Activity: 
15 January 2025 ",,,published,2025-01-21 14:24:12,2025-01-21 14:24:04,2025-02-04 05:04:56,NULL,"{""id"": 10, ""code"": ""DTE01""}","[{""id"": 1312, ""label"": ""2025 Nursery 1 Lois Ehlert""}]",NULL,[],[]
290637,album,K2 Potter's Weekly Photos - January 20th to January 24th,Here are some photos we managed to snap of our K2 Potter friends this week!,,,published,2025-01-22 05:46:30,2025-01-21 23:07:45,2025-01-22 05:46:29,NULL,"{""id"": 20, ""code"": ""TMJ""}","[{""id"": 1432, ""label"": ""2025 K2 Potter""}]",NULL,[],[]
290638,album,Weekly Highlight: Term 1 Week 3!,K2 Potter took on the roles of authors and illustrators for this week's Talent Story Challenge!,,,published,2025-01-21 23:08:48,2025-01-21 23:08:04,2025-01-21 23:08:48,NULL,"{""id"": 20, ""code"": ""TMJ""}","[{""id"": 1432, ""label"": ""2025 K2 Potter""}]",NULL,[],[]
290640,album,Term 1 Week 3: Numicon Puzzle Art,"Objectives:
1) Children will identify and put together Numicon pieces by two attributes, such as colour and size, to develop sorting and comparison skills.
2) Children will incorporate Numicon shapes into artwork to explore how mathematical elements can inspire creative expression.

The children were provided with mixed-up Numicon pieces to sort by two attributes (e.g. Five & Red, Orange & 1, etc.). After sorting the pieces, children had the opportunity to use them as stencils to create a picture. After which, the children had a show and tell in which they were facilitated with a conversation about how everyone’s design is different and special, and the children shared the image they created and the pieces they used. 

This activity was conducted from 22-23rd of January 2025",,,published,2025-01-23 06:07:13,2025-01-22 00:58:27,2025-01-23 23:42:54,NULL,"{""id"": 10, ""code"": ""DTE01""}","[{""id"": 1315, ""label"": ""2025 Kindergarten 1 Darwin""}]",NULL,[],[]
290644,album,一月精彩相册（四）,"手工活动--小小设计师
设计衣服，并向朋友们介绍我的设计想法。
音乐课活动",,,published,2025-01-22 03:55:40,2025-01-22 03:54:47,2025-01-23 05:43:59,NULL,"{""id"": 20, ""code"": ""TMJ""}","[{""id"": 1432, ""label"": ""2025 K2 Potter""}]",NULL,[],[]
290648,album,新年美工蛇,"蛇年就要来到了，大家一起来剪剪贴贴装饰自己的新年蛇。
",,,draft,2025-01-22 05:08:36,2025-01-22 05:08:12,2025-01-22 05:08:36,NULL,"{""id"": 18, ""code"": ""OMB01""}","[{""id"": 1287, ""label"": ""2025 K1 Jo Empson""}]",NULL,[],[]
290649,album,音乐课,"激发幼儿对音乐的兴趣，培养热爱音乐的情感。
提高幼儿对节奏、音高、音色和旋律的感知能力。
鼓励幼儿用身体动作、简单的乐器或歌唱表达音乐。
通过合作演奏和集体活动培养协作精神。
",,,published,2025-01-22 05:25:08,2025-01-22 05:24:46,2025-01-22 05:25:07,NULL,"{""id"": 20, ""code"": ""TMJ""}","[{""id"": 1403, ""label"": ""2025 N2 Florence""}]",NULL,[],[]
290651,album,1月22日 体育课,"身体发展：促进幼儿走、跑、跳、平衡、投掷等基本动作的发展。
运动技能：提高动作的协调性、灵活性和耐力。
合作与规则：培养团队合作精神和遵守规则的意识。
情感与兴趣：增强运动兴趣，养成热爱运动的习惯。
",,,published,2025-01-22 05:32:34,2025-01-22 05:32:22,2025-01-22 05:32:34,NULL,"{""id"": 20, ""code"": ""TMJ""}","[{""id"": 1403, ""label"": ""2025 N2 Florence""}]",NULL,[],[]
290654,album,Water painting ,"The children were introduced to water painting this week. After watching the teacher's demonstration, the children proceeded to take a paint brush each and explore what they could do with the paintbrushes outdoors. 

Some children drew dots, lines, circles, and some even explored to splattering the water with the paint brush. The children expressed their interest in exploring water painting as we painted all around together. ",,,draft,2025-01-22 05:38:32,2025-01-22 05:37:47,2025-01-22 05:39:19,NULL,"{""id"": 1, ""code"": ""DNI00""}","[{""id"": 1295, ""label"": ""2025 PG Rod Campbell""}]",NULL,[],[]
290657,album,学习口述句式,"幼儿学习口述句式：鳄鱼的牙齿是尖尖的。
幼儿通过观察了解动物的牙齿特征，满足好奇心。
",,,published,2025-01-22 05:41:29,2025-01-22 05:41:10,2025-01-22 05:41:28,NULL,"{""id"": 20, ""code"": ""TMJ""}","[{""id"": 1403, ""label"": ""2025 N2 Florence""}]",NULL,[],[]
290665,album,Wigglepods,"The children had another good time during wigglepods session this week! They were dancing to the music and getting to explore various instruments like drums and shakers. We  also explored further on what else we can do to produce sounds on the instruments. The children tried rolling, tapping, knocking and rubbing the instruements together. 

Animal sounds were also played for the children to listen attentively and identify what it is. Pictures of the animals were also shown to the children after they guessed the animal based on the sound they hear.  ",,,draft,2025-01-22 05:49:07,2025-01-22 05:48:20,2025-01-22 05:52:52,NULL,"{""id"": 1, ""code"": ""DNI00""}","[{""id"": 1295, ""label"": ""2025 PG Rod Campbell""}]",NULL,[],[]
290671,album,每周精彩活动——（第一学期——第三周—观察我的牙齿）,"观察与认识使用牙齿模型：
介绍牙齿的基本结构：门牙、犬牙、臼齿。
教幼儿认识每种牙齿的形状和功能：
门牙：用来切断食物（像剪刀）。
犬牙：用来撕碎食物（像小尖刺）。
臼齿：用来磨碎食物（像小石磨）。
幼儿照小镜子，请幼儿仔细观察自己的牙齿，并尝试辨认三种牙齿，幼儿加深对牙齿功能的理解。
幼儿能尝试用华语表达自己的想法。
认知发展：引导幼儿初步认识牙齿的外形、种类和功能。
健康意识：帮助幼儿了解爱护牙齿的重要性和正确的护齿方法。
观察能力：培养幼儿通过观察和触摸感知牙齿特征的能力。",,,published,2025-01-22 05:54:24,2025-01-22 05:54:10,2025-01-22 05:54:24,NULL,"{""id"": 20, ""code"": ""TMJ""}","[{""id"": 1403, ""label"": ""2025 N2 Florence""}]",NULL,[],[]
290681,album,Weekly Highlight: Term 1 Week 3 (Match and Celebrate Pairs),This week the children explored pairing objects together!,,,published,2025-01-22 06:55:56,2025-01-22 06:38:46,2025-01-22 06:55:56,NULL,"{""id"": 20, ""code"": ""TMJ""}","[{""id"": 1403, ""label"": ""2025 N2 Florence""}]",NULL,[],[]
290694,album,精彩活动——第一学期第三周,"20/01/2025——22/01/2025

  本周K1 Bailey的精彩活动依旧从绘本《菲菲生气了》出发，涉及语言斗和来创造两个领域。活动通过展示海报激发幼儿兴趣，围绕“消气小贴士”的主题展开。幼儿分组尝试利用图画纸、马克笔等材料创作海报，在过程中通过讨论和分工合作完成任务。",,,published,2025-01-22 09:29:09,2025-01-22 09:28:57,2025-01-22 09:29:08,NULL,"{""id"": 20, ""code"": ""TMJ""}","[{""id"": 1404, ""label"": ""2025 K1 Bailey""}]",NULL,[],[]
290695,album,第一学期第三周精彩活动,家长们请欣赏第三周精彩活动～,,,published,2025-01-24 05:47:49,2025-01-22 09:32:40,2025-01-24 05:47:48,NULL,"{""id"": 20, ""code"": ""TMJ""}","[{""id"": 1430, ""label"": ""2025 K1 Bright""}]",NULL,[],[]
290697,album,Weekly Highlight: Term 1 Week 3 ,"This week, the children participated in a lively ball passing activity, focusing on teamwork and coordination. Organised into small groups, they practiced passing the ball using both overhead and underarm techniques, ensuring it moved smoothly from one child to the next. The activity fostered a spirit of collaboration and encouraged the children to communicate effectively, enhancing both their physical and social skills.",,,published,2025-01-22 09:41:28,2025-01-22 09:41:18,2025-01-22 09:41:27,NULL,"{""id"": 20, ""code"": ""TMJ""}","[{""id"": 1371, ""label"": ""2025 N2 Donaldson""}]",NULL,[],[]
290698,post,Playdough Craft,"Hi Parents!

Today, the children brought home their handmade playdough, which they created using just flour, salt, and water. Last week, we focused on the concepts of soft and hard, and playdough served as an example. The children mixed the ingredients themselves and felt the soft, squishy texture of the dough. Afterward, they got creative with various cutters to shape their playdough. To finish, the teacher placed their creations in the microwave, turning the playdough into a hard, solid form.

The playdough was placed inside their bags. Please don't forget to take it out. :D",,,published,2025-01-22 09:58:45,2025-01-22 09:58:39,2025-01-22 09:58:44,NULL,"{""id"": 5, ""code"": ""DTH01""}","[{""id"": 1408, ""label"": ""2025 Nursery 1 Engagers""}]",NULL,[],[]
290701,album,一月第三周：新年窗花,"活动目标：通过美术活动，如：涂鸦，水彩画等，认识熟悉的颜色，形状等，培养婴幼儿对艺术的兴趣
活动过程：红色是华人新年的主要颜色，老师拿出红纸向幼儿们展示“红色，并向幼儿介绍窗花对华人新年的象征，喜气，团圆，富贵”，老师进行制作过程，由于会用到剪刀，所以在剪纸过程老师们会配合保证幼儿不会近距离接触，完成剪纸老师再向幼儿展示完美窗花，让幼儿近距离观看和触摸，在活动中幼儿很认真的观察老师的制作过程，看到成品窗户露出笑容，初步培养幼儿的艺术审美。",,,draft,2025-01-22 12:32:05,2025-01-22 12:32:02,2025-01-22 12:32:05,NULL,"{""id"": 10, ""code"": ""DTE01""}","[{""id"": 1310, ""label"": ""2025 Infant Mozart""}]",NULL,[],[]
290724,album,Octaves Music (T1W3),请欣赏孩子们参与活动的快乐时光！,,,published,2025-01-23 03:56:30,2025-01-23 03:55:38,2025-01-23 03:56:30,NULL,"{""id"": 20, ""code"": ""TMJ""}","[{""id"": 1433, ""label"": ""2025 K2 Robinson""}]",NULL,[],[]
290726,album,第一学期第三周精彩活动分享,"Objective(s)/目标:
能综合运用搓、团、压、拉等技能，拼出猪的耳朵、鼻子、眼睛、身体、手臂、服装等饰物。
乐意在探索过程中努力地思考，勇敢克服困难进行创作。
",,,published,2025-01-23 05:33:10,2025-01-23 05:31:34,2025-01-23 05:33:10,NULL,"{""id"": 20, ""code"": ""TMJ""}","[{""id"": 1433, ""label"": ""2025 K2 Robinson""}]",NULL,[],[]
290727,album,漂亮的烟花,在欣赏漂亮的烟花图片之后，老师鼓励幼儿说出烟花的色彩，绽放的线条和图案特征。大家一起剪裁不同的彩色纸张来发挥想象，创意出心中最美的烟花。,,,draft,2025-01-23 05:45:11,2025-01-23 05:44:43,2025-01-23 05:45:10,NULL,"{""id"": 18, ""code"": ""OMB01""}","[{""id"": 1287, ""label"": ""2025 K1 Jo Empson""}]",NULL,[],[]
290730,album,一月 第二周 水中转动的小蛇,"活动目标：

1.锻炼幼儿手部细小肌肉的能力。
2.使幼儿感受到小蛇在水中的变化。

活动过程：

活动中，老师展示了如何让小蛇在水中转动。首先，小朋友们给小蛇画上眼睛；然后将小蛇放进水中；最后在眼睛旁滴上一滴洗涤剂，静静地观察，小蛇就会在水中慢慢的游动了。

活动日期：2025年1月13-17日",,,published,2025-01-23 05:50:08,2025-01-23 05:50:00,2025-01-23 05:50:07,NULL,"{""id"": 10, ""code"": ""DTE01""}","[{""id"": 1311, ""label"": ""2025 Playgroup Michael Rosen""}]",NULL,[],[]
290733,album,1月 第三周 展示与分享,"活动目标：
1.锻炼幼儿自我意识的发展。
2.尝试让幼儿有初步的表达能力。

活动过程：
教师将幼儿制作的小鼓一一的进行展示，请小朋友们在众多的小鼓当中找到自己的，并且在前面表演与展示。
大部分的幼儿都找到了自己的小鼓，并表示很开心，在听音乐演奏的过程中，小朋友们敲击着自己的小鼓展现出了快乐。
在和K1小朋友一起户外表演的过程中，小朋友们参与到其中，并且每个小朋友都进行了演奏！

活动时间：2025年1月20-22日",,,published,2025-01-23 06:00:41,2025-01-23 06:00:27,2025-01-23 06:00:40,NULL,"{""id"": 10, ""code"": ""DTE01""}","[{""id"": 1311, ""label"": ""2025 Playgroup Michael Rosen""}]",NULL,[],[]
290734,album,1月 第三周 舞龙舞狮,"
活动目标：
1.感受华人新年舞龙舞狮的浓厚氛围。
2.了解华人传统文化。

活动过程：
这次活动通过组织小班幼儿参加舞龙舞狮表演，让孩子们亲身感受了华人新年的热闹氛围。孩子们在观赏精彩的舞龙舞狮时，不仅被节庆的气氛所感染，还学习了相关的传统文化，如舞龙舞狮的历史意义和在春节中的重要作用。通过互动与体验，孩子们更好地理解了春节的传统习俗，感受到了浓浓的节日气息。


活动时间：2025年1月23日
",,,published,2025-01-23 06:08:02,2025-01-23 06:07:50,2025-01-23 06:08:01,NULL,"{""id"": 10, ""code"": ""DTE01""}","[{""id"": 1311, ""label"": ""2025 Playgroup Michael Rosen""}]",NULL,[],[]
290735,post,Guidance on screen use in children,"This morning, we focused on our current issues topic and discussed the news about screen time guidelines. the children shared ideas on alternative activities we can do instead of constantly using digital gadgets. 

Guidelines to manage the use of screens among young children have been updated by the Ministry of Health, to provide stricter and clearer advice for parents. This is part of a newly launched national health strategy to encourage children and adolescents to adopt healthier lifestyles. The Grow Well SG initiative also focuses on children’s eating, sleeping, exercising and bonding habits. You may click on the link to get more information. 

https://www.healthhub.sg/programmes/parent-hub/preschool",,https://www.healthhub.sg/programmes/parent-hub/preschool,published,2025-01-23 06:08:56,2025-01-23 06:08:54,2025-01-23 06:09:23,NULL,"{""id"": 1, ""code"": ""DNI00""}","[{""id"": 1301, ""label"": ""2025 K2 Debi Gliori""}]",NULL,[],[]
290744,album,精彩活动：第一学期 第三周,请家长们查阅本周精彩活动！,,,published,2025-01-23 06:32:40,2025-01-23 06:31:03,2025-01-23 06:32:39,NULL,"{""id"": 20, ""code"": ""TMJ""}","[{""id"": 1432, ""label"": ""2025 K2 Potter""}]",NULL,[],[]
290752,album,1月第三周：摸一摸,"活动目标
发展婴幼儿的触觉感官，提升感知能力

活动流程
老师向孩子展示触摸盒，激发孩子的好奇心，并鼓励孩子用手摸一摸。孩子在触摸时，会感知
物品的形状、材质和触感。老师会在一旁用语言描述，物品是软的还是硬的。让孩子对软和硬
有初步的认知。
",,,draft,2025-01-23 07:04:43,2025-01-23 07:04:40,2025-01-23 07:04:43,NULL,"{""id"": 10, ""code"": ""DTE01""}","[{""id"": 1310, ""label"": ""2025 Infant Mozart""}]",NULL,[],[]
290755,album,A Day In The Life With Our Playgroup Friends,"Step into the world of our PG Michael Rosen friends as they embark on an exciting journey through a typical day in Playgroup. Watch as they engage in fun-filled activities, explore their surroundings, and enjoy moments of discovery, learning, and play. Join us in celebrating the joy and wonder of a day in PG Michael Rosen!",,,published,2025-01-23 08:23:11,2025-01-23 08:22:18,2025-01-23 08:23:11,NULL,"{""id"": 10, ""code"": ""DTE01""}","[{""id"": 1311, ""label"": ""2025 Playgroup Michael Rosen""}]",NULL,[],[]
290760,album,精彩瞬间（2025.1.20-1.24）,请家长们欣赏本周精彩瞬间,,,published,2025-01-24 05:47:23,2025-01-23 09:19:35,2025-01-24 05:47:22,NULL,"{""id"": 20, ""code"": ""TMJ""}","[{""id"": 1430, ""label"": ""2025 K1 Bright""}]",NULL,[],[]
290763,album,音乐课和体能课活动照片,请家长欣赏音乐课和体能课活动照片,,,published,2025-01-24 05:58:33,2025-01-23 09:33:00,2025-01-24 05:58:32,NULL,"{""id"": 20, ""code"": ""TMJ""}","[{""id"": 1430, ""label"": ""2025 K1 Bright""}]",NULL,[],[]
290766,album,周活动——第一学期第三周,"20/01/2025——23/01/2025
  
  请查收本周K1 Bailey的周活动照片。",,,published,2025-01-23 09:55:44,2025-01-23 09:54:07,2025-01-23 09:55:44,NULL,"{""id"": 20, ""code"": ""TMJ""}","[{""id"": 1404, ""label"": ""2025 K1 Bailey""}]",NULL,[],[]
290770,post,运动课,幼儿们跟随教练在运动课上继续练习大肢体动作/手眼协调性/身体的灵活性/传球接球训练动作，教练带领幼儿们进行热身动作，跟随螃蟹的行走模式进行热身，之后教练带领幼儿们排队进行各种动作的练习，最后幼儿们跟随教练的指令进行击打球的动作技能练习。幼儿们在训练课上积极参与到活动中，也提高了幼儿们的身体素质。,,,draft,2025-01-23 12:26:32,2025-01-23 12:26:25,2025-01-23 12:26:32,NULL,"{""id"": 1, ""code"": ""DNI00""}","[{""id"": 1298, ""label"": ""2025 N2 Eric Carle""}]",NULL,[],[]
290771,post,学习刷牙步骤排序,"通过绘本教学《鳄鱼怕怕牙医怕怕》的教学展开，拓展教学内容的延伸，幼儿们学习了健康安全方面的知识《如何正确的刷牙？》幼儿们首先分享了自己在家中刷牙的情况，有的幼儿会告诉老师：我早晨在家刷牙，我的牙齿白白。有的幼儿分享：我喜欢我的牙刷，我的牙刷是蓝色的。

老师向幼儿们提出焦点问题进行思考：刷牙的步骤有哪些呢？幼儿们分别说出了自己的想法，有的幼儿说：使用牙刷刷牙/用水漱口等等。幼儿们分别拿到一个刷牙排序图，按照自己的刷牙顺序进行排序，从第一步到第五步分别使用阿拉伯数字表示并粘贴在对应的图片下方，最后幼儿们展示自己的排序板讲述自己的刷牙步骤。

通过本次练习，幼儿们增强了语言表达能力，与老师同伴分享自己的想法，活动中幼儿们学习到了正确的刷牙方式和步骤，按照常规排序练习幼儿们对事物的逻辑思维与规则。",,,draft,2025-01-23 12:42:40,2025-01-23 12:42:31,2025-01-23 12:42:40,NULL,"{""id"": 1, ""code"": ""DNI00""}","[{""id"": 1298, ""label"": ""2025 N2 Eric Carle""}]",NULL,[],[]
290772,post,结构类大型器械玩耍,"幼儿们在六层的大型结构区利用户外器械搭建了自己喜爱的游乐区，这些大型桌椅给幼儿们 提供了进行攀爬，跨越，平衡行走的机会。

",,,draft,2025-01-23 12:51:45,2025-01-23 12:51:24,2025-01-23 12:51:44,NULL,"{""id"": 1, ""code"": ""DNI00""}","[{""id"": 1298, ""label"": ""2025 N2 Eric Carle""}]",NULL,[],[]
290773,album,Term 1 Week 3 Weekly Highlight,Numicon Puzzle Art,,,published,2025-01-23 13:49:01,2025-01-23 13:48:26,2025-01-23 13:49:00,NULL,"{""id"": 20, ""code"": ""TMJ""}","[{""id"": 1430, ""label"": ""2025 K1 Bright""}]",NULL,[],[]
290775,album,Nature Walk,nil,,,published,2025-01-23 14:00:41,2025-01-23 14:00:18,2025-01-23 14:00:40,NULL,"{""id"": 20, ""code"": ""TMJ""}","[{""id"": 1430, ""label"": ""2025 K1 Bright""}]",NULL,[],[]
290776,album,Octaves,nil,,,published,2025-01-23 14:08:08,2025-01-23 14:07:26,2025-01-23 14:08:07,NULL,"{""id"": 20, ""code"": ""TMJ""}","[{""id"": 1430, ""label"": ""2025 K1 Bright""}]",NULL,[],[]
290780,album,《送胡萝卜回家》,教师为幼儿讲述关于小白兔🐰的家里丢失了一些胡萝卜🥕的故事，请小朋友们一起帮忙将胡萝卜送回小白兔的家，不过我们想要帮忙可不是那么容易呢！需要绕过障碍，渡过桥才能帮到小白兔哦。小朋友们都很想要赶快将胡萝卜运输回家，在过障碍的时候宝贝们都做得很好，不过在过桥的时候遇到了一些困难，会感觉有点害怕的，在鼓励和帮助下，我们都顺利的将所有的胡萝卜送回小白兔的家哦。小白兔特别感谢小朋友们🥰🥰,,,draft,2025-01-23 14:22:52,2025-01-23 14:22:28,2025-01-23 14:22:52,NULL,"{""id"": 1, ""code"": ""DNI00""}","[{""id"": 1297, ""label"": ""2025 N1 Marcus Pfister""}]",NULL,[],[]
290781,album,精彩活动 一月 第三周 静电勺子,"老师提供塑料勺子和剪成小片的纸屑，鼓励幼儿将塑料勺子放在头发上摩擦，然后将勺子靠近纸屑，观察发生的现象——碎纸屑被吸附到勺子上。
   通过活动培养好奇心和主动探索的精神，从而实现婴幼儿是自信、好奇和投入的学习者[持续的参与、注意力、解决问题和语言能力]的学习成果。",,,published,2025-01-24 06:29:08,2025-01-23 14:25:08,2025-01-24 06:29:07,NULL,"{""id"": 20, ""code"": ""TMJ""}","[{""id"": 1402, ""label"": ""2025 N1 Kelly""}]",NULL,[],[]
290782,album,一月第三周 活动集锦,这是本周部分活动的照片，请浏览！,,,published,2025-01-24 06:31:18,2025-01-23 14:31:04,2025-01-24 06:31:17,NULL,"{""id"": 20, ""code"": ""TMJ""}","[{""id"": 1402, ""label"": ""2025 N1 Kelly""}]",NULL,[],[]
290784,album,《彩色泡泡中的练习》,"教师根据幼儿之前的情况，发现有些宝贝不会吹气，所以在户外活动时有意识地让宝贝们经常练习如何吹泡泡，这一次我们发现之前不太熟练的幼儿在教师的引导下逐渐可以吹出一些泡泡，比如做示范，把脸鼓鼓，然后伸出手感受是否有风吹到手上呢，让幼儿先观察后模仿～
并且我们不再帮助幼儿蘸泡泡水，而是让孩子们自己尝试，在这个过程中可以锻炼他们手眼协调的能力，刚开始会有一些对不准瓶口，需要多给孩子一些时间和耐心，慢慢地练习有好一些👍宝贝们也很喜欢自己动手的过程，会让他们有满足感🥰🥰",,,draft,2025-01-23 14:38:44,2025-01-23 14:38:29,2025-01-23 14:38:43,NULL,"{""id"": 1, ""code"": ""DNI00""}","[{""id"": 1297, ""label"": ""2025 N1 Marcus Pfister""}]",NULL,[],[]
290786,album,体育课、音乐课,这是本周体育课和音乐课的部分照片，请浏览！,,,published,2025-01-24 06:37:36,2025-01-23 14:44:35,2025-01-25 05:09:31,NULL,"{""id"": 20, ""code"": ""TMJ""}","[{""id"": 1402, ""label"": ""2025 N1 Kelly""}]",NULL,[],[]
290787,album,《RSGK-活动身体时间到》,"本周的课程中，幼儿在热身环节模仿动物走路比之前要熟练一些，模仿教练的动作，充分活动身体～
本次的挑战是将小球放在三角桶上面，拿起棒棒，角度朝下方，对准球，然后推出小球到前方即为成功。
教练先做示范，然后两人一组进行挑战，小朋友们在第一次尝试中会有对不准的情况，教练在旁鼓励和指导，在第二次尝试时，宝贝们基本能够准确将小球顺利推出👍👍",,,draft,2025-01-23 14:58:00,2025-01-23 14:57:42,2025-01-23 14:57:59,NULL,"{""id"": 1, ""code"": ""DNI00""}","[{""id"": 1297, ""label"": ""2025 N1 Marcus Pfister""}]",NULL,[],[]
290794,post,K1 Term 1 Week 3 Weekly Updates ,"For this week, children drew their various family members in line with the theme of learning about my family. Once done, they are encouraged to have a show and tell session with their peers. 

Children also got to know more about the various types of plants in our school garden situated on the second floor outdoor play area.

In addition,  children had a talk from SPD, where they learned more about people with disabilities. 

Lastly, children worked on the Lunar New Year snake craft to usher in the new year!",,,draft,2025-01-24 05:21:56,2025-01-23 23:41:06,2025-01-24 05:21:56,NULL,"{""id"": 5, ""code"": ""DTH01""}","[{""id"": 1406, ""label"": ""2025 Kindergarten 1 Inventors""}]",NULL,[],[]
290795,post,"""Pom Poms Transfer""","I was able to transfer the big pom poms with a tong and I continued to transfer all the pom poms through my teacher’s encouragement. I went ‘open and close’ the tong to squeeze the pom poms and transferred them to a tray. I’m so happy that I could use the tong after a few practices. 😁
",,,published,2025-01-23 23:42:04,2025-01-23 23:41:59,2025-01-23 23:42:03,NULL,"{""id"": 1, ""code"": ""DNI00""}","[{""id"": 1302, ""label"": ""2025 Infant Karen Katz""}]",NULL,[],[]
290796,post,"""Exploring with Clothes Pegs""","After my teacher’s demonstration, I was able to manipulate the clothes pegs by squeezing them open and close. I continued my exploration by removing the clothes pegs by squeezing them to release from the tray. My teacher said I did well and I have stronger small muscle skills. 😄
",,,published,2025-01-23 23:46:00,2025-01-23 23:45:55,2025-01-23 23:45:59,NULL,"{""id"": 1, ""code"": ""DNI00""}","[{""id"": 1302, ""label"": ""2025 Infant Karen Katz""}]",NULL,[],[]
290797,post,"""Balls in the Webbed Basket""","I rescued the balls from the webbed basket and at times my fingers got caught in between the twine and it didn’t stop me from exploring. I continued to grab and pick the balls out from the webbed basket and placed them on the tray. I skillfully used two hands in the webbed basket to rescue the balls too!😆
",,,published,2025-01-23 23:52:01,2025-01-23 23:51:57,2025-01-23 23:52:01,NULL,"{""id"": 1, ""code"": ""DNI00""}","[{""id"": 1302, ""label"": ""2025 Infant Karen Katz""}]",NULL,[],[]
290798,post,"""Where are the Stars?""","I experimented with shredded paper in the sensory bin and it took me a lot of courage to slowly place my hands into the sensory bin. My teacher continued to encourage me to grab and pull the shredded paper out to find the hidden stars. When being asked, “Where are the stars?” I peeked into the sensory bin and slowly pulled out the shredded paper and found a star! I continued and was so happy to find more stars in the sensory bin. 
",,,published,2025-01-23 23:57:18,2025-01-23 23:57:12,2025-01-23 23:57:17,NULL,"{""id"": 1, ""code"": ""DNI00""}","[{""id"": 1302, ""label"": ""2025 Infant Karen Katz""}]",NULL,[],[]
290801,album,Our weekend activity,"After reading on the book- ""Kevin and his dad"", children shared about the different events that occurred in the story. They also shared with their friends about different weekend activities they do with their family before illustrating them  [:",,,draft,2025-01-23 23:59:25,2025-01-23 23:59:21,2025-01-23 23:59:25,NULL,"{""id"": 16, ""code"": ""MBS""}","[{""id"": 1382, ""label"": ""2025 Kindergarten 1 Gratitude""}]",NULL,[],[]
290802,post,"""Pom Poms in a Whisk""","I manipulated with my hands and figured out how to remove the pom poms out from the whisk. When my teacher demonstrated to me once, I was able to remove one of the pom poms with my pincer grips. I continued to remove the rest of the pom poms and placed them on the tray. I skillfully used my pinching skills to grab the pom poms from the whisk and release them to the tray.
",,,published,2025-01-24 00:12:05,2025-01-24 00:11:58,2025-01-24 00:12:05,NULL,"{""id"": 1, ""code"": ""DNI00""}","[{""id"": 1302, ""label"": ""2025 Infant Karen Katz""}]",NULL,[],[]
290803,post,"""Exploring with Pipe Cleaners""","Through my teacher’s guidance, I busily pulled out the pipe cleaners from the basket and placed them on the tray. When my teacher demonstrated to push the pipe cleaners through the little holes, I slowly pushed the pipe cleaners through the holes to thread them in. I continued to work with my alternate hands to thread the pipe cleaners in and out of the basket.
",,,published,2025-01-24 00:17:38,2025-01-24 00:17:30,2025-01-24 00:17:38,NULL,"{""id"": 1, ""code"": ""DNI00""}","[{""id"": 1302, ""label"": ""2025 Infant Karen Katz""}]",NULL,[],[]
290804,album,华文拾趣,"我们每个星期五，会将这个星期学习或者感兴趣的内容书写和绘画在书本上。

我们正在学习《菲菲生气了》，学习了不用的情绪词汇，如生气，伤心等。将词汇书写在华文拾趣上。",,,draft,2025-01-24 00:25:19,2025-01-24 00:25:14,2025-01-24 00:25:18,NULL,"{""id"": 1, ""code"": ""DNI00""}","[{""id"": 1300, ""label"": ""2025 K1 David McKee""}]",NULL,[],[]
290805,album,生气时会做……,"老师提出问题：
你在生气时会做些什么让自己消气呢？
小朋友们的回答都很可爱，并且充满创意。
“生气的时候我会吃饼干。”
“生气的时候会找爸爸妈妈。”
“生气的时候会玩玩具。”
“生气的时候会睡觉。”
“生气的时候会出去玩。”

问答结束后，我们还进行了一个“消气小游戏”。

最后提前祝大家新年快乐，万事如意，所得皆所愿。

谢谢！",,,draft,2025-01-24 00:29:53,2025-01-24 00:29:47,2025-01-24 00:29:53,NULL,"{""id"": 1, ""code"": ""DNI00""}","[{""id"": 1300, ""label"": ""2025 K1 David McKee""}]",NULL,[],[]
290806,album,"Ready, Steady, Go Kids (T1W3)","This week, the children practiced dribbling a ball with small kicks. Enjoy the pictures!",,,published,2025-01-24 00:43:02,2025-01-24 00:42:12,2025-01-24 00:43:02,NULL,"{""id"": 20, ""code"": ""TMJ""}","[{""id"": 1433, ""label"": ""2025 K2 Robinson""}]",NULL,[],[]
290810,post,Welcoming the lunar snake year,"“Looking back at last year’s dragon decorations, bidding them farewell, and welcoming the snake for this Lunar New Year.”",,,published,2025-01-24 03:47:29,2025-01-24 03:47:25,2025-01-24 03:47:29,NULL,"{""id"": 1, ""code"": ""DNI00""}","[{""id"": 1302, ""label"": ""2025 Infant Karen Katz""}]",NULL,[],[]
290811,post,Where’s the duck ,“Picking up the ducks from the water and handing them to my educarer while playfully splashing the water. My educarer counts the ducks from 1 to 5 as I pick them up one by one.”,,,published,2025-01-24 03:54:35,2025-01-24 03:54:32,2025-01-24 03:54:35,NULL,"{""id"": 1, ""code"": ""DNI00""}","[{""id"": 1302, ""label"": ""2025 Infant Karen Katz""}]",NULL,[],[]
290812,post,Where’s the flower petal ,"“My educarer hid the flower petal inside the angbao. With a little help, I managed to take it out.”",,,published,2025-01-24 03:56:08,2025-01-24 03:56:04,2025-01-24 03:56:08,NULL,"{""id"": 1, ""code"": ""DNI00""}","[{""id"": 1302, ""label"": ""2025 Infant Karen Katz""}]",NULL,[],[]
290813,post,Squeeze the sponge ,"“I’m able to grab a sponge in each hand and squeeze them as hard as I can, until water drips out from the absorbed sponge.”",,,published,2025-01-24 03:58:03,2025-01-24 03:58:00,2025-01-24 03:58:03,NULL,"{""id"": 1, ""code"": ""DNI00""}","[{""id"": 1302, ""label"": ""2025 Infant Karen Katz""}]",NULL,[],[]
290816,album,HPB Health Screening ,"This morning, the children had their first HPB health screening at school! The children were excited, though some were a little scared. However, the process was smooth and easy to follow, which helped the children feel at ease.",,,published,2025-01-24 14:22:16,2025-01-24 04:59:16,2025-01-24 14:22:16,NULL,"{""id"": 1, ""code"": ""DNI00""}","[{""id"": 1300, ""label"": ""2025 K1 David McKee""}]",NULL,[],[]
290820,album,Weekly Highlight (Bubble Wrap Painting),January Week 3,,,published,2025-01-24 05:08:40,2025-01-24 05:08:25,2025-01-24 05:08:39,NULL,"{""id"": 20, ""code"": ""TMJ""}","[{""id"": 1397, ""label"": ""2025 PG Campbell""}]",NULL,[],[]
290822,album,一月第三周精彩活动,好饿的毛毛虫来咯！你要为喂给它什么食物呢？,,,published,2025-01-24 05:14:50,2025-01-24 05:13:59,2025-01-24 05:14:49,NULL,"{""id"": 20, ""code"": ""TMJ""}","[{""id"": 1397, ""label"": ""2025 PG Campbell""}]",NULL,[],[]
290823,album,第一学期第三周活动更新,"亲爱的家长您好：
这一周是绘本《菲菲生气了》的第三周，在这一周教师和幼儿根据绘本一起谈论了有关情绪的话题。教师和幼儿一起寻找“生气了该怎么办？” 的解决办法，幼儿会用哪些方式来帮忙自己缓解生气这个情绪。
活动中教师鼓励幼儿说一说自己生气的时候是如何抒发自己的情绪，以及带领幼儿去向不同的老师或工作人员做访谈，问一问他们是否会生气，生气的时候该如何缓解情绪？之后教师和幼儿一起总结分享他们访谈的结果，并且把访谈解决生气的办法给标记出来，大家一起相互学习。
同时教师也访问幼儿—你自己生气的时候，你会用怎么样的方式来缓解自己的情绪。幼儿都能够说出和画出自己的想法。
活动中教师和幼儿一起学习的认读词汇：听音乐，画画，跑步，读书，唱歌。教师鼓励幼儿用绘画和形式把自己的想法记录下来。在接下来的活动当中，教师会带着幼儿一起利用这个制作的海报去向同伴展示分享如何应对生气的情绪。",,,published,2025-01-24 05:14:38,2025-01-24 05:14:01,2025-01-24 05:14:37,NULL,"{""id"": 5, ""code"": ""DTH01""}","[{""id"": 1406, ""label"": ""2025 Kindergarten 1 Inventors""}]",NULL,[],[]
290825,album,January Week 3 Weekly Highlight: In and Out!,"Objectives: Foster perceptual gross motor development

The children were invited to play with tires in the playground and in class. They were climbing in and out of the tire and practise their coordination of their limbs. Some of them like to sit down with friends while others prefer to be by themselves. Next week, they will also be encouraged to push the tire with their friends. 

Overall, this activity not only enhances their physical abilities but also promotes social interaction. It's delightful to see how each child approaches the task differently, reflecting their unique personalities and preferences.",,,published,2025-01-24 05:15:55,2025-01-24 05:15:35,2025-01-24 05:15:54,NULL,"{""id"": 20, ""code"": ""TMJ""}","[{""id"": 1395, ""label"": ""2025 PG Kale""}]",NULL,[],[]
290827,album,第一学期第三周,1月20日-1月24日,,,published,2025-01-24 05:19:39,2025-01-24 05:19:03,2025-01-24 05:22:49,NULL,"{""id"": 20, ""code"": ""TMJ""}","[{""id"": 1433, ""label"": ""2025 K2 Robinson""}]",NULL,[],[]
290828,album,Activities of the Week!,January Week 3,,,published,2025-01-24 05:21:13,2025-01-24 05:20:33,2025-01-24 05:21:12,NULL,"{""id"": 20, ""code"": ""TMJ""}","[{""id"": 1397, ""label"": ""2025 PG Campbell""}]",NULL,[],[]
290830,album,Weekly Highlight; Term 1 Week 3,Creating designs with repeated patterns,,,published,2025-01-24 05:26:56,2025-01-24 05:26:10,2025-01-24 05:26:56,NULL,"{""id"": 20, ""code"": ""TMJ""}","[{""id"": 1433, ""label"": ""2025 K2 Robinson""}]",NULL,[],[]
290832,post,一月 第二周 室内体能,"学习目标：
1.通过弹力平衡板、走独木桥等活动锻炼孩子的平衡力。
2.尝试聆听教师的指令。
学习过程：
教师设置体能场地后，向幼儿们介绍规则，鼓励孩子们走平衡木、双脚跳跃障碍栏，尝试不同的体能器材。
活动日期：13-17/1",,,published,2025-01-25 04:40:54,2025-01-24 05:27:11,2025-01-25 04:40:53,NULL,"{""id"": 10, ""code"": ""DTE01""}","[{""id"": 1312, ""label"": ""2025 Nursery 1 Lois Ehlert""}]",NULL,[],[]
290833,album,Chinese New Year Celebration!,24 January,,,published,2025-01-24 10:20:24,2025-01-24 05:27:23,2025-01-24 10:20:24,NULL,"{""id"": 20, ""code"": ""TMJ""}","[{""id"": 1397, ""label"": ""2025 PG Campbell""}]",NULL,[],[]
290834,album,January Week 3 Photo Album,"20 Jan - 24 Jan

Enjoy the photos! (:",,,published,2025-01-24 05:30:26,2025-01-24 05:29:50,2025-01-24 05:30:25,NULL,"{""id"": 20, ""code"": ""TMJ""}","[{""id"": 1395, ""label"": ""2025 PG Kale""}]",NULL,[],[]
290840,album,Activities this week (Term 1 Week 3),20/1 - 24/1,,,published,2025-01-24 05:47:04,2025-01-24 05:46:05,2025-01-24 05:47:03,NULL,"{""id"": 20, ""code"": ""TMJ""}","[{""id"": 1433, ""label"": ""2025 K2 Robinson""}]",NULL,[],[]
290849,album,Term 1 Week 3 Weekly Highlight,"Here are two simple activities parents can try at home to help their child practice sorting by two attributes:

Button Sorting
Gather a collection of buttons in various colors and sizes. Encourage your child to sort them into groups based on two attributes, such as color and size (e.g., ""Blue and Big"" or ""Red and Small""). You can make it more fun by using bowls or containers for sorting.

Toy Sorting
Use your child’s toys, such as cars or blocks, and ask them to sort by two attributes like color and type (e.g., ""Red Cars"" or ""Yellow Blocks""). Once sorted, you can discuss their choices and even build something with the sorted items together.",,,published,2025-01-24 06:15:00,2025-01-24 06:13:55,2025-01-24 06:14:59,NULL,"{""id"": 20, ""code"": ""TMJ""}","[{""id"": 1404, ""label"": ""2025 K1 Bailey""}]",NULL,[],[]
290851,album,一月日记（20/01/2025_24/01/2025),一月第三周的照片来咯！快和爸爸妈妈一起来看看吧！让我们欢迎多一位朋友加入Campbell大家庭，快和爸爸妈妈分享介绍一下新朋友吧！,,,published,2025-01-24 06:26:37,2025-01-24 06:24:08,2025-01-24 06:26:37,NULL,"{""id"": 20, ""code"": ""TMJ""}","[{""id"": 1397, ""label"": ""2025 PG Campbell""}]",NULL,[],[]
290855,album,Weekly Photo Album (20 to 24 January),It has been a vibrant week full of discovery and growth!,,,published,2025-01-24 06:29:12,2025-01-24 06:27:30,2025-01-24 06:33:18,NULL,"{""id"": 20, ""code"": ""TMJ""}","[{""id"": 1404, ""label"": ""2025 K1 Bailey""}]",NULL,[],[]
290877,album,每周活动更新,"尊敬的家长您好，
这一周是我们的主题“ 适应新环境，老师” 的第三周。 很高兴和大家分享，我们一月初加入的宝贝们已经熟悉了课室的环境和常规流程。他们开始对这个课室产生了安全感，他们在课室里面会主动地去不同的地方探索。幼儿们也开始熟悉其他的同伴，对同伴不会感到陌生，和同伴肢体接触也没有问题。

他们会一起做小组活动；和同伴一起坐下来喝水；一起拿着音乐器材做律动；也会跟着教师的步伐转换不同的常规。
为了装饰课室的环境，这一周教师和幼儿一起做了烟花的手工游戏，一起迎接新年的到来。幼儿也利用音乐器材跟随教师播放的新年歌曲《咚咚锵》和《恭喜发财》感受新年的气氛，随着音乐的节奏摇晃手里面的器材，幼儿表现出很强的节奏感。

游乐场幼儿开始探索用沙袋或者皮球练习丢和抛动作；同时开始对墙面的操作游戏感兴趣，他们喜欢拿着球玩轨道的游戏。
圆圈的活动的时候，他们现在开始会认识自己的照片以及同伴的照片，并且把照片粘贴在出勤墙上面，同时幼儿开始叫出同伴的名字。教师相信在接下来的相处当中，幼儿会和同伴友好的相处，会有更多的交流的空间。",,,published,2025-01-24 06:57:34,2025-01-24 06:56:28,2025-01-24 07:02:20,NULL,"{""id"": 5, ""code"": ""DTH01""}","[{""id"": 1409, ""label"": ""2025 Playgroup Explorers""}]",NULL,[],[]
290880,album,Happy Chinese New Year,See you later at 4.00PM! ,,,published,2025-01-24 07:00:24,2025-01-24 06:58:56,2025-01-24 07:08:45,NULL,"{""id"": 20, ""code"": ""TMJ""}","[{""id"": 1404, ""label"": ""2025 K1 Bailey""}]",NULL,[],[]
290883,album,一月第一周：舞狮庆新年,"活动目标：
通过熟悉不同的人、地方和物体等，培养婴幼儿对周围世界的初步感知

活动过程：
哇！今天有舞狮表演来到校园之中，我们还记得老师在班上向我们介绍过小小舞狮，我们去看表演的时候不害怕喔！真是勇敢！我们还有机会打击打鼓、和舞狮拍照，真有趣！",,,published,2025-01-24 07:19:50,2025-01-24 07:04:42,2025-01-24 07:19:50,NULL,"{""id"": 10, ""code"": ""DTE01""}","[{""id"": 1310, ""label"": ""2025 Infant Mozart""}]",NULL,[],[]
290884,album,新年庆祝活动,"今天是学校庆祝华人的日子，小朋友们带着和家人一起制作的乐器参加学校的庆祝活动，我们还一起在背拍照墙拍摄了好看的合照喔！

快来看看我们的照片吧！",,,published,2025-01-24 07:20:17,2025-01-24 07:10:22,2025-01-24 07:20:17,NULL,"{""id"": 10, ""code"": ""DTE01""}","[{""id"": 1310, ""label"": ""2025 Infant Mozart""}]",NULL,[],[]
290886,album,一月 第三周：纸灯笼,"活动目标：
发展手眼协调能力，如：能用五指抓物品

活动过程：
今天我们和老师一起制作手工-纸灯笼，在活动过程中我们探索、认识灯笼，并将红色的皱纹纸黏贴在圆形的纸盘上来制作纸灯笼，通过抓握材料和黏贴的过程发展幼儿手眼协调的能力。",,,published,2025-01-24 07:25:16,2025-01-24 07:13:00,2025-01-24 07:25:15,NULL,"{""id"": 10, ""code"": ""DTE01""}","[{""id"": 1310, ""label"": ""2025 Infant Mozart""}]",NULL,[],[]
290893,album,Five senses - Sense of Touch,"We explored our five senses this week, and we ventured into learning more about our sense of touch! We used our hands to explore and feel different textures. New words like sticky, soft, bumpy, smooth and rough were introduced to the children.",,,draft,2025-01-24 08:27:54,2025-01-24 08:27:37,2025-01-24 08:27:53,NULL,"{""id"": 1, ""code"": ""DNI00""}","[{""id"": 1295, ""label"": ""2025 PG Rod Campbell""}]",NULL,[],[]
290911,album,Counting 5!,"The children learnt how to rote count to 5 as we put the rubber band into each finger on the hand. We also tried to count our fingers on one hand as we pointed on the finger and counted together. Through this activity, the children were also able to practice fine motor skills as they pulled the rubber band to slot it through the fingers. ",,,draft,2025-01-24 09:43:20,2025-01-24 09:43:05,2025-01-24 09:43:19,NULL,"{""id"": 1, ""code"": ""DNI00""}","[{""id"": 1295, ""label"": ""2025 PG Rod Campbell""}]",NULL,[],[]
290918,album,周活动 -- 第一学期第三周,"20/01  --- 24/01/2025

这里是孩子们其他活动的照片，请您查收。",,,published,2025-01-24 10:14:08,2025-01-24 10:13:32,2025-01-24 10:14:08,NULL,"{""id"": 20, ""code"": ""TMJ""}","[{""id"": 1371, ""label"": ""2025 N2 Donaldson""}]",NULL,[],[]
290922,post,Julia Gabriel Speech and Drama,"Teacher Harith is finally back! The children missed him dearly and were so excited to see him again. These photos were taken last week as the children explored the topic of vehicles, with a focus on racing cars.",,,published,2025-01-27 14:40:44,2025-01-24 10:24:46,2025-01-27 14:40:44,NULL,"{""id"": 1, ""code"": ""DNI00""}","[{""id"": 1300, ""label"": ""2025 K1 David McKee""}]",NULL,[],[]
290927,album,精彩活动 -- 第一学期第三周,"20/01 -- 24/01/2024

本周是N2 Donaldson 第一学期第三周,本周的主要内容是：教师引导幼儿复习四种基本情绪，并将幼儿的情绪脸谱进行分类。认识不同动物的牙齿，如老虎、海豚、大象等。教师教导幼儿学习句式：鳄鱼的牙齿尖尖的。尝试让幼儿使用句式说一说自己喜欢的动物的牙齿；同时，我们玩空间游戏：蹲下跳上。初步理解空间 概念-- 上与下。学习新年舞蹈 《有舍必有得》，并配以相应的动作。",,,published,2025-01-24 10:35:06,2025-01-24 10:34:30,2025-01-24 10:36:10,NULL,"{""id"": 20, ""code"": ""TMJ""}","[{""id"": 1371, ""label"": ""2025 N2 Donaldson""}]",NULL,[],[]
290929,album,January Week 3: Soap and Water,"Learning Objectives:

1. Foster awareness of personal hygiene and safety, healthy eating habits (hand washing).

The children were demonstrated on how to put a small amount of soap on their hands and rub them together with water. Then, they used a little bit of soap and water to wash their hands. They were also encouraged to wash their hands after using the toilet, before and after eating and their hands are dirty.

Date of Activity: 20th to 23rd January 2025",,,published,2025-01-24 10:37:19,2025-01-24 10:37:07,2025-02-04 04:55:28,NULL,"{""id"": 10, ""code"": ""DTE01""}","[{""id"": 1311, ""label"": ""2025 Playgroup Michael Rosen""}]",NULL,[],[]
290942,album,一月第三周精彩活动,快和爸爸妈妈一起来看看我们的照片吧！,,,published,2025-01-24 12:34:08,2025-01-24 12:33:57,2025-01-24 12:34:07,NULL,"{""id"": 20, ""code"": ""TMJ""}","[{""id"": 1395, ""label"": ""2025 PG Kale""}]",NULL,[],[]
290943,album,一月日记（20/1/2025-24/1/2025）,快和爸爸妈妈一起来看看我们的照片吧！,,,published,2025-01-24 12:40:04,2025-01-24 12:39:42,2025-01-24 12:40:03,NULL,"{""id"": 20, ""code"": ""TMJ""}","[{""id"": 1395, ""label"": ""2025 PG Kale""}]",NULL,[],[]
290944,post,Outdoor Play,I and Cole went to our new playground. We played catching/popping bubbles and rolling the ball.,,,published,2025-01-24 12:43:10,2025-01-24 12:43:01,2025-01-24 12:43:09,NULL,"{""id"": 1, ""code"": ""DNI00""}","[{""id"": 1302, ""label"": ""2025 Infant Karen Katz""}]",NULL,[],[]
290945,post,“Please Give Me What I Want”,"I engaged in a game “Please Give Me What I Want”. Educarer asked me to take and pass to her the things that she wants. When she mentioned the name of the object, I went ahead and took that thing then handed it to her. I was able to recognise most of the things  that she asked such as ball, baby doll, book and xylophone. Yay!",,,published,2025-01-24 12:49:04,2025-01-24 12:48:58,2025-01-24 12:49:03,NULL,"{""id"": 1, ""code"": ""DNI00""}","[{""id"": 1302, ""label"": ""2025 Infant Karen Katz""}]",NULL,[],[]
290946,post,Mandarin Orange Tree- CNY craft,"I explored scribbling the crayon to create orange tree’s branches, rubbing glue on the red packet and pasting the sticky orange dots on the paper to create my CNY Orange Tree.",,,published,2025-01-24 12:56:04,2025-01-24 12:55:58,2025-01-24 12:56:03,NULL,"{""id"": 1, ""code"": ""DNI00""}","[{""id"": 1302, ""label"": ""2025 Infant Karen Katz""}]",NULL,[],[]
290947,post,Walking and Balancing! ,Look! I was able to step and walk along the balance beam while holding on to the wall for support. I can step and stand on the stepping stones and coming down while balancing my body. Yay!,,,published,2025-01-24 13:06:30,2025-01-24 13:06:22,2025-01-24 13:09:05,NULL,"{""id"": 1, ""code"": ""DNI00""}","[{""id"": 1302, ""label"": ""2025 Infant Karen Katz""}]",NULL,[],[]
290948,post,Outdoor Play,"During outdoor, I enjoyed playing in our new playground. I played rolling the ball with Rebekah and bounced it on the ground.",,,published,2025-01-24 13:15:10,2025-01-24 13:15:01,2025-01-24 13:15:09,NULL,"{""id"": 1, ""code"": ""DNI00""}","[{""id"": 1302, ""label"": ""2025 Infant Karen Katz""}]",NULL,[],[]
290950,post,Mandarin Orange Tree- CNY craft,"I engaged in creating my CNY craft. I explored rubbing the glue on the red packet, making marks on the paper to create orange tree’s  branches and pasting randomly the orange sticky dots.",,,published,2025-01-24 13:19:35,2025-01-24 13:19:29,2025-01-24 13:19:35,NULL,"{""id"": 1, ""code"": ""DNI00""}","[{""id"": 1302, ""label"": ""2025 Infant Karen Katz""}]",NULL,[],[]
290951,post,Outdoor Play,"Educarer brought me to the new playground. I had fun catching and popping the bubbles. I enjoyed walking around the new environment and played with the ball, too. I also explored climbing on the stairs.😊",,,published,2025-01-24 13:26:29,2025-01-24 13:26:20,2025-01-24 13:26:29,NULL,"{""id"": 1, ""code"": ""DNI00""}","[{""id"": 1302, ""label"": ""2025 Infant Karen Katz""}]",NULL,[],[]
290952,post,Scoop and Pour,"Look! I was so engrossed in scooping the cloud dough using the ladle. Using my palmar grasp, I held the ladle tight and was trying my best to scoop the dough and pour it into the empty basin and cups.",,,published,2025-01-24 13:34:47,2025-01-24 13:34:39,2025-01-24 13:34:46,NULL,"{""id"": 1, ""code"": ""DNI00""}","[{""id"": 1302, ""label"": ""2025 Infant Karen Katz""}]",NULL,[],[]
290953,post,Cherry Blossoms- CNY Craft,"Look! I engaged in dipping  the bottom of the recycled bottle into paints and stamped it into the paper. Look at those marks! They were pretty, weren’t they?🥰",,,published,2025-01-24 13:39:57,2025-01-24 13:39:50,2025-01-24 13:39:56,NULL,"{""id"": 1, ""code"": ""DNI00""}","[{""id"": 1302, ""label"": ""2025 Infant Karen Katz""}]",NULL,[],[]
290967,album,Ready Steady Go Kids (23 January),"During Ready Steady Go Kids, the children were invited to practice scooping and pushing the ball downwards using their hands. Afterwards, they played a 'Messy monster' game where they picked up the beanbags/balls on the floor and placed it back inside the bag. Well done, PGs!",,,draft,2025-01-25 02:28:23,2025-01-24 14:38:33,2025-01-25 02:28:23,NULL,"{""id"": 1, ""code"": ""DNI00""}","[{""id"": 1295, ""label"": ""2025 PG Rod Campbell""}]",NULL,[],[]
290969,album,Natalie's Birthday Celebration 🎂 🎈 ,"Happy Birthday, Natalie! 🎂🥳 Natalie celebrated her 2nd birthday with her family, teachers, and friends in school. Thank you for preparing the birthday gifts for us! 😊",,,draft,2025-01-25 02:29:15,2025-01-24 14:47:22,2025-01-25 02:29:14,NULL,"{""id"": 1, ""code"": ""DNI00""}","[{""id"": 1295, ""label"": ""2025 PG Rod Campbell""}]",NULL,[],[]
290978,album,新年庆祝,感谢家长们来学校和小朋友们一起庆祝新年，下面是一些照片。,,,published,2025-01-25 00:47:59,2025-01-25 00:47:53,2025-01-25 01:10:10,NULL,"{""id"": 16, ""code"": ""MBS""}","[{""id"": 1380, ""label"": ""2025 Nursery 1 Courage""}]",NULL,[],[]
290979,album,吸管串洞,教师将纸筒打洞，幼儿用吸管串纸筒上的洞，锻炼幼儿的手部力量和手眼协调能力。在进行串洞的时候小朋友能够很有耐心的进行活动。,,,published,2025-01-25 00:57:48,2025-01-25 00:57:34,2025-01-25 00:57:47,NULL,"{""id"": 16, ""code"": ""MBS""}","[{""id"": 1380, ""label"": ""2025 Nursery 1 Courage""}]",NULL,[],[]
290981,album,第一学期 第三周 为奥莉薇设计衣服,"活动目标：
1.幼儿能使用铅笔、马克笔、剪刀等美术工具。
2.幼儿能发挥想象力制作布贴画，并完成自己的作品。

活动介绍：
小朋友们阅读了《奥莉薇》的绘本后，需要为奥莉薇设计衣服。他们先试穿不同的衣服，并尝试一些特别的穿法，比如衬衫只扣一个纽扣或不扣纽扣。随后，小朋友们用彩色纸、棉布、泡泡纸等不同材质剪裁，为奥莉薇设计出属于她的独特服装。",,,published,2025-01-25 01:12:21,2025-01-25 01:12:13,2025-01-25 01:12:20,NULL,"{""id"": 10, ""code"": ""DTE01""}","[{""id"": 1316, ""label"": ""2025 Kindergarten 2 Elgar""}]",NULL,[],[]
290982,album,呼啦圈找朋友,教师在地板粘上红黄蓝三种颜色的呼啦圈，请幼儿找课室里面三种不同颜色的物品放在相对应的呼啦圈里面。帮助幼儿更好的了解与认识颜色。,,,published,2025-01-25 01:14:37,2025-01-25 01:14:28,2025-01-25 01:14:36,NULL,"{""id"": 16, ""code"": ""MBS""}","[{""id"": 1380, ""label"": ""2025 Nursery 1 Courage""}]",NULL,[],[]
290988,album,T1W3 Weekly Update,"This week, we combined creativity, self-expression, and hands-on learning to explore our environment, prepare for celebrations, and broaden our understanding of inclusivity. We began the week by taking photos of our classroom space. The children eagerly explored their environment, capturing details from their unique perspectives and showcasing their curiosity and creativity. You will find photos taken by the little ones in the next album!
During circle time, the children shared their feelings about the photos they had taken. They expressed excitement, pride, and joy while discussing their favorite areas and what makes the classroom special to them.

In preparation for Chinese New Year, we crafted festive decorations in the shape of a snake. The children enjoyed learning about the significance of the snake in Chinese culture while creating beautiful and colorful designs. We also engaged in a fun matching activity, where the children paired related objects. This task encouraged critical thinking, problem-solving, and attention to detail, making learning both engaging and interactive.

We wrapped up the week with two meaningful activities. First, we welcomed a guest speaker from SPD who shared insights on understanding and embracing differences. The talk provided the children with valuable lessons on empathy, inclusion, and how we can all work together to support and celebrate one another.
Later in the day, the children participated in a journal-writing session, focusing on the concept of size. They reflected on and documented what is taller than them or what they are taller than, using drawings and descriptive words.

This week was a wonderful blend of creativity, cultural learning, and fostering an inclusive mindset. We look forward to continuing this journey of growth and discovery next week!

Have a lovely weekend!!
Tr Jia Yan",,,published,2025-01-25 02:43:31,2025-01-25 02:43:12,2025-01-25 02:43:31,NULL,"{""id"": 5, ""code"": ""DTH01""}","[{""id"": 1407, ""label"": ""2025 Nursery 2 Reflectors""}]",NULL,[],[]
290989,album,Photos of the Classroom by the Children,"Here are some photos by the little ones. They attempted to capture their friends, the environment and the emotion of everyone.",,,published,2025-01-25 02:59:02,2025-01-25 02:58:52,2025-01-25 02:59:02,NULL,"{""id"": 5, ""code"": ""DTH01""}","[{""id"": 1407, ""label"": ""2025 Nursery 2 Reflectors""}]",NULL,[],[]
290994,album,Mathstro,Enrichment,,,published,2025-01-25 04:37:18,2025-01-25 04:36:31,2025-02-05 13:01:06,NULL,"{""id"": 20, ""code"": ""TMJ""}","[{""id"": 1402, ""label"": ""2025 N1 Kelly""}]",NULL,[],[]
290995,album,Term 1 Week 3: Talent Story Challenge (Part 1),"Learning Objectives: 

• To understand the structure of a story, including the importance of a title page, setting, and storyline development.

• To encourage self-awareness by identifying and articulating individual talents.

This week, we’ve been exploring how everyone has unique talents and can use them to solve problems in creative ways. As part of this learning journey, the children have embarked on an exciting project to create their own short illustrated storybook!

The storybooks feature a main character inspired by themselves, showcasing how they use their talents to overcome a challenge. During the lesson, we discussed key elements like the importance of a title page and creating an engaging storyline. The children also folded their books and started designing their cover page while deciding on the setting for their story.

It’s been wonderful to see their imaginations come to life and their confidence grow as they express their ideas through art and storytelling. We can’t wait to see how their stories unfold!

Date of activity: 22 January 2025",,,published,2025-01-25 04:37:56,2025-01-25 04:37:50,2025-01-25 04:37:56,NULL,"{""id"": 10, ""code"": ""DTE01""}","[{""id"": 1316, ""label"": ""2025 Kindergarten 2 Elgar""}]",NULL,[],[]
290997,post,一月 第三周 华人新年庆祝,"活动目标
1. 让孩子们了解并体验传统的华人新年文化，感受节日的喜庆氛围。
2. 通过参与有趣的活动，培养孩子们的团队合作精神和创意表达能力。
活动过程：
孩子们参与到舞狮表演的互动环节。我们为孩子们准备了小型的醒狮道具，孩子们将通过模拟狮子舞的动作，体验传统舞狮的乐趣，感受舞狮带来的热闹与喜庆。活动结束后，孩子们交换橘子、进行集体合影留念，分享农历华人新年的愿望与祝福。
感谢語宸妈妈参与我们的新年故事分享！我们很喜欢您带来的故事！期待我们更多的美好回忆！",,,published,2025-01-25 05:58:59,2025-01-25 04:56:04,2025-01-27 03:20:42,NULL,"{""id"": 10, ""code"": ""DTE01""}","[{""id"": 1312, ""label"": ""2025 Nursery 1 Lois Ehlert""}]",NULL,[],[]
290999,album,"Happy Birthday Zenden, Elna & Dash!","Wishing our January babies a blessed birthday! 🎉 May your year ahead be filled with fun adventures, lots of learning, and endless happiness. ",,,published,2025-01-25 04:57:46,2025-01-25 04:57:43,2025-01-25 04:57:46,NULL,"{""id"": 10, ""code"": ""DTE01""}","[{""id"": 1316, ""label"": ""2025 Kindergarten 2 Elgar""}]",NULL,[],[]
291000,album,January week 3,Activities of the week,,,published,2025-01-25 05:05:07,2025-01-25 05:03:42,2025-01-27 08:25:00,NULL,"{""id"": 20, ""code"": ""TMJ""}","[{""id"": 1402, ""label"": ""2025 N1 Kelly""}]",NULL,[],[]
291001,album,Eye Screening,"Following the Eye Check this week, you may log in to Health Hub (log in via Singpass) to view your child's eye check results, after two weeks. Do remember to 'add child' under your account before viewing.


In addition, do note for Non-citizens and children who may need further follow-ups, the class teachers would have already personally passed you a letter from HPB. Children who did not receive any letters would typically be in the acceptable range.",,,published,2025-01-25 05:11:19,2025-01-25 05:11:13,2025-01-25 05:15:50,NULL,"{""id"": 10, ""code"": ""DTE01""}","[{""id"": 1316, ""label"": ""2025 Kindergarten 2 Elgar""}]",NULL,[],[]
291002,album,Julia Gabriel,Enrichment,,,published,2025-01-25 05:14:44,2025-01-25 05:14:18,2025-01-25 05:14:43,NULL,"{""id"": 20, ""code"": ""TMJ""}","[{""id"": 1402, ""label"": ""2025 N1 Kelly""}]",NULL,[],[]
291005,album,CNY Craft & Show and Tell,"As part of our Chinese New Year celebrations, the children created a delightful snake craft! They designed the snake’s head and carefully cut strips of paper to form its body, showcasing their creativity and fine motor skills.

We also held a special show-and-tell session featuring the amazing take-home kits. Kudos to both parents and children for the incredible effort put into these projects—it was wonderful to see such thoughtful and creative contributions!

Happy Lunar New Year, and thank you for being part of these festive moments with us!",,,published,2025-01-25 05:24:59,2025-01-25 05:24:34,2025-01-25 05:24:59,NULL,"{""id"": 10, ""code"": ""DTE01""}","[{""id"": 1316, ""label"": ""2025 Kindergarten 2 Elgar""}]",NULL,[],[]
291008,album,Show-and-Tell: A box all about me!,"This week, the children brought back their take-home boxes and shared what are some objects that best represented what they're good at! 
From this show-and-tell, we definitely learnt more about each others' skills and talents. We also came to a conclusion that everyone has a knack for a specific skill/talent, that's what makes us unique! :-)",,,published,2025-01-25 06:23:57,2025-01-25 06:23:54,2025-01-25 06:23:56,NULL,"{""id"": 18, ""code"": ""OMB01""}","[{""id"": 1288, ""label"": ""2025 K2 Peter H.Reynolds""}]",NULL,[],[]
291009,album,Recreating Vincent Van Gogh's Starry Night,"As a part of our inquiry in focus, the children explored more about artists and their famous art pieces! The first artist was Vincent Van Gogh, who created Starry Night! The children engaged in a discussion, sharing what they saw on the art piece and possible art materials that could be used to recreate it. The following day, we engaged in a free art exploration whereby materials were provided on the table and children had the opportunity to freely explore materials to recreate Starry Night on their own.

Look at how creative they are! :-)",,,published,2025-01-25 11:46:58,2025-01-25 06:25:41,2025-01-25 11:46:57,NULL,"{""id"": 18, ""code"": ""OMB01""}","[{""id"": 1288, ""label"": ""2025 K2 Peter H.Reynolds""}]",NULL,[],[]
291010,album,Wigglepods 21st Jan,"In this Wigglepods lesson, kids had a blast moving to music and playing the Stop and Freeze song game. They wiggled, danced, and froze when the music stopped, building listening skills and coordination!",,,published,2025-01-25 07:37:46,2025-01-25 07:32:57,2025-01-25 07:37:45,NULL,"{""id"": 1, ""code"": ""DNI00""}","[{""id"": 1296, ""label"": ""2025 N1 Giles Andreae""}]",NULL,[],[]
291011,album,Fizzing Fun: Exploring Reactions with Vinegar and Baking Soda!,"The children combined vinegar and baking soda for an exciting science experiment. They poured vinegar into a tube, listened to the sounds, and guessed what would happen when the two ingredients mixed. The bubbling and sizzling reaction was a big hit! 

To make the experience even more fascinating, they used magnifying glasses to closely examine the tiny bubbles and observe the reaction up close. This hands-on activity not only sparked curiosity and critical thinking but also helped develop fine motor skills, improve observational abilities, and introduced them to basic scientific concepts in a fun, interactive way.",,,published,2025-01-25 08:06:14,2025-01-25 07:39:45,2025-01-25 08:06:13,NULL,"{""id"": 1, ""code"": ""DNI00""}","[{""id"": 1296, ""label"": ""2025 N1 Giles Andreae""}]",NULL,[],[]
291012,album, CNY Lion Dance Experience Workshop,"For those who signed up, the children had an exciting time during the workshop conducted by the talented team from Oon Sun Lion Dance Sports Club!

The team shared insights about the musical instruments typically used in a lion dance and introduced the children to different lion heads. The little ones got hands-on experience drumming and even trying out the lion heads themselves.

The session ended on a high note with a spectacular lion dance performance by the team, leaving everyone amazed and inspired by the vibrant tradition!",,,published,2025-01-25 07:47:48,2025-01-25 07:46:59,2025-01-25 07:49:06,NULL,"{""id"": 10, ""code"": ""DTE01""}","[{""id"": 1316, ""label"": ""2025 Kindergarten 2 Elgar""}]",NULL,[],[]
291013,album,Julia Gabriel Speech and Drama 22nd Jan,"In this week Speech and Drama class, the children used their imaginations to pretend they were playing on playground equipment! They took turns acting out using the swing, see-saw, and slide. It was a fun way to engage in physical movement while enhancing their language skills and confidence!",,,published,2025-01-25 07:57:51,2025-01-25 07:52:05,2025-01-25 07:57:50,NULL,"{""id"": 1, ""code"": ""DNI00""}","[{""id"": 1296, ""label"": ""2025 N1 Giles Andreae""}]",NULL,[],[]
291014,album,Happy Lunar New Year!,"We celebrated the Lunar New Year with joy and togetherness by exchanging oranges and blessings with one another! It was heartwarming to see the children embracing this meaningful tradition, spreading good wishes and positivity all around. 🍊✨",,,published,2025-01-25 08:17:03,2025-01-25 08:16:46,2025-01-25 08:17:03,NULL,"{""id"": 10, ""code"": ""DTE01""}","[{""id"": 1316, ""label"": ""2025 Kindergarten 2 Elgar""}]",NULL,[],[]
291019,album,Phonics: /dr/ sound,We introduced the /dr/ sound and children drew out four illustrations with their chosen /dr/-sound words! ,,,published,2025-01-25 11:48:32,2025-01-25 11:48:28,2025-01-25 11:48:31,NULL,"{""id"": 18, ""code"": ""OMB01""}","[{""id"": 1288, ""label"": ""2025 K2 Peter H.Reynolds""}]",NULL,[],[]
291020,post,Blend of the week: /dr/ ,Here's the recap of /dr/ words that the children came up with! Please feel free to run through the words with the children! :-) ,,,published,2025-01-25 11:49:42,2025-01-25 11:49:41,2025-01-25 11:50:01,NULL,"{""id"": 18, ""code"": ""OMB01""}","[{""id"": 1288, ""label"": ""2025 K2 Peter H.Reynolds""}]",NULL,[],[]
291021,album,Weekly Update,"Another Fun Week for the Little Ones!
This week, the children enjoyed a variety of sensory play activities as they continue their transition into school. One highlight was the spray bottle activity, where they sprayed colored water onto white paper. This simple yet engaging experience helps develop fine motor skills, as the children were encouraged to press the spray bottle and control the flow of water. To extend the fun, they also explored water play, using the spray bottles to explore further.

In addition, the little ones continued to engage with the rhyme “Off to School We Go” (to the tune of “A Hunting We Will Go”). You can find the rhyme in the album, and we encourage you to sing it with your child at home!

Lastly, the children had a chance to work on their gross motor skills through some fun classroom exercises. They practiced stretching, twisting, and moving their bodies.

Happy Weekend!",,,published,2025-01-25 13:35:13,2025-01-25 13:35:04,2025-01-25 13:35:13,NULL,"{""id"": 5, ""code"": ""DTH01""}","[{""id"": 1409, ""label"": ""2025 Playgroup Explorers""}]",NULL,[],[]
291026,album,Animals Sensory Play,"The children engaged in a sensory play activity featuring animals commonly associated with hay, such as cows, horses. The setup included various animal figures and sound buttons that played corresponding animal sounds. The children were encouraged to explore the textures of the hay and match the sounds they heard with the appropriate animal figures. This activity fostered sensory exploration, auditory discrimination, and cognitive skills as the children identified and matched sounds to visuals. Additionally, it supported language development as they practiced naming the animals and imitating the sounds. Through this interactive experience, the children also enhanced their fine motor skills by manipulating the sound buttons and animal figures, while engaging their curiosity and strengthening their understanding of animal habitats and characteristics.",,,published,2025-01-25 15:14:08,2025-01-25 15:14:03,2025-01-25 15:14:28,NULL,"{""id"": 18, ""code"": ""OMB01""}","[{""id"": 1283, ""label"": ""2025 Playgroup Emma Dodd""}]",NULL,[],[]
291034,album,Pull the toy around the classroom,"Elle was given a toy with strings attached to it. She gripped on the strings and started to walk and pull the toy along with her. Elle looked behind and observed the toy following her as she walked. She smiled and laughed as she enjoyed pulling the toy around the classroom. Elle demonstrate good balancing and coordination of body movement. This activity also fosters his gross and fine motor development. 
",,,published,2025-01-31 10:50:07,2025-01-26 03:13:12,2025-01-31 10:50:06,NULL,"{""id"": 16, ""code"": ""MBS""}","[{""id"": 1376, ""label"": ""2025 Infant Joy""}]",NULL,[],[]
291036,album,Sensory discs,"The teacher guided Elle by holding on her hand to walk on the sensory discs. The colourful and textured dis caught Elle's attention as she slowly makes small steps to walk on it. Elle was focus and curious. After making a few rounds on the disc, she sat down and tocuh the texture surfaces with her hands. This activity fosters gross motor development.",,,published,2025-01-31 10:51:24,2025-01-26 03:21:20,2025-01-31 10:51:24,NULL,"{""id"": 16, ""code"": ""MBS""}","[{""id"": 1376, ""label"": ""2025 Infant Joy""}]",NULL,[],[]
291037,album,一月第三周（20/01 - 24/01）精彩活动,这是本周精彩活动的照片，请查看！,,,published,2025-01-26 03:24:42,2025-01-26 03:24:15,2025-01-26 03:24:41,NULL,"{""id"": 20, ""code"": ""TMJ""}","[{""id"": 1401, ""label"": ""2025 N1 Rosen""}]",NULL,[],[]
291039,album,CNY Craft: Year of the snake painting ,"Elle was given a paper plate with a snake outline and a cardboard roll wrapped with bubble wrap to use as a stamp. She dipped the roll into red and orange paints repeatedly. Then she dabbed and smudged the paint onto the paper plate. Elle enjoyed painting the snake and mixing the colors. This activity fosters her interest in art.







",,,published,2025-01-31 10:53:20,2025-01-26 03:29:31,2025-01-31 10:53:19,NULL,"{""id"": 16, ""code"": ""MBS""}","[{""id"": 1376, ""label"": ""2025 Infant Joy""}]",NULL,[],[]
291040,album,CNY Activity: Peel the orange,"Elle was given an orange to explore by touching, smelling, and tasting it. The teacher helped peel the top and encouraged her to explore the inside. Elle slowly peeled it further by separating the fruit from the skin. She also took a bite to taste the juice. This activity fosters fine motor skills as well as an opportunity to make connections between actions and outcomes.",,,published,2025-01-31 10:52:35,2025-01-26 03:35:32,2025-01-31 10:52:34,NULL,"{""id"": 16, ""code"": ""MBS""}","[{""id"": 1376, ""label"": ""2025 Infant Joy""}]",NULL,[],[]
291041,album,CNY Activity: Sensory tub,"Elle was provided with a tub filled with green beans as well as items such as gold coins, red packets and various Chinese New Year materials. She explore the tub by touching and feeling all the materials. The vibrant colours and textures of the items in the tub kept her engaged and expend her curiosity while doing the activity. Elle picked up the materials and placed it on the paper plate as told by the teacher. This activity develops an understanding of the physical properties of materials through exploration.
",,,published,2025-01-31 10:52:56,2025-01-26 03:45:40,2025-01-31 10:52:56,NULL,"{""id"": 16, ""code"": ""MBS""}","[{""id"": 1376, ""label"": ""2025 Infant Joy""}]",NULL,[],[]
291042,album,Elle's CNY Photos,Happy Chinese New Year from Baby Elle! ,,,published,2025-01-31 10:53:38,2025-01-26 04:00:29,2025-01-31 10:53:38,NULL,"{""id"": 16, ""code"": ""MBS""}","[{""id"": 1376, ""label"": ""2025 Infant Joy""}]",NULL,[],[]
291043,album,一月第三周（20/01 - 24/01）其他活动,这是本周其他活动的照片，请查看！,,,published,2025-01-26 04:15:21,2025-01-26 04:14:16,2025-01-26 04:15:21,NULL,"{""id"": 20, ""code"": ""TMJ""}","[{""id"": 1401, ""label"": ""2025 N1 Rosen""}]",NULL,[],[]
291044,album,Christmas activity: Drop the pom pom in ,"Elle used her pincer grip to pick up pom pom balls from the bowl and inserted them into the holes. She was determine to finish up all the balls as she tried placing the balls in various holes around the box. Elle was focused on completing the activity and showed interest in doing it again. This activity fosters eye hand coordination and fine motor skill.
",,,published,2025-01-31 10:48:31,2025-01-26 04:16:40,2025-01-31 10:48:30,NULL,"{""id"": 16, ""code"": ""MBS""}","[{""id"": 1376, ""label"": ""2025 Infant Joy""}]",NULL,[],[]
291047,album,🧧Happy Year of Snake 🐍,"Happy Chinese New Year! Wishing you a vibrant Year of the Snake, where every day is filled with joy, laughter, and cherished moments with loved ones. May the year of the snake also be filled with good fortune, health, and happiness.",,,published,2025-01-26 06:38:45,2025-01-26 06:29:32,2025-01-26 06:38:45,NULL,"{""id"": 16, ""code"": ""MBS""}","[{""id"": 1379, ""label"": ""2025 Nursery 1 Grace""}]",NULL,[],[]
291050,album,This is Me!,Children lay down on the mahjong paper and teacher traced the outline of their body. Children then decorate the body outline using colouring materials. ,,,published,2025-01-26 06:38:45,2025-01-26 06:38:19,2025-01-26 06:38:45,NULL,"{""id"": 16, ""code"": ""MBS""}","[{""id"": 1379, ""label"": ""2025 Nursery 1 Grace""}]",NULL,[],[]
291051,album,参观国家美术馆,在故事《奥莉薇》的启发下，小朋友们对参观美术馆产生了兴趣。于是，经过一番计划，这周大家体验了奥莉薇参观美术馆时的感受。在正式参观前，小朋友们听了美术馆讲解员给大家提出的参观过程中要遵守的规则，并按要求放好水壶。在美术馆的活动中，小朋友们跟着工作坊老师欣赏和探索了国家美术馆的建筑历史和造型特点，认识了各种形状在建筑设计中的使用。工作坊结束后，大家还在Keppel Centre for Art Education for Preschoolers进行了一些自由探索活动。,,,published,2025-01-26 07:45:59,2025-01-26 06:42:53,2025-01-26 07:45:58,NULL,"{""id"": 5, ""code"": ""DTH01""}","[{""id"": 1405, ""label"": ""2025 Kindergarten 2 Risk-Takers""}]",NULL,[],[]
291057,album,本周分享,"这周，从清迈旅行回来的几位小朋友迫不及待地和要和大家分享他们有趣的经历。
从他们的分享中，小朋友们知道了清迈是在泰国。那里有一个大大的农场，小朋友们在农场学种稻子、玩泥土滑梯，穿农家衣服拍照。农场里还有一些动物，小朋友们在里面喂猪，有一个贪吃的长颈鹿吃完了食物后，还觉得不够，用黑色的舌头舔许恩的衣服。小朋友们还去了一个动物园，大家可以坐在小车里喂动物。在回来的那天，大家在机场游乐场开心地玩和拍照。
小朋友们最喜欢的地方是在农场里的活动：看花、玩ATV车、做披萨饼......，每一项活动都是那么有趣。通过这几位小朋友的分享，大家知道了清迈原来是这么好玩，有几位小朋友说要爸爸妈妈也带他们去清迈玩。这个分享好像是在给清迈做旅游广告!",,,published,2025-01-26 08:50:47,2025-01-26 08:50:39,2025-01-26 08:50:46,NULL,"{""id"": 5, ""code"": ""DTH01""}","[{""id"": 1405, ""label"": ""2025 Kindergarten 2 Risk-Takers""}]",NULL,[],[]
291058,album,T1W3活动,"小朋友们继续阅读故事书《奥莉薇》，大家谈论了奥莉薇的性格和兴趣。给大家印象最深的是奥莉薇是一个很爱打扮的人，她有很多的衣服，她也很会搭配，她在出门前总会将自己所以的衣服都拿出来试一试，选一套最合适的穿。联系到自己的生活，男孩子们基本都认为自己不会像奥莉薇那样试衣服，妈妈说穿什么衣服，自己都会听话地穿。女孩子多数认为自己是爱打扮人，有几位女孩说自己爱穿公主裙。
小朋友们看图片，学说各种款式衣服的名称。然后，大家在图画纸上给自己设计一件衣服，并用彩色纸剪贴好，和大家分享自己的设计和制作。",,,published,2025-01-26 09:11:35,2025-01-26 09:11:20,2025-01-26 09:11:34,NULL,"{""id"": 5, ""code"": ""DTH01""}","[{""id"": 1405, ""label"": ""2025 Kindergarten 2 Risk-Takers""}]",NULL,[],[]
291060,album,Snake Craft,"In lieu of Chinese New Year, the children created paper plate snakes. First, they painted their paper plates in the colors of their choice. Once the paint dried, the teacher demonstrated how to handle and use scissors safely. The teacher then drew a spiral line on each paper plate and guided the children as they cut along the line. Finally, the children added eyes and decorated their snakes with circle stickers and sequins.",,,draft,2025-01-26 11:37:29,2025-01-26 11:36:52,2025-01-26 11:37:28,NULL,"{""id"": 1, ""code"": ""DNI00""}","[{""id"": 1298, ""label"": ""2025 N2 Eric Carle""}]",NULL,[],[]
291062,album,Nature Photography ,"During a nature walk, the children were given a phone to photograph items they could see, hear, touch, or smell. The teacher encouraged them to focus on things that represented their five senses. After the walk, the teacher printed the photos and shared them with the children, engaging in a discussion about their choices and encouraging them to explain why they decided to photograph specific items.

Following this, the teacher invited the children to select any photo they wanted to document in their journals.

*included some photos taken by the children*",,,draft,2025-01-26 12:12:32,2025-01-26 12:11:00,2025-01-26 12:12:32,NULL,"{""id"": 1, ""code"": ""DNI00""}","[{""id"": 1298, ""label"": ""2025 N2 Eric Carle""}]",NULL,[],[]
291063,album,Numicon Pair-Up,The teacher provided the children with a limited number of Numicon pieces and a mat featuring outlines of various Numicon shapes. The children were encouraged to match each Numicon piece to its corresponding outline and were also challenged to explore different ways to fit the Numicon pieces into some of the outlines.,,,draft,2025-01-26 12:16:32,2025-01-26 12:15:20,2025-01-26 12:16:31,NULL,"{""id"": 1, ""code"": ""DNI00""}","[{""id"": 1298, ""label"": ""2025 N2 Eric Carle""}]",NULL,[],[]
291064,album,Leon's Birthday Celebration,"Leon had a blast celebrating his 3rd birthday with his parents, teachers and friends! With a dinosaur themed celebration, we sang a 'Happy Birthday' song as well as shared a delicious strawberry cake. Leon also gave his friends a present. Happy Birthday!
",,,published,2025-01-26 12:17:10,2025-01-26 12:16:00,2025-01-29 04:25:38,NULL,"{""id"": 18, ""code"": ""OMB01""}","[{""id"": 1284, ""label"": ""2025 N1 Christie Matheson""}]",NULL,[],[]
291065,album,Happy Birthday Manfred!🥳,Thank you for the goodies and cupcakes🥰😊,,,published,2025-01-26 12:16:57,2025-01-26 12:16:53,2025-01-26 12:18:00,NULL,"{""id"": 1, ""code"": ""DNI00""}","[{""id"": 1298, ""label"": ""2025 N2 Eric Carle""}]",NULL,[],[]
291066,album,Peeling and Popping for the New Year!,"The children had a blast practicing their fine motor skills today by peeling fresh oranges—ready for a tasty treat to welcome the Chinese New Year! 🍊✨ As they carefully peeled and enjoyed the juicy flesh, they also learned about this sweet fruit's special meaning for good luck and prosperity in the upcoming celebration. Here's to a fruitful new year ahead! 🎉",,,published,2025-01-26 12:21:48,2025-01-26 12:21:36,2025-01-29 04:22:38,NULL,"{""id"": 18, ""code"": ""OMB01""}","[{""id"": 1284, ""label"": ""2025 N1 Christie Matheson""}]",NULL,[],[]
291068,album,Match and Celebrate Pairs 🍽️🥣,"Obj: Children will pair related objects from a set.  

Description: 
A tray with a variety of related objects was set up and children were invited to find pairs of things that go together!  Children were encouraged to pick up each object carefully and place it next to its pair. 

The Experience: 
The children had fun matching the bowls, plates and utensils. It was interesting that some of them mentioned that the colours must match too! During our discussion, children also shared some items that go together such as, table and chair, shoes and socks, toothbrush and toothpaste. ",,,published,2025-01-26 13:05:56,2025-01-26 13:05:25,2025-01-26 13:05:55,NULL,"{""id"": 16, ""code"": ""MBS""}","[{""id"": 1381, ""label"": ""2025 Nursery 2 Love""}]",NULL,[],[]
291069,album,Through the ‘Tunnel’ 🏀,"Obj: Children will be able to bend and curl their bodies.

Description:
Children will take turns to pair up, one child in front of another. The child in front will bend over and push the ball to the child behind and will take turns to push the ball to each other. 

The Experience: 
All of them had fun with their friends and were able to bend and curl their bodies. They stood with feet slightly apart and kept their balance to push and catch the ball. ",,,published,2025-01-26 13:09:28,2025-01-26 13:09:05,2025-01-26 13:09:28,NULL,"{""id"": 16, ""code"": ""MBS""}","[{""id"": 1381, ""label"": ""2025 Nursery 2 Love""}]",NULL,[],[]
291070,album,Chinese New Year Celebration! 🧧🐍,"Obj: Children will be able to gain awareness of cultural festivals. 
 
Parents and children participated in many activities such as: Stacking the cups, Catch the Red Packet, Painting Calligraphy Craft and Fashion Walk. Our highlights were the performance that our children prepared as well as having reunion ‘lunch’ as a class! It was a joyous and heart warming moment to reunite with parents and children and having small chats together! Thank you parents! :) ",,,published,2025-01-26 13:17:39,2025-01-26 13:16:50,2025-01-26 13:17:38,NULL,"{""id"": 16, ""code"": ""MBS""}","[{""id"": 1381, ""label"": ""2025 Nursery 2 Love""}]",NULL,[],[]
291071,album,Chinese New Year Fashion Walk! 🎉,"Thank you parents for your spontaneity in taking a fashion walk with your child! Not forgetting the shy and cute poses that were done! Kudos to everyone! :) 
*Do reach out to me if you want the video. :) ",,,published,2025-01-26 13:23:33,2025-01-26 13:23:18,2025-01-26 13:23:33,NULL,"{""id"": 16, ""code"": ""MBS""}","[{""id"": 1381, ""label"": ""2025 Nursery 2 Love""}]",NULL,[],[]
291072,album,第一学期 第三周- 调查访问：生气的时候该怎么办？,"
活动目标：
1. 幼儿喜欢参与认字游戏，能学会认读词语：生气、菲菲、我、哭、画画。
2. 能积极地用华语表达自己的想法。

活动介绍：
      今天，小朋友们进行了一个调查访问。他们走到学校里，向老师和阿姨们提问：“生气的时候该怎么办？”听完答案后，小朋友们用马克笔将自己听到的内容画在纸上，记录下每个人的消气方法。

      本周词语：唱歌、听音乐、跑步、看书、做游戏",,,published,2025-01-26 13:52:33,2025-01-26 13:52:19,2025-01-26 13:52:32,NULL,"{""id"": 10, ""code"": ""DTE01""}","[{""id"": 1315, ""label"": ""2025 Kindergarten 1 Darwin""}]",NULL,[],[]
291073,album,Talking Tub - Making Connections,"In this activity, the children were invited to pick two items that they could make connections based on the topic in focus ""Learning about my family"". They shared the person or people who use the items, how they use them and when do they do that. They took turns to listen to others' thoughts and showed respect for what they heard. The brown string was used to indicate the connections formed. Their ideas were written on the pink post-its. ",,,published,2025-01-26 14:01:30,2025-01-26 14:01:19,2025-01-26 14:02:10,NULL,"{""id"": 18, ""code"": ""OMB01""}","[{""id"": 1287, ""label"": ""2025 K1 Jo Empson""}]",NULL,[],[]
291074,album,Family Portrait,"As part of the topic in focus 'Learning About My Family', the children created unique family portraits using foam shape stickers. This activity followed a sorting exercise where they practised categorising the stickers based on two attributes: shape and colour. Through this process, they developed foundational math and organisational skills while exploring their understanding of family dynamics. For the artwork, the children selected foam stickers to represent members of their family. They arranged and pasted them on an aluminium foil which was used as the base. Then, they attached more art materials like yarns, buttons and sequins. Later on, they also added drawings to personalise the background. The children showcased the unique qualities that make each family special. 
",,,published,2025-01-26 14:16:30,2025-01-26 14:16:19,2025-01-26 14:16:29,NULL,"{""id"": 18, ""code"": ""OMB01""}","[{""id"": 1287, ""label"": ""2025 K1 Jo Empson""}]",NULL,[],[]
291079,album,Take Home Activity - My Family Tree,"Using the book named ‘A World of Families’ by Trish Holland as a provocation, the children recapped how each family is unique in their own ways. After that, they took turns to share their family tree collage with their peers and Ms Ariel. They talked about the designated family members and their names. Moreover, they also shared interesting facts about them. Through this experience, the children explored family diversity within the class. ",,,published,2025-01-26 14:30:13,2025-01-26 14:30:04,2025-01-26 14:48:27,NULL,"{""id"": 18, ""code"": ""OMB01""}","[{""id"": 1287, ""label"": ""2025 K1 Jo Empson""}]",NULL,[],[]
291081,album,绘本分享：《好忙的除夕》,"上个星期五，彤安妈妈来到学校，给小朋友们讲了绘本《好忙的除夕》。通过绘本，小朋友们了解到除夕的热闹和大家忙着准备过年的情景，比如打扫、贴春联、做年夜饭等等。讲完故事后，彤安妈妈还准备了春联，让小朋友们一起用彩色笔填色。

谢谢彤安妈妈的用心分享，让我们度过了一个有趣的下午！",,,published,2025-01-26 14:35:12,2025-01-26 14:35:03,2025-01-26 14:35:11,NULL,"{""id"": 10, ""code"": ""DTE01""}","[{""id"": 1315, ""label"": ""2025 Kindergarten 1 Darwin""}]",NULL,[],[]
291082,album,Word Family - ed ,"The children were introduced to the word family 'ed'. They made attempts to blend three letter words and explored those with four letters. Subsequently, they drew and copywrote the new words that they gained awareness to. At last, they recapped the words by reading them aloud.  ",,,draft,2025-01-26 14:38:31,2025-01-26 14:38:14,2025-01-26 14:38:31,NULL,"{""id"": 18, ""code"": ""OMB01""}","[{""id"": 1287, ""label"": ""2025 K1 Jo Empson""}]",NULL,[],[]
291084,album,Lucas's Birthday Celebration 🎂 ,Happy birthday Lucas! 🥳,,,draft,2025-01-26 14:40:00,2025-01-26 14:39:56,2025-01-26 14:41:01,NULL,"{""id"": 18, ""code"": ""OMB01""}","[{""id"": 1287, ""label"": ""2025 K1 Jo Empson""}]",NULL,[],[]
291088,album,本周动态分享,在本周我们进行了以“最爱的玩具”主题的活动，来增强幼儿对学校的依恋，我们在班级中设置了我最爱的玩具的角落，用来放置孩子们愿意分享的自己的玩具，在这一整周的过程中，我们让幼儿拥有自己玩具的完全主动权，允许幼儿分享或者独享自己的玩具，在相对其他幼儿的玩具感兴趣的时候表达自己的想法，也小心照顾其他人的玩具，此活动促进了孩子们群体游戏的发展，很好的提高了孩子们的社会交往能力，我们通过一些图片的分享，带领幼儿回忆在家中和学校中的成就瞬间，对同伴表达赞赏，快来看看我们的精彩瞬间吧！,,,published,2025-01-26 14:50:08,2025-01-26 14:49:39,2025-01-26 14:50:08,NULL,"{""id"": 5, ""code"": ""DTH01""}","[{""id"": 1408, ""label"": ""2025 Nursery 1 Engagers""}]",NULL,[],[]
291092,post,RSGK-快乐体能课,"
本周课程开始时，孩子们继续通过进行一个有趣的“动物大巡回”游戏来热身。在教练的引导下，他们模仿了长颈鹿、兔子、大象、螃蟹等动物的动作和行走方式，协调身体进行走、跑、跳等活动，既锻炼了身体的灵活性，又增加了乐趣。接下来，教练继续向幼儿介绍板球（cricket sport）。孩子们首先学习了技能“hitting”，并在教练的带领下轮流尝试进行进行击打。在活动过程中，小朋友们都非常积极，充满了参与的热情，甚至主动捡起旁边的球并交给教练，展现了他们的团队精神和热爱运动的态度。",,,published,2025-01-26 15:53:23,2025-01-26 15:50:45,2025-01-26 15:53:22,NULL,"{""id"": 1, ""code"": ""DNI00""}","[{""id"": 1296, ""label"": ""2025 N1 Giles Andreae""}]",NULL,[],[]
291094,post,除旧迎新过春节,"
在春节即将到来之际，老师首先向托班的小朋友们介绍了春节期间的一项重要习俗——大扫除。老师告诉小朋友们，大扫除是为了迎接新的一年，清洁和整理家里，让一切都焕然一新。随后，老师邀请小朋友们一起动手，帮助打扫课室。活动的目标是通过这一过程，培养小朋友们的动手能力、团队合作精神以及爱护环境的意识。老师耐心指导每个小朋友，同时鼓励他们积极参与，并不断夸奖他们清理得干净、认真。小朋友们也在活动中表现得非常积极，互相合作，课室瞬间变得整洁亮丽，并且在打扫的过程中，有小朋友清理到其他小朋友已经清理过的物品或者位置时，小朋友还会通过语言提醒：“我擦了”“I clean already!”。活动不仅让他们感受到了节日的气氛，也在实践中学习到了责任感和集体意识。",,,published,2025-01-26 16:05:22,2025-01-26 16:02:23,2025-01-26 16:05:22,NULL,"{""id"": 1, ""code"": ""DNI00""}","[{""id"": 1296, ""label"": ""2025 N1 Giles Andreae""}]",NULL,[],[]
291095,album,Tacing the lined path with a ball!,"In this activity, we were invited to roll a ball along a designated line. This task helped support the development of our hand-eye coordination while also strengthening our arm muscles. It further supported the growth of our perceptual and gross motor skills as we focused on guiding the ball smoothly along the path.

Our teacher first demonstrated how to roll the ball forward along the defined line on the floor while simultaneously moving our legs. It seemed simple at first, but when it was our turn, we quickly realised how much coordination and focus were needed to synchronize our hands and legs. Once in a while, the ball would veer off course, requiring us to bring it back and start over. Despite the challenges, we had a great time with this activity.",,,published,2025-01-26 16:18:46,2025-01-26 16:18:22,2025-01-26 16:18:45,NULL,"{""id"": 1, ""code"": ""DNI00""}","[{""id"": 1297, ""label"": ""2025 N1 Marcus Pfister""}]",NULL,[],[]
291096,post,画蛇添福——拉拉蛇,"
活动开始前，老师将不同颜色的彩纸修剪成蛇的形状。活动开始，老师首先向小朋友们展示这些彩纸，邀请小朋友们观察并说一说老师手里拿的是什么，是什么颜色，并鼓励他们选择自己喜欢的颜色的蛇进行装饰。接着，老师提供了马克笔和蜡笔，让小朋友们自由选择自己喜欢的颜色和彩笔，开始装饰蛇身。在装饰的过程中，小朋友们可以在蛇身上画点或画线，发挥自己的创意和想象力，尽情装饰每一条蛇。这个活动不仅锻炼了小朋友们的手部协调能力和色彩搭配能力，还培养了他们的创造力和独立思考能力。",,,published,2025-01-26 16:21:38,2025-01-26 16:18:25,2025-01-26 16:21:37,NULL,"{""id"": 1, ""code"": ""DNI00""}","[{""id"": 1296, ""label"": ""2025 N1 Giles Andreae""}]",NULL,[],[]
291097,album,Outdoor Fun at Level 1!,"We had so much fun on Level 1! The wide, open space and the cool breeze on our faces made it perfect for running around and playing with bubble wands. The strong wind helped blow even more bubbles everywhere, which made it extra exciting. At one point, a few of us started running around the big pillar, and before long, more friends joined in. Ms. Andrea made it even better by pretending to be a big monster, chasing us around and making everyone laugh and giggle as we tried to run away.",,,published,2025-01-26 16:46:12,2025-01-26 16:45:43,2025-01-26 16:46:12,NULL,"{""id"": 1, ""code"": ""DNI00""}","[{""id"": 1297, ""label"": ""2025 N1 Marcus Pfister""}]",NULL,[],[]
291098,album,How tall are we?,"We used the large Lego blocks to build towers as tall as our friends! Together, we stacked the blocks and counted how many it took to match their height or even hide them completely. This activity helped us develop our motor skills, social skills, and understanding of basic measurement, while also practising counting, teamwork, and turn-taking.",,,published,2025-01-26 17:01:01,2025-01-26 17:00:30,2025-01-26 17:01:01,NULL,"{""id"": 1, ""code"": ""DNI00""}","[{""id"": 1297, ""label"": ""2025 N1 Marcus Pfister""}]",NULL,[],[]
291101,album,Term 1 Week 4: “What Do You Do With Your Family” Music & Movement Celebration,"Objectives:
1) Children will produce their own patterns using percussion tools and classroom instruments to enhance the family-themed song.
2) Children will confidently incorporate new family-related words into their singing and chanting.

The children listened to the song: ""What Do You Do With Your Family"" (https://www.youtube.com/watch?v=_z5xcqEjSes) and participated in creating simple rhythmic and melodic accompaniments using classroom instruments. Before singing, the children were also introduced to some family-related words, such as “grandma,” “grandpa,” “fishing,” “listening to stories,” etc.

They were also encouraged to use these terms as they sang or chanted in rhythm, such as tapping or shaking instruments in time with the music to represent different family members and moving their bodies (e.g., swaying, stepping gently). By focusing on kind words and caring actions within families, the children deepened their awareness of the importance of showing appreciation and compassion towards one another. 

This activity was conducted on 27th January 2025.",,,published,2025-01-30 08:36:36,2025-01-26 23:46:37,2025-01-30 08:36:36,NULL,"{""id"": 10, ""code"": ""DTE01""}","[{""id"": 1315, ""label"": ""2025 Kindergarten 1 Darwin""}]",NULL,[],[]
291105,album,Chinese New Year Celebration Photos!,Here are some photos taken during our Chinese New Year Celebration 2025!,,,published,2025-01-27 00:22:15,2025-01-27 00:20:55,2025-01-27 00:22:15,NULL,"{""id"": 20, ""code"": ""TMJ""}","[{""id"": 1432, ""label"": ""2025 K2 Potter""}]",NULL,[],[]
291118,album,华人新年庆祝！,"亲爱的孩子们：
        新的一年到来了，祝愿你们在新的一年里身体健康、心想事成！孩子们，希望你们在新的一年里像小树苗一样茁壮成长，天天进步，快乐学习，勇敢探索！

亲爱的家长们：
        感谢你们一年来的支持与信任，愿你们的家庭幸福美满，事业蒸蒸日上！让我们一起携手，在新的一年中创造更多的美好时光和难忘的回忆！

祝新春快乐，万事如意！",,,published,2025-01-27 04:00:51,2025-01-27 04:00:31,2025-02-13 13:50:12,NULL,"{""id"": 20, ""code"": ""TMJ""}","[{""id"": 1433, ""label"": ""2025 K2 Robinson""}]",NULL,[],[]
291136,album,《庆祝华人新年》,今天我们穿上漂亮的衣服，一起拍照留念。一起倾听关于华人新年的故事，了解了新年的习俗。知道过完新年，我们就长大一岁。下午和朋友们交换了两粒柑橘，象征着新的一年大吉大利好事成双。,,,published,2025-01-27 05:26:36,2025-01-27 05:26:33,2025-01-27 12:43:23,NULL,"{""id"": 1, ""code"": ""DNI00""}","[{""id"": 1295, ""label"": ""2025 PG Rod Campbell""}]",NULL,[],[]
291145,album,第一学期第三周活动照片,"Hi 家长们好！

本周幼儿们探索了不同情绪的脸，逐渐对不同情绪的表达及相应的华文词语：高兴、害怕、生气及伤心，有了进一步的理解和认识。也能尝试用不同颜色的心形表达不同的情绪等。老师提供多种材料并鼓励引导幼儿尝试创作自己喜欢的情绪脸谱，幼儿能发挥自己的创作力进行制作脸谱。

老师与幼儿一起探索了关于方位词语：上和下。老师展示了牙齿模型鼓励引导幼儿观察并认识上牙和下牙，然后提供玩具鼓励幼儿能利用小桌子为参照物，尝试听老师的口令进行展示玩具在桌子上面和下面，加深幼儿对上面和下面的理解，幼儿们能积极认真的参与活动。

蛇新年即将到来，幼儿们最近都能模仿说出：新年快乐！蛇年大吉！年年有余等，也能在老师的鼓励引导下尝试使用剪刀剪出自己喜欢的小蛇。

幼儿们也很积极的展示了自己的华文名字！可以看出幼儿们满脸的自豪感！展示出“我可以做到！”

在公园我们一起开心的运动！观察周围的自然环境，发现很多美丽的公鸡！

祝大家新年快乐！蛇年大吉！
",,,published,2025-01-27 05:45:00,2025-01-27 05:44:33,2025-01-31 05:41:16,NULL,"{""id"": 5, ""code"": ""DTH01""}","[{""id"": 1407, ""label"": ""2025 Nursery 2 Reflectors""}]",NULL,[],[]
291148,album,2025 漂流故事书借阅,"Hi 家长们好！

2025年的漂流故事书幼儿们已经带回家了，希望有时间可以与他们一起进行阅读，里面的魔法棒放在家里就好了，不需要带来学校。老师已经跟幼儿们说过了。
多谢家长们的配合！",,,published,2025-01-27 05:51:45,2025-01-27 05:51:42,2025-01-27 05:52:27,NULL,"{""id"": 5, ""code"": ""DTH01""}","[{""id"": 1407, ""label"": ""2025 Nursery 2 Reflectors""}]",NULL,[],[]
291152,post,亲子活动--听口令玩游戏，初步理解上与下,"Hi 家长们好！

这个星期我们初步探讨了方位--上与下，您在家里也可以跟您的孩子一起玩蹲下跳上的游戏。在游戏中，您可以借助桌子或其他物品作为参照物，桌子上面或高过桌子的物品所处的方位为上方，桌子下面或低于桌子的物品所处的方位则为下方。您可以跟您的孩子轮流给出口令，当喊出物品名称时，另外一方需要先判断该物品的方位，然后再做出相应的动作，上方的就跳起来，下方的则蹲下去。
",,,published,2025-01-27 06:00:56,2025-01-27 06:00:55,2025-01-27 06:01:41,NULL,"{""id"": 5, ""code"": ""DTH01""}","[{""id"": 1407, ""label"": ""2025 Nursery 2 Reflectors""}]",NULL,[],[]
291156,album,T1W4 Album: “I Am Special” by Kiboomers,"“I Am Special” by Kiboomers

OBJECTIVES:
1. Children will be able to learn the lyrics of the song and follow the actions that corresponds to it
2. Children will listen and get to know the song “I am Special” with their friends.

The children were introduced to the song I Am Special by Kiboomers, where they learnt the lyrics and actions (e.g., I - point to yourself, You - point to a friend, we - everyone hold hands or hug) while emphasizing the importance of each child’s unique qualities. As children learn the song, they practiced singing together and take turns sharing what makes them special. 

This activity was conducted on 27 January 2025. 

Happy Chinese New Year!",,,published,2025-01-28 14:51:21,2025-01-27 06:08:56,2025-01-28 14:51:20,NULL,"{""id"": 10, ""code"": ""DTE01""}","[{""id"": 1314, ""label"": ""2025 Nursery 2 Eric Carle""}]",NULL,[],[]
291167,post,K1 Term 1 Week 4 Weekly Updates ,"For this week, children extended their drawing of their family members and proceeded to draw their own family members on piece of drawing paper. 

Once they have completed it, they will be cutting out the individual family members' drawing and will be pasting it on the family tree that they will draw independently.

Children continued to pick up new skills for their rock climbing lessons. For this week's session, they even got to try the various courses of the wall that became more challenging after each round.

Lastly, children continued their current issue discussion about climate change and were encouraged to draw the different ways that they could do their part to protect the Earth. ",,,published,2025-01-31 03:49:42,2025-01-27 06:43:35,2025-01-31 03:49:41,NULL,"{""id"": 5, ""code"": ""DTH01""}","[{""id"": 1406, ""label"": ""2025 Kindergarten 1 Inventors""}]",NULL,[],[]
291170,album,Weekly Highlight: Term 1 Week 4!,"This week, the K2s participated in a fun game of Goalie Tag!",,,published,2025-01-27 06:57:32,2025-01-27 06:56:36,2025-01-27 06:57:31,NULL,"{""id"": 20, ""code"": ""TMJ""}","[{""id"": 1432, ""label"": ""2025 K2 Potter""}]",NULL,[],[]
291171,album,一月笫四周：新年橘子,"活动目标：发展精细动作，如：能用五指抓物品
活动过程：新年快到了，老师与幼儿一起分享新年橘子，让幼儿触摸橘子，感受它的形状和质感，激发感官体验。并与幼儿分享橘子在新年象征吉祥，好运.，双手拿橘子送给长辈，表达对对方的祝福。
月龄较大的幼儿老师引导幼儿双手拿橘子，学习简单的拜年礼义，如向长辈说""新年快乐""或""身体健康，并模仿递橘子的动作。在互动中，让幼儿感受到新年的欢乐与传统文化的意义。",,,published,2025-01-27 07:01:43,2025-01-27 07:01:33,2025-01-27 12:49:30,NULL,"{""id"": 10, ""code"": ""DTE01""}","[{""id"": 1310, ""label"": ""2025 Infant Mozart""}]",NULL,[],[]
291172,album,华人新年活动,"华人新年要来到，小朋友们齐欢笑。
一起唱歌一起跳，开开心心真热闹。",,,published,2025-01-27 07:11:10,2025-01-27 07:11:03,2025-01-27 07:11:09,NULL,"{""id"": 18, ""code"": ""OMB01""}","[{""id"": 1287, ""label"": ""2025 K1 Jo Empson""}]",NULL,[],[]
291179,post,CNY Early Closure,"Dear Families,
This is a gentle reminder that the school will close at 2:00PM tomorrow. Please make the necessary arrangements to pick up your child on time.

Additionally, the school will be closed on 29th and 30th January.
We look forward to welcoming everyone back to school on 31st January.

Thank you for your understanding and support!

Warm regards,
K2 Robinson Teaching Team
",,,published,2025-01-27 08:45:35,2025-01-27 08:45:08,2025-01-27 08:45:34,NULL,"{""id"": 20, ""code"": ""TMJ""}","[{""id"": 1433, ""label"": ""2025 K2 Robinson""}]",NULL,[],[]
291184,album,Happy Birthday Jabir! ,"We celebrated Jabir's birthday! The children sang the birthday song loudly and were very eager to eat the birthday cake! We had lots of fun. 

Happy birthday to Jabir and all of the January babies, thank you for filling our classroom with so much love. ",,,published,2025-01-27 10:12:17,2025-01-27 10:12:11,2025-01-27 10:12:17,NULL,"{""id"": 10, ""code"": ""DTE01""}","[{""id"": 1313, ""label"": ""2025 Nursery 1 Taro Gomi""}]",NULL,[],[]
291185,album,Chinese New Year Celebration,"We celebrated Chinese New Year with our family, friends, and teachers in school today! The children wore traditional Chinese costumes to celebrate Chinese New year, and performed a dance for parents. We exchanged oranges and played a game to hunt for red packets in the classroom. The children did very well today on stage! Well done! 

In addition, thank you parents and guardians for joining us to celebrate Chinese New year together! Happy Chinese New Year! 🍊🍊",,,draft,2025-01-27 10:23:10,2025-01-27 10:21:26,2025-01-27 10:23:09,NULL,"{""id"": 1, ""code"": ""DNI00""}","[{""id"": 1295, ""label"": ""2025 PG Rod Campbell""}]",NULL,[],[]
291187,album,Chinese New Year Celebration 2025,"Before the arrival of families, the children were engaged in storytelling related to Chinese New Year. After that, they participated in fun activities such as Chinese paper cutting, printing craft, Chinese calligraphy, arrow tossing, photo booth and little snake shedding. Subsequently, they put up a class performance and did Lou Hei. 

Thank you parents for joining us today! Happy Chinese New Year!",,,published,2025-01-27 15:19:47,2025-01-27 10:43:46,2025-01-30 15:21:04,NULL,"{""id"": 18, ""code"": ""OMB01""}","[{""id"": 1287, ""label"": ""2025 K1 Jo Empson""}]",NULL,[],[]
291196,album,Chinese New Year Celebration - Children’s Photo Session,"This year’s Chinese New Year celebration was filled with joy and vibrant colours! One of the highlights of the event was the special photo session set up for the children, where they had the opportunity to take pictures dressed in beautiful traditional clothing to celebrate the Year of the Snake.

The children were all smiles as they posed against festive backdrops adorned with blooming plum blossoms. 

The photo session not only captured the spirit of the holiday but also allowed the children to feel connected to the rich traditions and cultural heritage of Chinese New Year. It was a heartwarming sight to see the younger generation embracing the celebration with such enthusiasm and pride!",,,published,2025-01-27 13:26:04,2025-01-27 13:18:03,2025-01-27 13:26:03,NULL,"{""id"": 1, ""code"": ""DNI00""}","[{""id"": 1296, ""label"": ""2025 N1 Giles Andreae""}]",NULL,[],[]
291197,album,Thank You for Joining Our Chinese New Year Celebration!,"We are so grateful to all the parents who joined us for our Chinese New Year celebration at school! We hope you are entertained with the lively performances, including the Chinese New Year themed dances and music.

We hope you enjoyed the interactive game session, your participation made the day even more special and memorable.

Thank you for your continued support and for making this celebration a success. Wishing everyone a prosperous Year of the Snake!",,,published,2025-01-27 13:35:51,2025-01-27 13:32:39,2025-01-27 13:35:51,NULL,"{""id"": 1, ""code"": ""DNI00""}","[{""id"": 1296, ""label"": ""2025 N1 Giles Andreae""}]",NULL,[],[]
291203,post,Chinese New Year celebration🧧🍊🍊,"To celebrate Chinese New Year, we started off by watching a few videos about Nian and the Chinese Zodiacs with the N2 and K2 children. Afterwards, the children eagerly exchanged oranges with their friends — a moment they had been looking forward to since arriving at school!

Something I personally looked forward to was their dance performance, as the children practiced twice a day. It wasn’t easy to learn the movements in just two weeks, but Wu Laoshi, Cheng Laoshi and I are incredibly proud of their efforts and their flexibility in adapting to some changes along the way!

To all K1 families, thank you for joining us to watch the K1 performance! We wish you a wonderful year ahead filled with happiness and good health. Happy Chinese New Year!",,,published,2025-01-27 15:34:43,2025-01-27 15:21:56,2025-01-27 15:45:35,NULL,"{""id"": 1, ""code"": ""DNI00""}","[{""id"": 1300, ""label"": ""2025 K1 David McKee""}]",NULL,[],[]
291204,album,2025 Lunar New Year Celebration at LSH@MBS,A fun-filled day celebrating the Lunar New Year with family and friends. ,,,published,2025-01-27 16:18:25,2025-01-27 16:18:14,2025-01-27 16:20:42,NULL,"{""id"": 16, ""code"": ""MBS""}","[{""id"": 1377, ""label"": ""2025 Playgroup Care""}]",NULL,[],[]
291205,album,Colourful Scarves,The colourful scarves acted as provocations for the little ones in fostering curiosity and interest. They explored and played with the scarves from throwing them in the air to pretending that they're invisible under them.  ,,,published,2025-01-27 16:31:50,2025-01-27 16:31:41,2025-01-27 16:31:49,NULL,"{""id"": 16, ""code"": ""MBS""}","[{""id"": 1377, ""label"": ""2025 Playgroup Care""}]",NULL,[],[]
291211,post,🧧 happy Chinese new year - Miya,"We celebrated Chinese New Year at school with music and movement to festive songs, explored a book about Lunar New Year, and listened to our educarer share the story behind it. Our families also joined us in the celebration at school.",,,published,2025-01-27 23:23:09,2025-01-27 23:23:05,2025-01-27 23:23:09,NULL,"{""id"": 1, ""code"": ""DNI00""}","[{""id"": 1302, ""label"": ""2025 Infant Karen Katz""}]",NULL,[],[]
291212,post,Happy chinese new year- Elijah 🧧 ,"We celebrated Chinese New Year at school with music and movement to festive songs. I even joined in with hand movements when my educarer said, “Gong Xi Gong Xi!” We also explored a book about Lunar New Year and listened to our educarer share its story. Our families were invited to join us in the celebration at school too.",,,published,2025-01-27 23:28:08,2025-01-27 23:28:04,2025-01-27 23:28:08,NULL,"{""id"": 1, ""code"": ""DNI00""}","[{""id"": 1302, ""label"": ""2025 Infant Karen Katz""}]",NULL,[],[]
291213,album,January Week 4: Water and Pipette Transfer,"Learning objectives: 
1. Foster a beginning interest and curiosity in the natural environment through observation, exploration and play. 
2. Foster beginning Numeracy concepts through free exploration (basing measuring, counting, etc.)

Yesterday, the children had a delightful time exploring and discovering through a hands-on activity in class! They were given droppers filled with different coloured liquids, which they squeezed into containers, observing how the colours mixed together in fascinating ways. Their faces lit up with wonder as they watched the transformations and changes happen before their eyes.

In addition to the exciting visual experience, the children also counted the drops of liquid they added to their containers, helping to reinforce their numeracy skills in a fun and engaging way. This activity encouraged both observation and experimentation, and it was heartwarming to see their curiosity bloom as they explored the world of colour mixing and counting.

Date of activity: 27 January 2025",,,published,2025-01-28 07:38:46,2025-01-27 23:29:11,2025-01-28 07:38:45,NULL,"{""id"": 10, ""code"": ""DTE01""}","[{""id"": 1311, ""label"": ""2025 Playgroup Michael Rosen""}]",NULL,[],[]
291214,post,Happy Chinese new year 🧧 - Hanzal,"We celebrated Chinese New Year at school with music, movement to festive songs, and a look back at the previous decorations. We said goodbye to the Year of the Dragon and welcomed the Year of the Snake. Our families were also invited to join the celebration at school.",,,published,2025-01-27 23:32:58,2025-01-27 23:32:54,2025-01-27 23:49:24,NULL,"{""id"": 1, ""code"": ""DNI00""}","[{""id"": 1302, ""label"": ""2025 Infant Karen Katz""}]",NULL,[],[]
291215,album,1月 第三周 新年“大吉大利”,"活动目标：
1.感受交换桔子活动的快乐。
2.了解华人传统文化，祝新年大吉大利。

活动过程：
在活动开始时，教师首先向小朋友们介绍桔子在中国传统文化中的象征意义，解释桔子与“吉”字发音相似，寓意着吉祥和好运。接着，孩子们在老师的引导下轮流将自己的桔子与其他小朋友交换，通过交换桔子的过程，孩子们不仅能感受到团结与分享的乐趣，还能在互动中体验到新年的祝福。最后，孩子们一同祝福彼此新年大吉大利，活动在欢声笑语中圆满结束。


活动时间：2025年1月24日",,,published,2025-01-27 23:46:53,2025-01-27 23:46:46,2025-01-27 23:46:53,NULL,"{""id"": 10, ""code"": ""DTE01""}","[{""id"": 1311, ""label"": ""2025 Playgroup Michael Rosen""}]",NULL,[],[]
291219,album,庆祝婧瑄和琪恩的生日,"活动过程：

今天庆祝婧瑄和琪恩的生日，大家一起围坐在生日桌旁，首先为她们唱了生日歌，表达了祝福和喜悦。然后，拍照留下美好的回忆。最后，大家一起分享美味的蛋糕，大家开心地吃着，庆祝这个特别的日子，气氛温馨而愉快。


活动时间：2025年1月24日",,,published,2025-01-27 23:57:43,2025-01-27 23:57:22,2025-01-27 23:57:43,NULL,"{""id"": 10, ""code"": ""DTE01""}","[{""id"": 1311, ""label"": ""2025 Playgroup Michael Rosen""}]",NULL,[],[]
291220,album,第一学期 第二周：记忆翻牌游戏,"活动目标：
1.幼儿能够学习词语：害怕、生气、高兴、难过。
2.幼儿能够能发挥想象力模仿出高兴、伤心、生气以及害怕等表情。


活动过程：
教师展示高兴、伤心、生气、害怕的表情图，引导幼儿复习情绪词语并模仿表情。
教师和幼儿一起玩记忆翻牌游戏，翻牌时鼓励幼儿说出情绪名称并模仿对应表情，对于未找到匹配卡片的幼儿，鼓励其坚持尝试，完成任务。游戏结束后，教师带领幼儿围坐讨论，说说自己或朋友在什么情况下会感到高兴、伤心、生气或害怕。

此活动于2025年1月17日上传。",,,published,2025-01-27 23:58:14,2025-01-27 23:57:57,2025-01-27 23:58:13,NULL,"{""id"": 10, ""code"": ""DTE01""}","[{""id"": 1314, ""label"": ""2025 Nursery 2 Eric Carle""}]",NULL,[],[]
291221,album,一月 第四周 蛇年大吉,"
活动目标：
1.感受创作手工的快乐。
2.了解华人传统文化，祝新年快乐。

活动过程：
小朋友们选择自己喜欢的颜色，进行涂鸦。老师一边说点点点，小朋友跟着老师一起在纸上点涂，以创作蛇年的手工，最后贴上眼睛，手工就完成啦！
在蛇年到来之际，我想送给小朋友们和家长们最真挚的祝福。祝福我们的孩子们在新的一年里像蛇一样灵活聪明，健康成长，充满活力，学业进步，快乐每一天！也祝愿所有的家长们在新的一年里事业有成，家庭幸福，身体健康，万事如意！让我们携手迎接蛇年的到来，共同迈向更加美好的未来！


活动时间：2025年1月27日",,,published,2025-01-28 00:11:31,2025-01-28 00:11:24,2025-01-28 00:11:31,NULL,"{""id"": 10, ""code"": ""DTE01""}","[{""id"": 1311, ""label"": ""2025 Playgroup Michael Rosen""}]",NULL,[],[]
291222,album,Ringing the Prosperous Snake year 🐍🐍🐍,"Using plastic cups, paper and bells, the children made a wind chime. From designing the cups to cutting spirals, the children did it all by themselves! ",,,draft,2025-01-28 00:16:43,2025-01-28 00:14:09,2025-01-28 00:18:51,NULL,"{""id"": 16, ""code"": ""MBS""}","[{""id"": 1383, ""label"": ""2025 Kindergarten 2 Unity""}]",NULL,[],[]
291223,album,Term 1 Week 2: Match and Celebrate Pairs,"The children were invited to match pairs of objects presented to them. This activity provided an opportunity for them to grasp the concept of pairing and to explore the relationships between objects that are commonly paired together.

The children enjoyed using the paired objects in various ways, engaging with them and demonstrating their understanding of how these objects are related.

Learning Objectives:
Children will pair related objects from a set.  
Children will pick up and place objects accurately while creating pairs. ",,,published,2025-01-28 00:15:16,2025-01-28 00:15:11,2025-01-28 00:15:15,NULL,"{""id"": 10, ""code"": ""DTE01""}","[{""id"": 1314, ""label"": ""2025 Nursery 2 Eric Carle""}]",NULL,[],[]
291224,album,第一学期 第二周：我的情绪脸谱,"活动目标：
1.幼儿能手眼协调地粘贴材料。
2.幼儿能利用手工作品来表现自己的情绪表情。

活动过程：

教师展示材料（纸壳板、彩纸、胶水等），鼓励幼儿利用各种材料创作情绪脸谱，教师引导幼儿分享他们的创意并鼓励大胆表达。

活动于2025年1月15日进行。",,,published,2025-01-28 00:19:33,2025-01-28 00:19:15,2025-01-28 00:19:33,NULL,"{""id"": 10, ""code"": ""DTE01""}","[{""id"": 1314, ""label"": ""2025 Nursery 2 Eric Carle""}]",NULL,[],[]
291225,post,CNY Celebration 2025,"Yay! We were so grateful to have our  beloved parents with us, celebrating Chinese New Year in school! The space was filled with love and laughters. Though our classroom may look small but we felt huge having those big smiles in our faces!☺️☺️

During the celebration, we watched the CNY performance from PG-K2 classes and took photos in our photo-booth. In the infant class, parents were engaged in searching for red packets, children enjoyed searching for oranges in the sensorial bin, pulling and grabbing goodies and popping CNY bubbles. In addition, the “God of Wealth” 财神 visited our class and we took some photos with him. Yay!

In the morning, children were engaged in music and movements where they explored playing with instruments while listening to the CNY songs.  ",,,published,2025-01-28 00:25:00,2025-01-28 00:24:43,2025-01-28 00:34:04,NULL,"{""id"": 1, ""code"": ""DNI00""}","[{""id"": 1302, ""label"": ""2025 Infant Karen Katz""}]",NULL,[],[]
291226,album,Term 1 Week 3 Show and Tell,"Children shared and talked about their favourite item.

Ethan Mah shared about Iron Man and Matthias shared about Luigi.",,,published,2025-01-28 00:27:45,2025-01-28 00:27:41,2025-01-28 00:27:44,NULL,"{""id"": 10, ""code"": ""DTE01""}","[{""id"": 1314, ""label"": ""2025 Nursery 2 Eric Carle""}]",NULL,[],[]
291227,album,第一学期 第三周 华人新年庆祝,"活动目标
1. 让孩子们了解并体验传统的华人新年文化，感受节日的喜庆氛围。
2. 通过参与有趣的活动，培养孩子们的团队合作精神和创意表达能力。

活动过程：
孩子们参与到舞狮表演的互动环节。我们为孩子们准备了小型的醒狮道具，孩子们将通过模拟狮子舞的动作，体验传统舞狮的乐趣，感受舞狮带来的热闹与喜庆。活动结束后，孩子们交换橘子、进行集体合影留念，分享农历华人新年的愿望与祝福。

祝大家新年快乐！",,,published,2025-01-28 00:37:53,2025-01-28 00:37:26,2025-01-28 00:37:53,NULL,"{""id"": 10, ""code"": ""DTE01""}","[{""id"": 1314, ""label"": ""2025 Nursery 2 Eric Carle""}]",NULL,[],[]
291229,album,一月 第三周 华人新年庆祝,"活动目标:
1. 让孩子们了解并体验传统的华人新年文化，感受节日的喜庆氛围。
2. 通过参与有趣的活动，培养孩子们的团队合作精神和创意表达能力。

活动过程：
孩子们参与到舞狮表演的互动环节。我们为孩子们准备了小型的醒狮道具，孩子们将通过模拟狮子舞的动作，体验传统舞狮的乐趣，感受舞狮带来的热闹与喜庆。活动结束后，孩子们交换橘子、进行集体合影留念，分享农历华人新年的愿望与祝福。
感谢潩鍇妈妈参与我们的新年故事分享！我们很喜欢您带来的故事！期待我们更多的美好回忆！",,,published,2025-01-28 00:43:23,2025-01-28 00:43:07,2025-01-28 00:43:22,NULL,"{""id"": 10, ""code"": ""DTE01""}","[{""id"": 1313, ""label"": ""2025 Nursery 1 Taro Gomi""}]",NULL,[],[]
291230,post,一月 第四周 汤圆-团团圆圆,"学习目标:
1.锻炼幼儿的手部精细动作，通过揉、搓、捏体验动手制作的乐趣。
2.了解五色汤圆的制作过程及其象征意义，初步感知传统节日中的团圆文化。
学习过程：
教师示范将糯米粉与不同颜色的果蔬泥混合，慢慢加入温水，搅拌均匀后揉成面团。接着，教师示范如何从面团中掰出小块搓成圆形，幼儿动手操作，将彩色面团搓成不同大小的汤圆，每组幼儿将自己搓好的汤圆放入托盘里，煮熟后将五色汤圆分装到碗中，分发给幼儿。最后，幼儿品尝汤圆，分享自己的感受。
",,,published,2025-01-28 01:05:04,2025-01-28 00:44:52,2025-01-28 01:05:03,NULL,"{""id"": 10, ""code"": ""DTE01""}","[{""id"": 1312, ""label"": ""2025 Nursery 1 Lois Ehlert""}]",NULL,[],[]
291231,album,Journal entry - Looking forward to Chinese New Year 🍊🍊,"Here comes the first journal entry of the year~ the children were tasked to write and draw an entry on one thing they were looking forward to for Chinese New Year. Ranging from snacks to receiving angbaos, the festive season was certainly upon us 🙌 ",,,draft,2025-01-28 00:51:26,2025-01-28 00:50:25,2025-01-28 00:51:25,NULL,"{""id"": 16, ""code"": ""MBS""}","[{""id"": 1383, ""label"": ""2025 Kindergarten 2 Unity""}]",NULL,[],[]
291232,album,第一学期 第三周 ： 我的牙齿,"活动目标：
1.幼儿能手眼协调地揉搓面泥并进行粘贴。
2.幼儿能利用手工作品来表现自己的牙齿。


活动过程：

幼儿通过镜子观察自己的牙齿并描述其特征，老师鼓励幼儿观察并形容牙齿的颜色和形状（如大大的、小小的、尖尖的）。使用纸盘和粘土制作牙龈和牙齿模型，创作完成后，教师给予鼓励。


活动于2025年1月22日进行。",,,published,2025-01-28 00:51:52,2025-01-28 00:51:37,2025-01-28 00:51:52,NULL,"{""id"": 10, ""code"": ""DTE01""}","[{""id"": 1314, ""label"": ""2025 Nursery 2 Eric Carle""}]",NULL,[],[]
291234,album,一月NFP 巴西立公园郊游,"这是我们今年第一次乘坐巴士去巴西立公园郊游。我们在Carpark C下车，一路上看到了很多动物，有小马，散步的狗和小鸡等。我们在草坪踢足球，用彩虹伞玩躲雨的游戏，也在阳光下用不同的颜色观察身边的环境。让小朋友的身体得到锻炼的同时也鼓励他们通过仔细观察身边的环境，培养他们的好奇心。最后小朋友们表示下次还想要去玩！



此活动于本月22号 星期三进行。",,,published,2025-01-28 00:57:44,2025-01-28 00:57:37,2025-01-28 00:57:44,NULL,"{""id"": 10, ""code"": ""DTE01""}","[{""id"": 1313, ""label"": ""2025 Nursery 1 Taro Gomi""}]",NULL,[],[]
291235,album,Categorising elements of cultures,"From the book 'Hooray, a piñata, by Elisa Kleven, the children were engaged in a discussion about the cultures present in Singapore. Photos of various elements of the cultures were printed and discussed in pairs. Then, the children were tasked to sort and categorise the elements. Together with the children, we observed that the cultures in Singapore share many similar elements and practices ☺️ SG is truly a melting pot of cultures!",,,draft,2025-01-28 01:04:51,2025-01-28 01:04:34,2025-01-28 01:38:01,NULL,"{""id"": 16, ""code"": ""MBS""}","[{""id"": 1383, ""label"": ""2025 Kindergarten 2 Unity""}]",NULL,[],[]
291236,post,春节快乐🎉🎉🎉,"在这个辞旧迎新的春节活动中，老师和小朋友们一起欢庆春节的到来。老师给大家分享了寓意深刻的绘本《年》和《我长大了》，通过故事让孩子们了解春节的传统和成长的意义。接着，大家一起交换了橘子，象征着好运与祝福，小朋友们互相送上新春的祝福，气氛温馨而喜庆。
亲爱的家长们，春节将至，衷心祝愿您和您的家人新春快乐，阖家幸福！愿新的一年里，大家身体健康，事业顺利，生活美满。感谢您一直以来对我们的支持与信任，我们会继续用心陪伴孩子们成长，共同迎接更加美好的明天！",,,published,2025-01-28 01:07:04,2025-01-28 01:06:48,2025-01-28 01:07:03,NULL,"{""id"": 1, ""code"": ""DNI00""}","[{""id"": 1296, ""label"": ""2025 N1 Giles Andreae""}]",NULL,[],[]
291239,post,庆祝农历新年🧧-芸西,让我们说一声“恭喜恭喜”，祝大家新年快乐🧨。我们在教室里一起听新年歌，阅读关于“年夜饭”的故事书，还邀请父母一起来学校庆祝农历新年看表演和玩游戏。,,,published,2025-01-28 01:17:58,2025-01-28 01:17:49,2025-01-28 01:17:58,NULL,"{""id"": 1, ""code"": ""DNI00""}","[{""id"": 1302, ""label"": ""2025 Infant Karen Katz""}]",NULL,[],[]
291240,post,庆祝农历新年🧧-恩熙,耶！这是我庆祝的第一个农历新年🎉，我们在教室里一起听新年歌，阅读关于“年夜饭”的故事书，玩游戏，还邀请父母一起来学校庆祝农历新年，非常热闹，我好喜欢！,,,published,2025-01-28 01:36:54,2025-01-28 01:36:45,2025-01-28 01:36:54,NULL,"{""id"": 1, ""code"": ""DNI00""}","[{""id"": 1302, ""label"": ""2025 Infant Karen Katz""}]",NULL,[],[]
291241,album,Celebrating Chinese New Year with YOU!,Thank you for taking time out to join us at our reunion lunch 🥰 Here are some photos from last Friday; try to spot yourselves in action! (or not 🤪),,,published,2025-01-28 01:52:24,2025-01-28 01:47:09,2025-02-08 01:19:19,NULL,"{""id"": 16, ""code"": ""MBS""}","[{""id"": 1383, ""label"": ""2025 Kindergarten 2 Unity""}]",NULL,[],[]
291244,album,精彩活动：第一学期 第四周,"教师引导幼儿们写下新年祝福，并制作成漂亮的挂饰！
幼儿们看到漂亮的挂饰说着要挂在家里，为家里增添节日的喜庆！",,,published,2025-01-28 02:05:42,2025-01-28 02:05:11,2025-01-28 02:05:41,NULL,"{""id"": 20, ""code"": ""TMJ""}","[{""id"": 1432, ""label"": ""2025 K2 Potter""}]",NULL,[],[]
291248,post,庆祝农历新年🧧-奕程,听！“噼里啪啦🧨噼里啪啦🧨”这是鞭炮的声音，新年到了非常热闹。我们在教室里一起听新年歌，阅读关于“年夜饭”的故事书，一起庆祝农历新年。,,,published,2025-01-28 02:17:46,2025-01-28 02:17:39,2025-01-28 02:17:45,NULL,"{""id"": 1, ""code"": ""DNI00""}","[{""id"": 1302, ""label"": ""2025 Infant Karen Katz""}]",NULL,[],[]
291253,album,January Week 3: Weekly Highlight,"The best mouse cookie!
 
The children were very captivated by a bug flying outside the window before storytelling. They asked a million questions about the bug hanging outside!",,,published,2025-01-28 02:49:08,2025-01-28 02:48:55,2025-01-28 02:49:08,NULL,"{""id"": 20, ""code"": ""TMJ""}","[{""id"": 1402, ""label"": ""2025 N1 Kelly""}]",NULL,[],[]
291255,post,蛇年福启，万事顺意！,"我们一起庆祝新年活动！
小朋友上午在学校一起了解了关于“年”的传说，一起交换橙子，互相说吉祥话，也有小朋友分享了给朋友的新年礼物，有零食、有挂件也有巧克力金币。
我们在期待中等待着下午的表演和排队。我们一起表演《福气要来到》，和爸爸妈妈们一起做游戏赢红包。非常感谢各位家长的宝贵时间，参与我们的活动，观看小朋友们的表演。
祝福大家新的一年：身体健康、万事顺意、阖家欢乐、岁岁福相伴。",,,published,2025-01-28 03:55:10,2025-01-28 03:54:24,2025-01-28 03:55:10,NULL,"{""id"": 1, ""code"": ""DNI00""}","[{""id"": 1301, ""label"": ""2025 K2 Debi Gliori""}]",NULL,[],[]
291257,post,开心的户外时光！,一些开心户外瞬间😊。,,,published,2025-01-28 04:16:58,2025-01-28 04:16:08,2025-01-28 04:16:57,NULL,"{""id"": 1, ""code"": ""DNI00""}","[{""id"": 1301, ""label"": ""2025 K2 Debi Gliori""}]",NULL,[],[]
291261,album,一月第四周活动：儿歌《恭喜恭喜》,"活动目标：通过歌曲和背景音乐等，初步培养婴幼儿的节奏感
活动过程：老师准备庆新年道具，带领幼儿们一起庆祝华人新年，欢唱新年歌《恭喜恭喜》，《新年好》，儿歌让幼儿感染新年气氛，乐器让幼儿欢乐起舞！",,,draft,2025-01-28 06:37:14,2025-01-28 06:37:11,2025-01-28 06:37:13,NULL,"{""id"": 10, ""code"": ""DTE01""}","[{""id"": 1310, ""label"": ""2025 Infant Mozart""}]",NULL,[],[]
291265,album,Happy Year of the Snake!! 🐍🎉🎆,"We would like to wish everyone a very Happy and Prosperous Year of the Snake! 🎉May this new year bring abundant joy, good health, and countless opportunities for success! 🎆

May you be surrounded by love, happiness, and prosperity throughout the year. Wishing you and your loved ones a year filled with harmony, growth, and many cherished moments. Happy Year of the Snake! 🥰🥰🥰 

Love,
Ms Andrea and Ren Laoshi",,,published,2025-01-28 10:23:35,2025-01-28 10:23:23,2025-01-28 10:24:36,NULL,"{""id"": 1, ""code"": ""DNI00""}","[{""id"": 1297, ""label"": ""2025 N1 Marcus Pfister""}]",NULL,[],[]
291268,post,"""CNY Craft and Music"" - Matthias","We practiced dancing to Chinese New Year songs by shaking and grooving our bodies. We also participated in making Mandarin Orange Tree craft by gluing and pasting the red packet, marking with brown crayon and pasting orange stickers to celebrate Chinese New Year.
",,,published,2025-01-28 23:58:27,2025-01-28 23:58:16,2025-01-29 00:00:47,NULL,"{""id"": 1, ""code"": ""DNI00""}","[{""id"": 1302, ""label"": ""2025 Infant Karen Katz""}]",NULL,[],[]
291269,post,"""CNY Craft & Music"" - Celeste","We practiced dancing to Chinese New Year songs by shaking and grooving our bodies. We also participated in making Mandarin Orange Tree craft by gluing and pasting the red packet, marking with brown crayon and pasting orange stickers to celebrate Chinese New Year.
",,,published,2025-01-29 00:00:16,2025-01-29 00:00:04,2025-01-29 00:00:16,NULL,"{""id"": 1, ""code"": ""DNI00""}","[{""id"": 1302, ""label"": ""2025 Infant Karen Katz""}]",NULL,[],[]
291270,post,"""CNY Craft and Music"" - Jovelle","We practiced dancing to Chinese New Year songs by shaking and grooving our bodies. We also participated in making Mandarin Orange Tree craft by gluing and pasting the red packet, marking with brown crayon and pasting orange stickers to celebrate Chinese New Year.
",,,published,2025-01-29 00:02:35,2025-01-29 00:02:24,2025-01-29 00:02:35,NULL,"{""id"": 1, ""code"": ""DNI00""}","[{""id"": 1302, ""label"": ""2025 Infant Karen Katz""}]",NULL,[],[]
291271,post,"""Chinese New Year Celebration 2025"" - Part 2","Yay! We were so grateful to have our  beloved parents with us, celebrating Chinese New Year in school! The space was filled with love and laughter. Though our classroom may look small, we felt huge having those big smiles on our faces!☺️☺️

During the celebration, we watched the CNY performance from PG-K2 classes and took photos in our photo-booth. In the infant class, parents were engaged in searching for red packets, children enjoyed searching for oranges in the sensory bin, pulling and grabbing goodies and popping CNY bubbles. In addition, the “God of Wealth” 财神 visited our class and we took some photos with him. Yay!

In the morning, children were engaged in music and movements where they explored playing with instruments while listening to the CNY songs.  

Wishing great luck in the Year of the Snake!
Wishing you wealth and prosperity!
Wishing you good health!
May all your wishes come true!

Happy Chinese New Year and Happy Holidays everyone!
",,,published,2025-01-29 00:17:12,2025-01-29 00:16:57,2025-01-29 00:17:12,NULL,"{""id"": 1, ""code"": ""DNI00""}","[{""id"": 1302, ""label"": ""2025 Infant Karen Katz""}]",NULL,[],[]
291272,album,Unpacking and Packing Bags Independently,"For the month of January, we have been instilling the habit and encouraging the children to unpack and pack their bags daily. In the morning after outdoors, the children unpack their bags and sort them into their corresponding baskets and cubbies. In the evening, the children pack their communication books, shower bags and water bottles back into their bags to prepare to go home. During shower time, the children have been packing their dirty clothes into their shower bags after changing too!

We hope you can encourage the skill at home and involve them in packing their bags for the next morning or unpacking their bags at the end of the day. This will help the children become more independent and develop responsibility over their own belongings. ",,,published,2025-01-29 02:23:45,2025-01-29 02:23:39,2025-01-29 02:23:44,NULL,"{""id"": 18, ""code"": ""OMB01""}","[{""id"": 1284, ""label"": ""2025 N1 Christie Matheson""}]",NULL,[],[]
291273,album,Octaves,"The children learnt all about the theme on teddy bears and the concept of sequencing was reinforced through the various games, songs and movement that were exposed to them!",,,published,2025-01-29 02:34:42,2025-01-29 02:34:30,2025-01-29 02:34:41,NULL,"{""id"": 18, ""code"": ""OMB01""}","[{""id"": 1284, ""label"": ""2025 N1 Christie Matheson""}]",NULL,[],[]
291274,album,Growing Curiosity Outdoors,"During this walk along the river, the children seemed to have grown to be more curious of their surroundings. They stop to observe insects that may be laying on the ground or pointing to the crows which chirping sounds have increasingly intrigued them!",,,published,2025-01-29 02:43:05,2025-01-29 02:42:57,2025-01-29 02:48:50,NULL,"{""id"": 18, ""code"": ""OMB01""}","[{""id"": 1284, ""label"": ""2025 N1 Christie Matheson""}]",NULL,[],[]
291275,album,English Speech and Drama,"During this session, the children talked about some musical instruments that they know of and pretended to move in various ways according to the sound they make. In drama land, they visited a musical theatre and pretended to play music for an audience.",,,published,2025-01-29 03:00:20,2025-01-29 03:00:10,2025-01-29 03:00:19,NULL,"{""id"": 18, ""code"": ""OMB01""}","[{""id"": 1284, ""label"": ""2025 N1 Christie Matheson""}]",NULL,[],[]
291276,album,Stretching Time,One of the things we always do with the N1s before our outdoor play time is stretching! Here is Jui En Laoshi engaging the children in some stretching exercises to get their bodies moving for games we will be playing!,,,published,2025-01-29 03:09:12,2025-01-29 03:09:08,2025-01-29 03:09:11,NULL,"{""id"": 18, ""code"": ""OMB01""}","[{""id"": 1284, ""label"": ""2025 N1 Christie Matheson""}]",NULL,[],[]
291277,album,Octaves,"During this session, they talked all about various toys found in the toy chest and explored making sounds and movements with them. One of the things they loved was getting to pretend playing a toy guitar!",,,published,2025-01-29 04:01:49,2025-01-29 04:01:40,2025-02-04 04:48:01,NULL,"{""id"": 18, ""code"": ""OMB01""}","[{""id"": 1284, ""label"": ""2025 N1 Christie Matheson""}]",NULL,[],[]
291278,album,Healthy Sandwiches,"In relation to the book titled ‘Eat Together’ by Miguel Ordoñez, the children created a sandwich craft, inspired by the fresh ingredients put together to create a healthy snack.
 
The children explored art techniques such as crepe paper bleeding to make the picnic mat, then, they used different colours to draw scribbles on the paper plate. To complete this process art, children pasted a variety of textured materials cut into shapes onto the picnic mat. Each shape and colour represents healthy ingredients for their sandwich.",,,published,2025-01-29 04:03:32,2025-01-29 04:03:09,2025-01-29 04:03:32,NULL,"{""id"": 18, ""code"": ""OMB01""}","[{""id"": 1284, ""label"": ""2025 N1 Christie Matheson""}]",NULL,[],[]
291279,album,CNY Snake Craft,"The children were provided with puffy paint tubes, sequins and white glue to explore and decorate old CDs! The sticky texture of the paint and glue are some things we continue to expose the children to as they engage in more hands-on experiences! After drying, the teachers helped in putting the decorated CDs together to form a snake! Perfect for our CNY celebration!",,,published,2025-01-29 04:18:43,2025-01-29 04:18:31,2025-01-29 04:18:42,NULL,"{""id"": 18, ""code"": ""OMB01""}","[{""id"": 1284, ""label"": ""2025 N1 Christie Matheson""}]",NULL,[],[]
291280,album,Playground Time!,Here are some photos of the children during our playground time!,,,published,2025-01-29 04:34:19,2025-01-29 04:34:13,2025-01-29 04:34:19,NULL,"{""id"": 18, ""code"": ""OMB01""}","[{""id"": 1284, ""label"": ""2025 N1 Christie Matheson""}]",NULL,[],[]
291281,album,Christmas Craft: Painting a wreath ,"Elle was given a paper plate with a wreath outline and gold paint. She dipped her palm into the gold paint and proceeded to smudge it across the paper plate. Elle was curious about the colour of the paint, so she began smudging it on her hands and arms too. She had fun exploring the paint and engaging in the activity. This activity fosters interest in art and fine motor development 
",,,published,2025-01-31 10:49:01,2025-01-29 04:39:18,2025-01-31 10:49:01,NULL,"{""id"": 16, ""code"": ""MBS""}","[{""id"": 1376, ""label"": ""2025 Infant Joy""}]",NULL,[],[]
291282,album,Elle's Christmas photos,Merry Christmas from Baby Elle Helena <3,,,published,2025-01-31 10:49:22,2025-01-29 04:44:56,2025-01-31 10:49:21,NULL,"{""id"": 16, ""code"": ""MBS""}","[{""id"": 1376, ""label"": ""2025 Infant Joy""}]",NULL,[],[]
291283,album,English Speech and Drama,"During this session of Speech and Drama, the children joined Teacher Mark as they celebrated the Bear's Birthday! In drama land, the children brought some presents that they have chosen to give the bear and also had the opportunity to talk about some of their favourite birthday presents!",,,published,2025-01-29 04:51:16,2025-01-29 04:51:08,2025-01-29 04:51:15,NULL,"{""id"": 18, ""code"": ""OMB01""}","[{""id"": 1284, ""label"": ""2025 N1 Christie Matheson""}]",NULL,[],[]
291284,album,Chinese New Year Celebration!,"To welcome the Year of the Snake, we had a series of activities lined up for all children and families, including Chinese calligraphy, Chinese printing craft, Chinese paper cutting, arrow tossing and the Singapore favourite - Lou Hei. The children will also had simple dance performance prepared for the parents to watch. 

We hope you enjoyed the simple celebration we had and we wish all of you a Happy Chinese New Year! ",,,published,2025-01-29 05:09:57,2025-01-29 05:09:39,2025-01-29 05:15:15,NULL,"{""id"": 18, ""code"": ""OMB01""}","[{""id"": 1284, ""label"": ""2025 N1 Christie Matheson""}]",NULL,[],[]
291285,album,Looking at the mirror,"Jaius enjoyed looking at himself in the mirror. At times, he would laugh and smile as he looked at his own reflection. Jaius looked at the teacher through the reflection and smiled too! This activity develop sense of self and others. 
",,,published,2025-01-31 10:46:29,2025-01-29 06:05:15,2025-01-31 10:46:29,NULL,"{""id"": 16, ""code"": ""MBS""}","[{""id"": 1376, ""label"": ""2025 Infant Joy""}]",NULL,[],[]
291286,album,Pretend Lo Hei,"After our CNY celebration in the morning, we invited the children to their own pretend lo hei using scrap paper cut-outs to represent different ingredients from the traditional lo hei. The children enjoyed tossing and throwing everything around! Hope that makes our school year together full of luck! :P",,,published,2025-01-29 06:10:36,2025-01-29 06:10:28,2025-01-29 10:21:50,NULL,"{""id"": 18, ""code"": ""OMB01""}","[{""id"": 1284, ""label"": ""2025 N1 Christie Matheson""}]",NULL,[],[]
291290,album,Term 1 Week 5 Photos: CNY Orange craft,Children were provided with opportunities to make a CNY orange craft using orange and green playdough. The children explored making their playdough oranges more realistic by using the back of a thin paintbrush to make holey shapes that mimicked the bumpy texture.,,,published,2025-01-31 07:25:33,2025-01-29 09:40:35,2025-01-31 07:25:33,NULL,"{""id"": 20, ""code"": ""TMJ""}","[{""id"": 1403, ""label"": ""2025 N2 Florence""}]",NULL,[],[]
291291,album,Ready Steady Go: January Photos,Check out these photos from Ready Set Go- our new sports enrichment class from this month!,,,published,2025-01-31 07:26:01,2025-01-29 09:45:38,2025-02-21 07:22:08,NULL,"{""id"": 20, ""code"": ""TMJ""}","[{""id"": 1403, ""label"": ""2025 N2 Florence""}]",NULL,[],[]
291292,album,Mathstro: January Photos,Check out this album to see what the kiddos have been up to in our math enrichment class this month!,,,published,2025-01-31 07:26:39,2025-01-29 09:48:19,2025-01-31 07:26:39,NULL,"{""id"": 20, ""code"": ""TMJ""}","[{""id"": 1403, ""label"": ""2025 N2 Florence""}]",NULL,[],[]
291293,album,Octaves Music Class: January Photos ,Check out photos from our music enrichment class from the past month! This month's classes are based on the theme of toys!,,,published,2025-01-31 07:27:24,2025-01-29 09:56:39,2025-01-31 07:27:24,NULL,"{""id"": 20, ""code"": ""TMJ""}","[{""id"": 1403, ""label"": ""2025 N2 Florence""}]",NULL,[],[]
291294,album,Virtuoso Artist: January Photos,Check out this album to see what the kids have been doing in our art class this month!,,,published,2025-01-31 07:26:46,2025-01-29 09:56:46,2025-01-31 07:26:46,NULL,"{""id"": 20, ""code"": ""TMJ""}","[{""id"": 1403, ""label"": ""2025 N2 Florence""}]",NULL,[],[]
291295,post,Articles for January on Healthy Eating,"Hi mums and dads! We're sharing with you two articles on healthy eating which is perfect as we talked all about food in class this month of January. The early years is a crucial time for establishing healthy eating habits, and parents can help by being good role models, offering healthy food choices, and making mealtime enjoyable. Simple strategies like eating together as a family, introducing new foods without pressure, and educating children about nutrition can support lifelong healthy habits.

You can find the articles in PDF form under the Resources > Articles. Hope these will be helpful!",,,published,2025-01-29 11:28:06,2025-01-29 11:28:04,2025-01-29 11:28:05,NULL,"{""id"": 18, ""code"": ""OMB01""}","[{""id"": 1284, ""label"": ""2025 N1 Christie Matheson""}]",NULL,[],[]
291297,album,January Week 2 ,Octaves and Ready Steady Go Kids ,,,published,2025-01-29 23:04:13,2025-01-29 23:03:47,2025-01-29 23:04:12,NULL,"{""id"": 20, ""code"": ""TMJ""}","[{""id"": 1401, ""label"": ""2025 N1 Rosen""}]",NULL,[],[]
291298,album,January Week 2 Enrichment,Mathstro ,,,published,2025-01-29 23:06:19,2025-01-29 23:06:04,2025-01-29 23:06:19,NULL,"{""id"": 20, ""code"": ""TMJ""}","[{""id"": 1401, ""label"": ""2025 N1 Rosen""}]",NULL,[],[]
291299,album,January Week 2 ,13/1/25-17/1/25,,,published,2025-01-29 23:13:35,2025-01-29 23:12:17,2025-01-29 23:13:35,NULL,"{""id"": 20, ""code"": ""TMJ""}","[{""id"": 1401, ""label"": ""2025 N1 Rosen""}]",NULL,[],[]
291304,album,CNY celebration,The class celebrated CNY with various games and activities before having their lou hei and reunion lunch 😆,,,published,2025-01-30 02:01:49,2025-01-30 02:01:43,2025-02-09 04:16:23,NULL,"{""id"": 16, ""code"": ""MBS""}","[{""id"": 1382, ""label"": ""2025 Kindergarten 1 Gratitude""}]",NULL,[],[]
291316,album,第一学期 第四周- 蛇年作品：摇摆蛇,"活动目标：
1. 幼儿能使用铅笔、剪刀、马克笔等工具完成作品。
2. 幼儿能运用手工技巧制作自己的摇摆蛇。

活动介绍：
     蛇年到了，小朋友们用纸盘制作了一条摇摆蛇！他们先把彩色纸剪成一条条，贴在纸盘上装饰蛇的身体。接着，用铅笔画出蛇的脸和眼睛，再剪下来贴在纸盘的前方。摇一摇，蛇就能摆动起来啦！

",,,published,2025-02-04 11:20:58,2025-01-30 08:36:21,2025-02-04 11:20:58,NULL,"{""id"": 10, ""code"": ""DTE01""}","[{""id"": 1315, ""label"": ""2025 Kindergarten 1 Darwin""}]",NULL,[],[]
291322,album,January Week 4 Weekly Highlight: Painting with Ice Cubes!,"Objective: Foster an interest in art 

The children were invited to create their own colourful craft using ice cubes filled with food dye! As they moved the melting ice across the paper, they observed how the colours blended and spread. Some were especially fascinated by the cold sensation, taking time to touch and hold the ice cube, exploring it for a while before using it to paint. Others eagerly experimented with different strokes and pressure to create unique patterns—sliding the ice cube across the paper, knocking it gently, or leaving it stationary as they explored its texture. It was wonderful to see how each child engaged with the materials in their own way!",,,published,2025-01-31 05:52:02,2025-01-30 12:14:38,2025-01-31 05:52:02,NULL,"{""id"": 20, ""code"": ""TMJ""}","[{""id"": 1395, ""label"": ""2025 PG Kale""}]",NULL,[],[]
291324,album,January Week 4 Photo Album ,"27 Jan - 31 Jan 2025 

Enjoy these pictures :) ",,,published,2025-01-31 06:21:01,2025-01-30 13:10:33,2025-01-31 06:21:00,NULL,"{""id"": 20, ""code"": ""TMJ""}","[{""id"": 1395, ""label"": ""2025 PG Kale""}]",NULL,[],[]
291328,album,精彩活动 一月 第四周 彩虹伞游戏,"老师提供一个彩虹伞和皮球，老师邀请幼儿们共同拉着彩虹伞一角控制彩虹伞，在老师引导下，以不同的方式走圈，进出、抛起来上下，老师尝试在彩虹伞上放置皮球，大家一起将一起让皮球在彩虹伞里滚动，大家合作尽量保持球儿不会掉下来。
    通过与成人和同伴的互动、建立良好的关系，通过回应与互动，培养幼儿对成人的信任感，以实现婴幼儿有强烈的自我认同感[依恋、关系、幸福健康、自我概念、共享式注意力]的学习成果。",,,published,2025-01-31 13:14:45,2025-01-30 14:45:38,2025-01-31 13:14:45,NULL,"{""id"": 20, ""code"": ""TMJ""}","[{""id"": 1402, ""label"": ""2025 N1 Kelly""}]",NULL,[],[]
291329,album,Sorting by attributes ,"Children were tasked to sort out various manipulative via their attributes - size, colour, type, texture and etc along with their friend!",,,draft,2025-01-30 15:00:06,2025-01-30 15:00:01,2025-01-30 15:00:05,NULL,"{""id"": 16, ""code"": ""MBS""}","[{""id"": 1382, ""label"": ""2025 Kindergarten 1 Gratitude""}]",NULL,[],[]
291331,album,Rainmaker ,"The sound of the rattle captures Jaius's attention as the teacher shakes, rolls, and turns it over. He enjoys watching the colorful beads move through the translucent rattle. This allows him to practice visual awareness and eye-tracking too. Jaius attempted to touch the rattle when the teacher rolled towards him. This activity develops focus and concentration-sustained involvement.
",,,published,2025-01-31 10:45:25,2025-01-30 15:32:59,2025-01-31 10:45:24,NULL,"{""id"": 16, ""code"": ""MBS""}","[{""id"": 1376, ""label"": ""2025 Infant Joy""}]",NULL,[],[]
291332,album,Christmas Craft: Creating a wreath ,"Jaius was given a ziplock bag with a paper plate and dots of paint inside. He looked at it curiously before patting it. He enjoyed smudging the paint using his hands, arms, and body. This activity fosters his interest in art as well as his gross and fine motor development.







",,,published,2025-01-31 10:44:11,2025-01-30 15:41:26,2025-01-31 10:44:10,NULL,"{""id"": 16, ""code"": ""MBS""}","[{""id"": 1376, ""label"": ""2025 Infant Joy""}]",NULL,[],[]
291334,album,Christmas activity: Feet sensory ,"Jaius was placed lying on his back facing the wall with a Christmas garland hanging on it. The teacher hang it there to encourage him to use his feet to explore the texture. Jaius continued kicking his legs as he felt the different textures on his feet.






",,,published,2025-01-31 10:43:31,2025-01-30 15:45:35,2025-01-31 10:43:30,NULL,"{""id"": 16, ""code"": ""MBS""}","[{""id"": 1376, ""label"": ""2025 Infant Joy""}]",NULL,[],[]
291335,album,Jaius's Christmas Photos ,Merry Christmas from Baby Jaius <3,,,published,2025-01-31 10:44:53,2025-01-30 15:54:12,2025-01-31 10:44:52,NULL,"{""id"": 16, ""code"": ""MBS""}","[{""id"": 1376, ""label"": ""2025 Infant Joy""}]",NULL,[],[]
291337,album,Rubber rings ,"The teacher filled a zip lock bag with water and colorful rubber rings and placed it in front of Jaius while he lay on his tummy. She encouraged him to grab the rings and pat the bag. Jaius enjoyed watching, grabbing, and playing with it. He loves it when the teacher tapped the bag to make the water move and bubble. This activity foster fine motor skills.






",,,published,2025-01-31 10:46:46,2025-01-30 15:57:58,2025-01-31 10:46:46,NULL,"{""id"": 16, ""code"": ""MBS""}","[{""id"": 1376, ""label"": ""2025 Infant Joy""}]",NULL,[],[]
291339,album,Jaius's CNY photos ,Happy Chinese New Year from Baby Jaius!,,,published,2025-01-31 10:47:26,2025-01-30 16:09:59,2025-01-31 10:47:25,NULL,"{""id"": 16, ""code"": ""MBS""}","[{""id"": 1376, ""label"": ""2025 Infant Joy""}]",NULL,[],[]
291340,album,CNY craft: Year of the snake ,"Jaius was given a ziplock bag with a paper plate and dots of paint inside. He was curious with and look at it closely before patting it. Jaius enjoyed smudging the paint all over using his hands, arms, and body. This activity fostered his interest in art as well as his gross motor and fine motor development.
",,,published,2025-01-31 10:52:15,2025-01-30 16:15:13,2025-01-31 10:52:14,NULL,"{""id"": 16, ""code"": ""MBS""}","[{""id"": 1376, ""label"": ""2025 Infant Joy""}]",NULL,[],[]
291341,album,CNY activity: Grab the Ang Bao ,"The teacher hung four ang baos on a stick with strings and swung them above Jaius as he lay on the mat. Jaius was curious and reached out to grab them. He used his palm to aim and grasp the ang bao. Jaius also tried to bring it closer to him. This activity encourages him to reach for objects and toys around him







",,,published,2025-01-31 10:47:48,2025-01-30 16:20:05,2025-01-31 10:47:47,NULL,"{""id"": 16, ""code"": ""MBS""}","[{""id"": 1376, ""label"": ""2025 Infant Joy""}]",NULL,[],[]
291343,album,Weekly Highlight: Term 1 Week 4 ,"The children enthusiastically explored the topic Who Am I? by celebrating their individuality and unique strengths. Through the joyful song I Am Special and engaging discussions about their names, the children developed a profound appreciation for their distinct identities and the beauty of diversity among their peers.This week, they also learned the importance of collaboration and how combining their unique talents can lead to even greater accomplishments.",,,published,2025-01-30 23:13:31,2025-01-30 23:00:51,2025-01-30 23:13:30,NULL,"{""id"": 20, ""code"": ""TMJ""}","[{""id"": 1371, ""label"": ""2025 N2 Donaldson""}]",NULL,[],[]
291346,album,Weekly Album: Term 1 Week 4, Here are the photographs taken this week. ,,,published,2025-01-30 23:18:07,2025-01-30 23:17:54,2025-01-30 23:18:07,NULL,"{""id"": 20, ""code"": ""TMJ""}","[{""id"": 1371, ""label"": ""2025 N2 Donaldson""}]",NULL,[],[]
291348,album,Weekly Highlight; Term 1 Week 4,We enjoyed a game of 'Goalie Tag' this week!,,,published,2025-01-31 04:44:31,2025-01-31 00:54:34,2025-01-31 05:05:40,NULL,"{""id"": 20, ""code"": ""TMJ""}","[{""id"": 1433, ""label"": ""2025 K2 Robinson""}]",NULL,[],[]
291352,album,Term 1 Week 3,"Dear Parents,

The teacher introduced the activity, The Talent Story Challenge  by discussing how everyone has unique talents and can solve problems in different ways. Children were tasked to create a short illustrated storybook where the main character uses their talents to overcome a challenge. The teacher provided open-ended prompts, such as ""How would your talent help you solve a problem in the jungle?"" or ""How would you use your abilities to help a friend?"" Children used drawing and writing to create their stories, experimenting with words and pictures to communicate their ideas. Once the books were completed, children took turns presenting their stories in small groups.

For Math Mind, children were given various fabric samples (or images of patterns) such as stripes, florals, or geometric designs. They compared groups of fabrics based on attributes like “bright-colored with geometric shapes” versus “soft-textured with floral patterns.” They used these patterns as inspiration to create 3D collages using paper, fabric scraps, and glue. The children decided as a class to draw themselves on paper and use the pieces of fabric to make the clothes of their drawing. 

Guided Reading Book: My Tooth
Content words: tooth, loose,, Mum , Dad, Grandad, sister
Sight words: my ,is, I, will, get, your, out, said, no, do,  not, want, away

Phonics:
Consonant Blends  /dr/
Drip, drop, dry, draw, drill, drag, drum, drink

Digital Literacy:
Teacher showed  the children how to control the mouse to open (double clicking icons) and close (clicking X) programmes (Chrome and Zoom).
Children were given opportunities to do hands-on practice. 

Kind regards,
Teacher Karen
",,,published,2025-01-31 03:18:15,2025-01-31 02:52:57,2025-01-31 03:18:14,NULL,"{""id"": 5, ""code"": ""DTH01""}","[{""id"": 1405, ""label"": ""2025 Kindergarten 2 Risk-Takers""}]",NULL,[],[]
291361,album,Nature Bracelets!,"Fostering their interest and curiosity in the natural environment, the children picked up leaves or flowers during our outdoor nature walk to make their own nature bracelets. As they do so, they observed their shapes and colours.",,,published,2025-01-31 04:18:15,2025-01-31 04:18:05,2025-01-31 04:18:36,NULL,"{""id"": 16, ""code"": ""MBS""}","[{""id"": 1380, ""label"": ""2025 Nursery 1 Courage""}]",NULL,[],[]
291362,album,Self Help Skills - Throwing Rubbish,"As we focused on fostering the children's personal care skills and hygiene, we practiced throwing rubbish into a clean dustbin. By doing so, we helped them to cultivate a habit of using their feet instead of their hands to open the dustbin.
",,,published,2025-01-31 04:24:11,2025-01-31 04:24:00,2025-01-31 04:24:11,NULL,"{""id"": 16, ""code"": ""MBS""}","[{""id"": 1380, ""label"": ""2025 Nursery 1 Courage""}]",NULL,[],[]
291363,album,Lion Dance,"On Monday, the children performed Lion Dance to usher in the Lunar New Year. They took turns to move like a lion to the steady beat of their friends playing musical instruments.",,,published,2025-01-31 04:27:39,2025-01-31 04:27:25,2025-01-31 04:27:39,NULL,"{""id"": 16, ""code"": ""MBS""}","[{""id"": 1380, ""label"": ""2025 Nursery 1 Courage""}]",NULL,[],[]
291366,album,Weekly Highlight (Finger Family),January Week 4,,,published,2025-01-31 04:42:41,2025-01-31 04:42:28,2025-01-31 04:43:33,NULL,"{""id"": 20, ""code"": ""TMJ""}","[{""id"": 1397, ""label"": ""2025 PG Campbell""}]",NULL,[],[]
291368,album,一月第四周精彩活动,大大小小的杯子你能将它们按照大与小进行分类吗？快来看看我们的照片吧！,,,published,2025-01-31 04:46:20,2025-01-31 04:46:01,2025-01-31 04:46:20,NULL,"{""id"": 20, ""code"": ""TMJ""}","[{""id"": 1397, ""label"": ""2025 PG Campbell""}]",NULL,[],[]
291372,album,Activities of the Week!,January Week 4,,,published,2025-01-31 04:58:17,2025-01-31 04:57:42,2025-01-31 04:58:17,NULL,"{""id"": 20, ""code"": ""TMJ""}","[{""id"": 1397, ""label"": ""2025 PG Campbell""}]",NULL,[],[]
291373,album,Dip and Dig with Dippy Duck,"We met Dippy Duck and discovered that she does not quack, she makes the 'd' sound! We then dipped and dug our hands into a sensory tub and found a few things that begins with the 'd' sound. ",,,draft,2025-01-31 05:02:41,2025-01-31 05:02:30,2025-01-31 05:02:40,NULL,"{""id"": 18, ""code"": ""OMB01""}","[{""id"": 1286, ""label"": ""2025 N2 Kevin Henkes""}]",NULL,[],[]
291382,album,January week 4,Activities of the week!,,,published,2025-01-31 05:21:37,2025-01-31 05:20:54,2025-01-31 05:21:37,NULL,"{""id"": 20, ""code"": ""TMJ""}","[{""id"": 1402, ""label"": ""2025 N1 Kelly""}]",NULL,[],[]
291384,album,第一学期第四周精彩活动分享,"Objective(s)/目标:
幼儿能使用马克笔、铅笔、彩色铅笔等材料进行绘画。
幼儿能够通过故事、视频等加深了解新加坡庆祝华人农历新年的习俗及方式。
",,,published,2025-01-31 05:23:14,2025-01-31 05:22:59,2025-01-31 05:23:14,NULL,"{""id"": 20, ""code"": ""TMJ""}","[{""id"": 1433, ""label"": ""2025 K2 Robinson""}]",NULL,[],[]
291386,album,第一学期第四周活动更新,"尊敬的家长您好： 
这一周是第一学期的第四周。由于新年活动的安排，我们在这一周更多的是和幼儿体验新年的主题，绘本《菲菲生气了》 的课程活动将会在下周继续进行。
活动中教师为幼儿提供了很多关于新年主题的图片，和幼儿一起认识传统节日里面的一些习俗有哪些。幼儿在看到教师提供图片的时候，他们能够回忆说出自己的经历。例如，有的孩子说他们家里有橘子，家里有灯笼和对联，有的说他们会捞鱼生，有的说看到舞龙狮团队等等。
在幼儿讲述完自己的经历之后，幼儿会将自己的经历绘画出来，幼儿的绘画也接近于写实了，能够看出来他们画的主题是什么。
新年过后，家长向教师发送了一些幼儿在新年期间的趣事，教师把照片打印出来，幼儿很积极在同伴面前分享自己新年的活动，在这里感谢家长的分享。
下周将继续进行绘本《菲菲生气了》 的第五周学习，早期阅读第一本绘本也将进入实施阶段。
",,,published,2025-01-31 05:24:22,2025-01-31 05:23:48,2025-01-31 05:24:21,NULL,"{""id"": 5, ""code"": ""DTH01""}","[{""id"": 1406, ""label"": ""2025 Kindergarten 1 Inventors""}]",NULL,[],[]
291387,album,一月日记（27/01/2025_31/01/2025),一月第四周的照片来咯！快和爸爸妈妈一起来看看吧！,,,published,2025-01-31 05:25:42,2025-01-31 05:24:44,2025-01-31 05:25:41,NULL,"{""id"": 20, ""code"": ""TMJ""}","[{""id"": 1397, ""label"": ""2025 PG Campbell""}]",NULL,[],[]
291388,album,Enrichment,Octaves & Julia Gabriel,,,published,2025-01-31 05:27:08,2025-01-31 05:26:33,2025-01-31 13:03:21,NULL,"{""id"": 20, ""code"": ""TMJ""}","[{""id"": 1402, ""label"": ""2025 N1 Kelly""}]",NULL,[],[]
291395,album,Activities this week (Term 1 Week 4),27/1 - 31/1,,,published,2025-01-31 05:44:49,2025-01-31 05:43:12,2025-01-31 05:44:49,NULL,"{""id"": 20, ""code"": ""TMJ""}","[{""id"": 1433, ""label"": ""2025 K2 Robinson""}]",NULL,[],[]
291396,album,一月 第四周：捞鱼生,"活动目标：
通过适宜的触摸体验来发展婴幼儿的触觉


活动过程：
今天小朋友们和老师一起体验传统活动-捞鱼生，老师利用不同的纸假装鱼生的食材，鼓励小朋友一起抓握盘中的纸张后放开，一起大喊「huat ah!」，体验传统活动的乐趣，也在过程中不同纸类带来的触感.",,,published,2025-01-31 06:14:05,2025-01-31 05:45:23,2025-01-31 06:14:05,NULL,"{""id"": 10, ""code"": ""DTE01""}","[{""id"": 1310, ""label"": ""2025 Infant Mozart""}]",NULL,[],[]
291398,album,精彩瞬间（2025.1.27-1.31）,"请家长们欣赏本周精彩瞬间
",,,published,2025-01-31 05:51:11,2025-01-31 05:51:01,2025-01-31 05:51:10,NULL,"{""id"": 20, ""code"": ""TMJ""}","[{""id"": 1430, ""label"": ""2025 K1 Bright""}]",NULL,[],[]
291408,album,一月第四周（27/01 - 31/01）精彩活动 ,这是本周精彩活动的照片，请查看！,,,published,2025-01-31 06:03:22,2025-01-31 06:02:51,2025-01-31 06:03:22,NULL,"{""id"": 20, ""code"": ""TMJ""}","[{""id"": 1401, ""label"": ""2025 N1 Rosen""}]",NULL,[],[]
291409,album,一月第四周精彩活动,快和爸爸妈妈一起来看看我们的照片吧！,,,published,2025-01-31 06:04:56,2025-01-31 06:04:30,2025-01-31 06:04:56,NULL,"{""id"": 20, ""code"": ""TMJ""}","[{""id"": 1395, ""label"": ""2025 PG Kale""}]",NULL,[],[]
291451,album,第一学期第四周,1月27日-1月31日,,,published,2025-01-31 09:03:54,2025-01-31 09:02:03,2025-01-31 09:03:53,NULL,"{""id"": 20, ""code"": ""TMJ""}","[{""id"": 1433, ""label"": ""2025 K2 Robinson""}]",NULL,[],[]
291452,album,🎊HAPPY CHINESE NEW YEAR!!🧧🐍,"The infants celebrated Chinese New Year with fruits tossing and trying out different varieties of fruits! 
They exchanged oranges with each other as well! ",,,draft,2025-02-02 07:55:52,2025-01-31 09:03:46,2025-02-02 07:55:52,NULL,"{""id"": 16, ""code"": ""MBS""}","[{""id"": 1376, ""label"": ""2025 Infant Joy""}]",NULL,[],[]
291454,post,第一学期 第四周 巴西立公园踢球,"学习目标：
1. 通过踢足球和其他游戏，帮助孩子们提高协调性、灵活性和反应速度，培养基本的运动能力。
2. 通过与其他孩子的交流和互动，增强他们的社交技巧，学会如何轮流、共享和解决冲突。

学习过程：
今天我们将带领K2班的孩子们到公园进行一场充满乐趣的足球活动！孩子们将在愉快的氛围中踢球、玩游戏，既能锻炼身体，又能增进友谊。活动开始时，我们将通过简单的热身运动帮助孩子们做好准备，然后分成小组进行互动游戏，包括简单的传球、射门、接球等练习，让孩子们逐步掌握基本的足球技能。
另外我们还设计了彩虹伞指令游戏，小朋友们很有创意的玩起了“舞狮”表演。他们在放松和享受的氛围中，享受今天的阳光、草地，享受与朋友一起追逐的快乐。",,,published,2025-01-31 09:32:47,2025-01-31 09:25:11,2025-01-31 09:32:46,NULL,"{""id"": 10, ""code"": ""DTE01""}","[{""id"": 1316, ""label"": ""2025 Kindergarten 2 Elgar""}]",NULL,[],[]
291456,album,January Week 4: Weekly Highlight,Tape resist painting!,,,published,2025-01-31 09:40:29,2025-01-31 09:40:00,2025-01-31 09:40:28,NULL,"{""id"": 20, ""code"": ""TMJ""}","[{""id"": 1402, ""label"": ""2025 N1 Kelly""}]",NULL,[],[]
291459,album,华人新年庆祝会,-,,,published,2025-01-31 09:49:40,2025-01-31 09:49:25,2025-01-31 09:49:40,NULL,"{""id"": 20, ""code"": ""TMJ""}","[{""id"": 1403, ""label"": ""2025 N2 Florence""}]",NULL,[],[]
291460,post,一月 我们坐巴士一起去Carpark C,"最近，N1班的小朋友们体验了我们的巴士之旅！我们一起坐上巴士，前往巴西立公园Carpark C，享受了一段有趣的旅行。

在车上，有的孩子们观察车窗外的景色，路边的建筑、树木或动物，有的小朋友尝试与朋友聊天等等，我们也为小朋友们准备一些简单的游戏和互动，例如唱歌、数车轮、认颜色等，帮助孩子们度过愉快的车程。

到达公园草坪后，我们为孩子们准备了形状积木影子游戏和足球游戏。我们鼓励孩子们自由选择自己喜欢的游戏进行参与。

我们希望孩子们在游戏中提高他们对周围环境的好奇心以及观察力。",,,published,2025-01-31 09:51:12,2025-01-31 09:51:00,2025-01-31 09:51:12,NULL,"{""id"": 10, ""code"": ""DTE01""}","[{""id"": 1312, ""label"": ""2025 Nursery 1 Lois Ehlert""}]",NULL,[],[]
291461,album,精彩活动 -- 第一学期第四周,"27/01 -- 31/01/2024

      本周是N2 Donaldson 第一学期第四周,本周的主要内容是：教师引导幼儿重读绘本《鳄鱼怕怕，牙医怕怕》，认识字卡“蛀牙”，尝试使用工具 -- 放大镜和手电筒为朋友检查是否有蛀牙。同时我们也学习新的儿歌《鳄鱼一家爱刷牙》并配以相应的动作。在周五的华文拾趣活动中，询问孩子们如何庆祝华人新年，有的说吃橘子、有的说去阿公阿嬷家捞鱼生、还有的说爸爸妈妈给红包。看来孩子们度过了丰富的华人新年，在此祝您华人新年快乐！",,,published,2025-01-31 09:52:55,2025-01-31 09:52:33,2025-01-31 09:52:54,NULL,"{""id"": 20, ""code"": ""TMJ""}","[{""id"": 1371, ""label"": ""2025 N2 Donaldson""}]",NULL,[],[]
291472,album,华文拾趣 -华人新年,幼儿回顾并分享华人新年所见所闻，用绘画的形式记录下来，写出华人新年期间做了什么事情。,,,draft,2025-01-31 11:29:38,2025-01-31 11:29:29,2025-01-31 11:29:38,NULL,"{""id"": 18, ""code"": ""OMB01""}","[{""id"": 1287, ""label"": ""2025 K1 Jo Empson""}]",NULL,[],[]
291473,post,迎春树,漂亮的绒毛挂起来，一朵一朵盛开在树枝上，让我们一起迎接新年的到来吧,,,published,2025-01-31 11:52:03,2025-01-31 11:51:53,2025-01-31 11:52:03,NULL,"{""id"": 1, ""code"": ""DNI00""}","[{""id"": 1302, ""label"": ""2025 Infant Karen Katz""}]",NULL,[],[]
291474,album,翻身,加油，加油！我在很努力的做着翻身练习，我可以的！,,,published,2025-01-31 11:54:38,2025-01-31 11:54:24,2025-01-31 11:54:38,NULL,"{""id"": 1, ""code"": ""DNI00""}","[{""id"": 1302, ""label"": ""2025 Infant Karen Katz""}]",NULL,[],[]
291477,album,一月 第四周 活动集锦,这是本周部分活动的照片，请浏览！,,,published,2025-01-31 13:21:22,2025-01-31 13:20:41,2025-01-31 13:21:22,NULL,"{""id"": 20, ""code"": ""TMJ""}","[{""id"": 1402, ""label"": ""2025 N1 Kelly""}]",NULL,[],[]
291507,album,Weekly Update,"It was a short but exciting week for the little ones, as they had a blast exploring playdough with natural materials in the classroom. Since the weather was so nice, they also went up to the second floor to water the plants and played with a ball. Yay!

The children were also captivated by a musical story titled “We All Go Traveling By.” As they listened, some of the kids excitedly waved their hands and said “bye bye.”

Next Friday, we'll be going on our field trip to Splash-N-Surf! We encourage everyone to wear swimwear or clothes that are pool-friendly.

Happy Weekend everyone!",,,published,2025-02-01 08:25:07,2025-01-31 14:53:22,2025-02-01 08:25:06,NULL,"{""id"": 5, ""code"": ""DTH01""}","[{""id"": 1409, ""label"": ""2025 Playgroup Explorers""}]",NULL,[],[]
291519,album,周活动,"31/01/2025

  请查收K1 Bailey 本周的周活动。",,,published,2025-02-01 03:49:23,2025-02-01 03:49:17,2025-02-01 03:49:23,NULL,"{""id"": 20, ""code"": ""TMJ""}","[{""id"": 1404, ""label"": ""2025 K1 Bailey""}]",NULL,[],[]
291521,album,Family Tree Creation,nil,,,published,2025-02-01 04:42:49,2025-02-01 04:42:19,2025-02-01 04:42:48,NULL,"{""id"": 20, ""code"": ""TMJ""}","[{""id"": 1430, ""label"": ""2025 K1 Bright""}]",NULL,[],[]
291523,post,Word Families ,"Dear parents, the children were introduced to word families such as 'en', 'et', 'ed' and 'eg' in January. They practised blending the three-letter words to read them in class. You may refer to the list of words in the image to reinforce their ability to blend and read the words. Thank you!",,,published,2025-02-01 05:01:31,2025-02-01 05:01:30,2025-02-01 05:03:24,NULL,"{""id"": 18, ""code"": ""OMB01""}","[{""id"": 1287, ""label"": ""2025 K1 Jo Empson""}]",NULL,[],[]
291527,album,Chinese New Year Celebration 🍊🍊,"We had a joyful Chinese New Year celebration with the children in school. They were engaged in a sharing session, as we explored the significance of the festival together. The children eagerly exchanged mandarin oranges with their peers and grooving to Chinese New Year songs.

In the afternoon, we welcomed families to join in the festivities and children showcasing their dance performances.

",,,published,2025-02-01 06:33:11,2025-02-01 06:30:38,2025-02-06 05:55:56,NULL,"{""id"": 1, ""code"": ""DNI00""}","[{""id"": 1298, ""label"": ""2025 N2 Eric Carle""}]",NULL,[],[]
291530,album,Term 1 Week 4,"This short but eventful week was filled with music, creativity, and festive celebrations as we embraced the spirit of Chinese New Year. We started the week on a joyful note by singing a song about our uniqueness. The children explored rhythm and coordination by using percussion sticks to accompany the song, making it an engaging and interactive musical experience. This activity encouraged self-expression and reinforced the message that everyone is special in their own way.

We continued preparing for Chinese New Year by putting the finishing touches on our decorative snake. The children took pride in their creations, adding final details with care and excitement. Through this activity, they deepened their appreciation for festive traditions and symbolism.
Returning from the celebrations, we reflected on the things the children can do now, especially during Chinese New Year. During journal writing, they shared their thoughts through their drawings—whether it was giving mandarin oranges, receiving red packets, enjoying television programs with loved one or eating with extended family. This activity helped them recognise their growing independence and the special moments they experience during this time.

This week was a wonderful blend of music, creativity, and celebration. We look forward to more exciting learning experiences in the coming weeks!

Have a Lovely Weekend!!",,,published,2025-02-01 06:51:50,2025-02-01 06:51:39,2025-02-01 06:51:49,NULL,"{""id"": 5, ""code"": ""DTH01""}","[{""id"": 1407, ""label"": ""2025 Nursery 2 Reflectors""}]",NULL,[],[]
291531,album,Outdoor Walks,"Here are some photos of the children during our outdoor walks on Tuesday and Friday! Some of our little friends from playgroup joined us too! 

On Tuesday, we had the opportunity to reach the Merlion, which the children are always excited to see, sit and watch it for a while before heading back to school! On Friday, we walked along the river to enjoy the sunny but breezy day!",,,published,2025-02-01 07:06:39,2025-02-01 07:06:32,2025-02-01 07:06:39,NULL,"{""id"": 18, ""code"": ""OMB01""}","[{""id"": 1284, ""label"": ""2025 N1 Christie Matheson""}]",NULL,[],[]
291532,album,Red Packet Matching,"The children were invited to play a game of matching red packets! The packets were hidden behind their backs as they closed their eyes and as soon as they saw it, they had to find their friend that had the matching red packet. We played  the game for a few rounds and as we played, the children got better at it!",,,published,2025-02-01 07:19:25,2025-02-01 07:19:17,2025-02-01 07:19:24,NULL,"{""id"": 18, ""code"": ""OMB01""}","[{""id"": 1284, ""label"": ""2025 N1 Christie Matheson""}]",NULL,[],[]
291545,album,Parental Involvement,"As the children celebrate Chinese New Year with their families, we would love to request photos of the children participating in the festivities. These photos will be displayed in the classroom to help foster the children’s sense of self and identity.

Please feel free to send the photos via the parent chat, and don’t hesitate to include any brief descriptions of the activities.

Thank you for your support!",,,published,2025-02-01 13:08:05,2025-02-01 13:08:03,2025-02-11 23:23:33,NULL,"{""id"": 5, ""code"": ""DTH01""}","[{""id"": 1409, ""label"": ""2025 Playgroup Explorers""}]",NULL,[],[]
291546,post,大吉大利！,"在新加坡，春节期间人们会带两只桔子用一个漂亮的袋子装着登门拜年；双数有吉祥的寓意，两只代表着“好事成双”；而临走的时候，主人家也会回赠客人两只桔子。
老师带着橘子来到学校，向小朋友们展示橘子，介绍这一传统习俗，接着老师并引导小朋友们尝试拿住橘子说出新年祝福：“新年快乐，大吉大利！”",,,published,2025-02-01 13:42:49,2025-02-01 13:42:03,2025-02-01 13:42:49,NULL,"{""id"": 1, ""code"": ""DNI00""}","[{""id"": 1296, ""label"": ""2025 N1 Giles Andreae""}]",NULL,[],[]
291547,post,数一数，尝一尝,"老师给大家带来了橘子给小朋友们。首先，老师邀请小朋友们一起数一数橘子，看看有几个。小朋友们都看着老师的手指一个个点过橘子，跟着老师一起数数：“1，2，3，4，5……”有的小朋友还尝试自己用手指指着橘子来进行点数。接着，老师引导幼儿使用不同的感官来感受一下，小朋友们首先用鼻子闻了闻橘子的味道，，然后再鼓励大家自己动手剥橘子，尝一尝它的味道。小朋友们在老师的鼓励下都坚持自己剥开了橘子，体验到了亲手剥水果的乐趣。
在品尝过程中，小朋友们尝了一口，有的特别喜欢，开心地对老师说：“还要！”有的小朋友虽然不是很喜欢橘子的味道，但他们仍然在老师的鼓励下勇敢地进行了尝试，并且敢于表达自己的感受。老师鼓励大家勇于尝试不同的食物，每个人的口味都不一样，最重要的是不怕尝试，勇敢分享自己的体验！",,,published,2025-02-01 13:54:34,2025-02-01 13:51:07,2025-02-01 13:54:34,NULL,"{""id"": 1, ""code"": ""DNI00""}","[{""id"": 1296, ""label"": ""2025 N1 Giles Andreae""}]",NULL,[],[]
291548,album,20-24 Jan,"Hello Parents!

Last week, the children worked on a fun snake craft as part of our Chinese New Year celebration. We used an egg carton as the base for the snake, and the children painted it in their favourite colours, which ended up blending into a rainbow of hues! It was wonderful to see their creativity come to life. The children will bring home their crafts after the Chinese New Year celebration on 12th February.

We also read a book about Chinese New Year traditions, discussing customs like cleaning the house. We used this opportunity to remind the kids about cleaning up our classroom by returning toys after playtime. The children learned about the animals of the Chinese zodiac and how their craft represented this year’s animal. They also picked up the phrase “Xīnnián kuàilè” while practicing the gesture of bringing their hands together. ",,,published,2025-02-01 14:31:41,2025-02-01 14:29:59,2025-02-01 14:31:41,NULL,"{""id"": 5, ""code"": ""DTH01""}","[{""id"": 1408, ""label"": ""2025 Nursery 1 Engagers""}]",NULL,[],[]
291552,album,26-30 Jan,"Hello Parents!

Happy Chinese New Year! Wishing you all a prosperous year ahead!

Our snake craft has finally dried, and the children added eyes to their snakes using glue to stick it on the carton. They were so proud of their creations. We also revisited the book we read last week about Chinese traditions. To wrap up the activity, we played a fun game where the children had to find the red banners and “Fú” 福 signs around the school—and they spotted them all! We hope you liked the “Fú” decorations the children made with coloured pencil scribbles they brought in last Tuesday. 

We also revisited our lesson on big and small, and soft and hard concepts by using everyday items in the classroom. The children did very well by recalling the concepts and were able to identify and describe the objects!

Here are some photos of the children with the Chinese decorations, taken on New Year’s Eve.",,,published,2025-02-01 14:56:31,2025-02-01 14:56:02,2025-02-01 14:56:31,NULL,"{""id"": 5, ""code"": ""DTH01""}","[{""id"": 1408, ""label"": ""2025 Nursery 1 Engagers""}]",NULL,[],[]
291553,album,感受绘本《年》🏮,我们迎来农历新年，可是大家知道过年这个习俗是怎么来的吗？教师带领幼儿一起读一读这个绘本故事，有一个怪物叫作年，他会伤害和吓跑村子里面的人，可是有一个爷爷发现出现鞭炮声和红色的东西，年这个怪物会很害怕，最后这个怪物也被人们感染变成好的，不再伤害人们。以后的每一年这个时候，大家都会放鞭炮，贴年画，挂灯笼，吃团圆饭，全家人一起庆祝新年❤️❤️,,,draft,2025-02-01 14:58:43,2025-02-01 14:58:37,2025-02-01 14:58:42,NULL,"{""id"": 1, ""code"": ""DNI00""}","[{""id"": 1297, ""label"": ""2025 N1 Marcus Pfister""}]",NULL,[],[]
291556,post, Recapping words from the month of January,"In the month of January, the children were grouped and introduced to two different books - Dinnertime and My Tooth. 
Here are the words that they have learnt from the specific books! 
We highly encourage you to slip in some pocket of time to recap these words with the children! :) ",,,published,2025-02-01 15:08:14,2025-02-01 15:08:12,2025-02-01 15:08:13,NULL,"{""id"": 18, ""code"": ""OMB01""}","[{""id"": 1288, ""label"": ""2025 K2 Peter H.Reynolds""}]",NULL,[],[]
291559,album,交换橘子🍊大吉大利,"宝贝们带来了自己的两粒橘子,我们一起交换橘子,将好的 寓意传播给朋友~。教师先为幼儿示范如何赠送橘子,双手 拿好轻轻递给朋友,学会之后小朋友们非常主动找到自己的 橘子,赠送给朋友,宝贝们都很开心,希望我们每个人都接收到这份好运的祝福🥳，万事如意，大吉大利🍊",,,draft,2025-02-01 15:18:51,2025-02-01 15:18:39,2025-02-01 15:18:50,NULL,"{""id"": 1, ""code"": ""DNI00""}","[{""id"": 1297, ""label"": ""2025 N1 Marcus Pfister""}]",NULL,[],[]
291564,album,Term 1 Week 4: Journal Writing,"Learning Objectives: 

• To develop independence in journal writing by recalling and documenting personal experiences, including writing dates and responding to guided questions.

As we wrapped up our Lunar New Year celebrations, the children enthusiastically shared their holiday experiences! Many recounted visits to relatives' homes and the fun activities they enjoyed during the extended break.

To build independence in their journal writing, we encouraged the children to not only capture their thoughts but also write the date and answer specific reflection questions. It’s wonderful to see their growing confidence in expressing themselves through writing!

Date of activity: 31 January 2025
",,,published,2025-02-02 01:17:54,2025-02-02 01:17:49,2025-02-06 13:29:29,NULL,"{""id"": 10, ""code"": ""DTE01""}","[{""id"": 1316, ""label"": ""2025 Kindergarten 2 Elgar""}]",NULL,[],[]
291578,album,🧧CNY Activity: Peel the orange! 🍊 ,"Isaac was given orange to peel. While he was peeling the orange, he picked a slice and sniffed the orange before tasting it! ",,,draft,2025-02-02 07:54:45,2025-02-02 06:50:26,2025-02-02 07:54:44,NULL,"{""id"": 16, ""code"": ""MBS""}","[{""id"": 1376, ""label"": ""2025 Infant Joy""}]",NULL,[],[]
291579,album,🎊HAPPY CHINESE NEW YEAR! 🐍🧧,Isaac dressed up in his CNY clothes and explored the ornaments! ,,,draft,2025-02-02 07:54:33,2025-02-02 06:57:24,2025-02-02 07:54:32,NULL,"{""id"": 16, ""code"": ""MBS""}","[{""id"": 1376, ""label"": ""2025 Infant Joy""}]",NULL,[],[]
291580,album,🎊CNY Craft: Sponge stamping 🐍🎨,"Isaac was given a snake cut-out. The teacher encouraged him to dip the sponge in the paint and stamped it onto the snake. 
",,,draft,2025-02-02 07:54:56,2025-02-02 07:13:06,2025-02-02 07:54:55,NULL,"{""id"": 16, ""code"": ""MBS""}","[{""id"": 1376, ""label"": ""2025 Infant Joy""}]",NULL,[],[]
291582,album,🧧HAPPY CHINESE NEW YEAR!! 🐍🎊,Josiah dressed up in his CNY outfit and explored the ornaments.,,,draft,2025-02-02 07:55:08,2025-02-02 07:28:26,2025-02-02 07:55:07,NULL,"{""id"": 16, ""code"": ""MBS""}","[{""id"": 1376, ""label"": ""2025 Infant Joy""}]",NULL,[],[]
291583,album,🧧CNY Activity: Exploring orange! 🍊 ,The teacher peeled half of the orange and gave it to Josiah. Josiah began to explore the orange by picking up the orange peel to feel its texture.,,,draft,2025-02-02 07:55:20,2025-02-02 07:40:23,2025-02-02 07:55:20,NULL,"{""id"": 16, ""code"": ""MBS""}","[{""id"": 1376, ""label"": ""2025 Infant Joy""}]",NULL,[],[]
291584,album,🎊CNY Craft: Snake painting 🐍🎨,"The teacher placed the snake cut-out in a zip lock bag and added red and gold paint in it. Josiah spread the paint by grabbing the ziplock and tapping his hands on it! 
",,,draft,2025-02-02 07:55:37,2025-02-02 07:51:53,2025-02-02 07:55:36,NULL,"{""id"": 16, ""code"": ""MBS""}","[{""id"": 1376, ""label"": ""2025 Infant Joy""}]",NULL,[],[]
291586,album,T1W4活动,"这周，大家都被浓浓的节日气氛感染着。
读故事书《我最爱农历新年》，小朋友们了解了新加坡庆祝华人新年的各种方式和一系列的活动内容。
小朋友们在校园里欣赏新年的装饰，找“福”字。大家来到各个班级，看看其他班级庆祝新年的手工制作，并和他们一起学唱新年歌。
星期五，小朋友们过完华人新年回到学校，大家还沉浸在新年的气氛中，一起分享了节日活动。昊融说自己在大年初一去了六家拜年，初二去了两家拜年，天天都收到红包。子微说她到了六个红包，爸爸、妈妈、爷爷、奶奶，还有爸爸的同学给的红包。许恩说她过年期间邀请了小狗“袜子”的朋友，这个“朋友”还她家的地板上尿尿！......
总之，这周小朋友们都过的轻松、开心，都收到了很多红包!
祝小朋友们新年快乐，健康成长！",,,published,2025-02-02 09:15:48,2025-02-02 09:15:36,2025-02-02 09:15:47,NULL,"{""id"": 5, ""code"": ""DTH01""}","[{""id"": 1405, ""label"": ""2025 Kindergarten 2 Risk-Takers""}]",NULL,[],[]
291590,album,January Week 3 Weekly Highlight,"Throw the ball

The children fostered their gross motor skills when they attempted to aim and throw balls at a hanging hula hoop with the sticky side of the tape facing out. The sticky tape added a sensory element that was intriguing for the children. The texture of the tape as they threw balls towards it allowed them to engage their sense of touch. If the ball hits the tape, children might notice how the ball sticks to it (if it does), which introduce them to new tactile experiences.",,,published,2025-02-02 11:04:52,2025-02-02 11:04:25,2025-02-02 11:04:52,NULL,"{""id"": 20, ""code"": ""TMJ""}","[{""id"": 1401, ""label"": ""2025 N1 Rosen""}]",NULL,[],[]
291591,album,January Week 3,17/1/25- 21/1/25,,,published,2025-02-02 11:13:35,2025-02-02 11:12:07,2025-02-02 11:13:35,NULL,"{""id"": 20, ""code"": ""TMJ""}","[{""id"": 1401, ""label"": ""2025 N1 Rosen""}]",NULL,[],[]
291592,album,January Week 3 Enrichment,Mathstro,,,published,2025-02-02 11:17:16,2025-02-02 11:17:00,2025-02-02 11:17:15,NULL,"{""id"": 20, ""code"": ""TMJ""}","[{""id"": 1401, ""label"": ""2025 N1 Rosen""}]",NULL,[],[]
291596,album,蛇年画画,老师给幼儿蛇的剪纸和蜡笔，让幼儿把蛇涂成自己喜欢的颜色。,,,published,2025-02-02 11:59:59,2025-02-02 11:59:51,2025-02-02 11:59:59,NULL,"{""id"": 16, ""code"": ""MBS""}","[{""id"": 1376, ""label"": ""2025 Infant Joy""}]",NULL,[],[]
291597,album,新年快乐！,.,,,published,2025-02-02 12:03:28,2025-02-02 12:03:20,2025-02-02 12:03:28,NULL,"{""id"": 16, ""code"": ""MBS""}","[{""id"": 1376, ""label"": ""2025 Infant Joy""}]",NULL,[],[]
291598,album,蛇年画画,老师给幼儿蛇的剪纸和颜料，让幼儿把蛇涂成自己喜欢的颜色。,,,published,2025-02-02 12:06:15,2025-02-02 12:06:08,2025-02-02 12:06:14,NULL,"{""id"": 16, ""code"": ""MBS""}","[{""id"": 1376, ""label"": ""2025 Infant Joy""}]",NULL,[],[]
291599,album,新年快乐,"
.",,,published,2025-02-02 12:12:22,2025-02-02 12:12:11,2025-02-02 12:12:21,NULL,"{""id"": 16, ""code"": ""MBS""}","[{""id"": 1376, ""label"": ""2025 Infant Joy""}]",NULL,[],[]
291600,album,蛇年画画,老师给幼儿蛇的剪纸和颜料，让幼儿把蛇涂成自己喜欢的颜色。,,,published,2025-02-02 12:15:10,2025-02-02 12:14:55,2025-02-02 12:15:09,NULL,"{""id"": 16, ""code"": ""MBS""}","[{""id"": 1376, ""label"": ""2025 Infant Joy""}]",NULL,[],[]
291601,album,"Blessed 3rd Birthday, Gracie!","Blessed 3rd Birthday! You're growing so fast, and we're so proud of you. :) Here's to a year full of happiness, fun, and adventure! :)",,,published,2025-02-02 12:16:16,2025-02-02 12:15:44,2025-02-02 12:16:15,NULL,"{""id"": 20, ""code"": ""TMJ""}","[{""id"": 1401, ""label"": ""2025 N1 Rosen""}]",NULL,[],[]
291602,album,新年快乐,.,,,published,2025-02-02 12:18:52,2025-02-02 12:18:39,2025-02-02 12:18:51,NULL,"{""id"": 16, ""code"": ""MBS""}","[{""id"": 1376, ""label"": ""2025 Infant Joy""}]",NULL,[],[]
291604,album,户外游乐场,幼儿们对户外游乐场的一切事物都十分好奇，不停地玩着不同的游乐设施，活动为幼儿提供移动、翻滚和爬的空间和机会，以满足其发展的需要。,,,published,2025-02-02 12:23:48,2025-02-02 12:23:26,2025-02-02 12:23:48,NULL,"{""id"": 16, ""code"": ""MBS""}","[{""id"": 1376, ""label"": ""2025 Infant Joy""}]",NULL,[],[]
291606,album,Letterland - Clever Cat,"Children were introduced to the Letterlander, Clever Cat in Letterland. They tried to come up with words starting with letter c by listening to a short story about Clever Cat. Children also identified the letter sound, and learnt the formation of writing the letter c from the Clever Cat songs.",,,published,2025-02-02 13:12:14,2025-02-02 12:35:39,2025-02-02 13:12:14,NULL,"{""id"": 16, ""code"": ""MBS""}","[{""id"": 1381, ""label"": ""2025 Nursery 2 Love""}]",NULL,[],[]
291607,album,Emotion Sorting Garden,"Children created an ""Emotion Sorting Garden"" using the given coloured papers and a selected emotion of their choice. They also shared about a situation that make them feel the emotion that their flower represented. Children made their own flowers by drawing out one of their hands with a pencil on the coloured papers before the teacher helped them to cut it out. ",,,published,2025-02-02 13:12:46,2025-02-02 12:51:10,2025-02-02 13:12:46,NULL,"{""id"": 16, ""code"": ""MBS""}","[{""id"": 1381, ""label"": ""2025 Nursery 2 Love""}]",NULL,[],[]
291608,album,Shape and Size Match,Children were provided a tray with mix of items with different shapes and sizes. They were invited to work in groups to sort these items out in their matching shapes and sizes. ,,,published,2025-02-02 13:13:06,2025-02-02 13:01:11,2025-02-02 13:13:06,NULL,"{""id"": 16, ""code"": ""MBS""}","[{""id"": 1381, ""label"": ""2025 Nursery 2 Love""}]",NULL,[],[]
291609,album,Nature Walk,Some group photos taken for sharing while the children were out for a nature walk on the Eve of CNY :),,,published,2025-02-02 13:13:23,2025-02-02 13:09:46,2025-02-02 13:13:22,NULL,"{""id"": 16, ""code"": ""MBS""}","[{""id"": 1381, ""label"": ""2025 Nursery 2 Love""}]",NULL,[],[]
291615,album,每周活动分享,"亲爱的家长们，春节快乐！本周我们和宝贝们一起度过了充实又特别的一周，因为迎来了华人新年也就是春节，整个班级都洋溢着欢乐的氛围。

本周教师带领幼儿阅读了故事绘本《好忙的除夕》，通过生动有趣的画面和故事内容，帮助幼儿了解除夕的传统习俗。宝贝们听得津津有味，对过年的期待又增添了几分。此外，我们还组织幼儿进行角色扮演，拿着两个橘子互相拜年，说些吉祥话祝福语。宝贝们在这个过程中不仅锻炼了语言表达能力，还感受到了新年的欢乐氛围和传统习俗的魅力，增进了彼此之间的情感交流。

在心理社会方面，教师组织班级幼儿进行了有意识的集体游戏。教师准备了大张麻将纸和彩色印泥，带领幼儿一起玩手印画。孩子们对手印画充满了好奇和热情，纷纷用小手蘸上印泥，在纸上留下了自己独特的手印。然后，他们在自己手印旁边贴上自己的照片和名字。完成后，引导幼儿轮流找一找自己和同伴的手印。这个活动不仅锻炼了孩子们的观察能力和交往能力，还让他们在集体活动中体验到了合作的乐趣，增强了自信心和归属感。

我们也一起进行了户外散步活动，并在游乐场丢球和踢球，促进宝贝们粗大动作的发展。孩子们在户外尽情地奔跑、玩耍，享受着阳光和新鲜空气。丢球和踢球游戏让宝贝们的手眼协调能力和身体控制能力得到了锻炼，他们在游戏中欢笑、追逐，释放了满满的活力。

短暂的一周结束了，接下来我们将围绕“我和我的身体”展开精彩探索活动。我们会通过各种有趣的游戏和活动，帮助宝贝们进一步了解自己的身体，培养他们的自我意识和健康生活习惯。让我们一起期待宝贝们在下周的活动中能有更多的精彩表现吧！
",,,published,2025-02-02 15:13:50,2025-02-02 15:13:35,2025-02-02 15:13:50,NULL,"{""id"": 5, ""code"": ""DTH01""}","[{""id"": 1409, ""label"": ""2025 Playgroup Explorers""}]",NULL,[],[]
291626,album,一月第四周（27/01 - 31/01）其他活动 ,这是本周其他活动的照片，请查看！,,,published,2025-02-03 00:13:20,2025-02-03 00:12:40,2025-02-03 00:13:19,NULL,"{""id"": 20, ""code"": ""TMJ""}","[{""id"": 1401, ""label"": ""2025 N1 Rosen""}]",NULL,[],[]
291631,album,Weekly Highlight: Term 1 Week 5!,"This week, K2 Potter reviewed their learning on consonant blends, br, cr, dr and fr!",,,published,2025-02-04 08:21:22,2025-02-03 05:23:40,2025-02-04 08:21:21,NULL,"{""id"": 20, ""code"": ""TMJ""}","[{""id"": 1432, ""label"": ""2025 K2 Potter""}]",NULL,[],[]
291635,album,January Week 3: Chinese New Year Craft,"Learning Objective:
-Foster an interest in art (drawing, painting, modelling, collage work, etc.)

Children were invited to make a snake craft using paper roll and coloured shape cut out to decorate the “snake”. Children pasted the coloured shape on the paper roll. 

Date of activity:
23 January 2025 ",,,published,2025-02-03 06:04:21,2025-02-03 06:04:15,2025-02-04 05:04:16,NULL,"{""id"": 10, ""code"": ""DTE01""}","[{""id"": 1312, ""label"": ""2025 Nursery 1 Lois Ehlert""}]",NULL,[],[]
291636,album,January Week 4: Shape Hunt,"Learning Objective:
-Foster concept development basic to all mathematics by encouraging children to see likeness and differences in size, shape and texture 

Children were invited to look for objects of their choice in the classroom. Children were encouraged to talk about the shape of the object. Children then looked for shape outline in the classroom and place the shape in the shape box. Children then trace the shape by walking along the outline such as walking around the circle. 

Date of activity:
31 January 2025",,,published,2025-02-03 06:15:50,2025-02-03 06:15:45,2025-02-04 05:03:51,NULL,"{""id"": 10, ""code"": ""DTE01""}","[{""id"": 1312, ""label"": ""2025 Nursery 1 Lois Ehlert""}]",NULL,[],[]
291648,album,K2 Potter's Weekly Photos - February 3rd to February 7th,Here are some photos of the little ones from this week!,,,published,2025-02-05 04:05:19,2025-02-03 07:09:49,2025-02-05 04:05:19,NULL,"{""id"": 20, ""code"": ""TMJ""}","[{""id"": 1432, ""label"": ""2025 K2 Potter""}]",NULL,[],[]
291649,album,Term 1 Week 4,"Dear Parents,

The teacher set up a ""Talent Showcase Relay"" where children moved through stations representing different tasks that allowed them to display their abilities.

Station 1: Sports
Station 2: Art
Station 3: Reading and Writing
Station 4: Music

Each station was tied to a skill or interest commonly found in their lives.
Children worked in small teams to complete the tasks, encouraging collaboration and mutual appreciation for each other’s skills. The children commented that most of them love and are talented in music. They wanted the opportunity to be grouped by musical instruments and have a talent show, which they did as a conclusion to the activity.

The children listened attentively as the teacher read A Colour of His Own by Leo Lionni. After the story, they were invited to mix black and white with one color to discover shades and tints. They drew a chameleon and painted it in order from lightest to darkest.

Kind regards, 

Teacher Karen
",,,published,2025-02-03 07:31:09,2025-02-03 07:23:01,2025-02-03 07:31:09,NULL,"{""id"": 5, ""code"": ""DTH01""}","[{""id"": 1405, ""label"": ""2025 Kindergarten 2 Risk-Takers""}]",NULL,[],[]
291651,album,第一学期第四周 活动照片,"Hi 家长们好！

本周老师与幼儿一起复述故事，一起聆听歌曲《鳄鱼一家人》并与幼儿一起讨论为什么鳄鱼会蛀牙，幼儿们谈论了自己的观点：不可以吃糖果及吃完饼干后要刷牙等，幼儿们各抒已见非常积极，并学习了词语：蛀牙。老师引导幼儿了解照顾好个人健康是对自己负责任的行为。

我们起谈论关于华人新年的话题，并与幼儿分享故事《伊伊 新年快乐！》引导幼儿对华人新年初步了解和认识，并一起学习了新年祝福语：新年快乐！蛇年大吉！年年有余！等。

幼儿们继续使用剪刀尝试剪出自己的小蛇，并选择新春福字或者春字粘贴在华文拾趣本子上，然后进行创作新春画面。

幼儿们还通过照镜子观察自己的牙齿并尝试观察不同动物牙齿，然后尝试说一说有什么不同之处。",,,published,2025-02-03 07:50:39,2025-02-03 07:50:30,2025-02-03 07:54:04,NULL,"{""id"": 5, ""code"": ""DTH01""}","[{""id"": 1407, ""label"": ""2025 Nursery 2 Reflectors""}]",NULL,[],[]
291661,post,"""Hello everyone! My name is Ali!""","Hello everyone! My name is Ali and it’s my first day of school today. I am coping well in school and did some activities too. And most importantly, I finished my milk in school and my teacher said I did very well!
Let’s exchange smiles when we see each other! 😁

",,,published,2025-02-03 12:13:49,2025-02-03 12:13:46,2025-02-03 12:13:48,NULL,"{""id"": 1, ""code"": ""DNI00""}","[{""id"": 1302, ""label"": ""2025 Infant Karen Katz""}]",NULL,[],[]
291675,album,榨果汁,教师邀请幼儿使用榨汁工具制作橙汁。活动开始时，教师向幼儿讲解并示范操作步骤，一只手拿住橙子，将其放置在榨汁工具上，另一只手扶着工具固定工具。接着鼓励幼儿将拿橙子的手在工具上用力的左右转动，直到橙汁被榨出。最后，教师协助幼儿将榨出的果汁倒入杯子中，完成制作橙汁的活动。,,,published,2025-02-05 05:51:43,2025-02-04 04:51:44,2025-02-05 05:51:43,NULL,"{""id"": 18, ""code"": ""OMB01""}","[{""id"": 1284, ""label"": ""2025 N1 Christie Matheson""}]",NULL,[],[]
291686,album,一月 第四周 汤圆-团团圆圆,"学习目标:
1.锻炼幼儿的手部精细动作，通过揉、搓、捏体验动手制作的乐趣。
2.了解五色汤圆的制作过程及其象征意义，初步感知传统节日中的团圆文化。

学习过程：
教师示范将糯米粉与不同颜色的果蔬泥混合，慢慢加入温水，搅拌均匀后揉成面团。接着，教师示范如何从面团中掰出小块搓成圆形，幼儿动手操作，将彩色面团搓成不同大小的汤圆，每组幼儿将自己搓好的汤圆放入托盘里，煮熟后下午茶时间幼儿一起品尝汤圆。教师鼓励幼儿说一说，如味道怎么样？喜欢吃吗？幼儿会点头说喜欢。教师问下次还要自己做吗？幼儿也会点头表示还想要自己做。



此活动于星期一进行。",,,published,2025-02-04 05:43:57,2025-02-04 05:43:46,2025-02-04 05:43:57,NULL,"{""id"": 10, ""code"": ""DTE01""}","[{""id"": 1313, ""label"": ""2025 Nursery 1 Taro Gomi""}]",NULL,[],[]
291704,album,"Blessed 3rd Birthday, Emrys!","Happy 3rd Birthday, little one!  :) May your heart always be as big as your smiles, and may your world be filled with endless love and joy! :)",,,published,2025-02-04 06:44:25,2025-02-04 06:43:57,2025-02-04 06:44:24,NULL,"{""id"": 20, ""code"": ""TMJ""}","[{""id"": 1401, ""label"": ""2025 N1 Rosen""}]",NULL,[],[]
291705,album,Enrichment,"Octaves, Julia Gabriel",,,published,2025-02-04 06:48:42,2025-02-04 06:47:57,2025-02-04 12:57:34,NULL,"{""id"": 20, ""code"": ""TMJ""}","[{""id"": 1402, ""label"": ""2025 N1 Kelly""}]",NULL,[],[]
291708,album,纸杯绘画,教师邀请幼儿观察故事《艾玛的朋友》，说说自己喜欢哪个动物形象，选择自己喜欢的马克笔，在顶端透明的杯子上用马克笔涂鸦尝试画出自己喜欢的图案。,,,published,2025-02-04 07:02:51,2025-02-04 07:02:24,2025-02-04 07:02:51,NULL,"{""id"": 16, ""code"": ""MBS""}","[{""id"": 1379, ""label"": ""2025 Nursery 1 Grace""}]",NULL,[],[]
291709,album,投影,教师鼓励幼儿探索从杯子两边看过去的画面有什么不一样，引导幼儿用手电筒将自己纸杯上的画面照在墙面上，观察投影，说说上面自己都画了什么颜色，尝试将杯子调近调远观察投影的大小变化。,,,published,2025-02-04 07:11:49,2025-02-04 07:11:00,2025-02-04 07:11:48,NULL,"{""id"": 16, ""code"": ""MBS""}","[{""id"": 1379, ""label"": ""2025 Nursery 1 Grace""}]",NULL,[],[]
291710,album,过桥投圈挑战,教师鼓励幼儿以双脚跳的方式通过呼啦圈、走上椅子搭建的桥，并安全下来，站在直线上，将呼啦圈投掷到障碍锥上。,,,published,2025-02-04 07:15:53,2025-02-04 07:15:11,2025-02-04 07:15:52,NULL,"{""id"": 16, ""code"": ""MBS""}","[{""id"": 1379, ""label"": ""2025 Nursery 1 Grace""}]",NULL,[],[]
291716,album,第一堂华文戏剧才艺课,"今天小朋友们上了第一堂华文演讲与戏剧课，活动内容既有趣又富有挑战性。老师带来了《骄傲的的孔雀》故事，我们通过游戏和角色扮演，让孩子们在轻松愉快的氛围中，锻炼了他们的表达能力和自信心。
希望孩子们享受有趣的华文戏剧才艺课！",,,published,2025-02-04 09:32:41,2025-02-04 09:32:31,2025-02-04 09:45:39,NULL,"{""id"": 10, ""code"": ""DTE01""}","[{""id"": 1313, ""label"": ""2025 Nursery 1 Taro Gomi""}]",NULL,[],[]
291717,album,第一堂华文戏剧才艺课,"今天小朋友们上了第一堂华文演讲与戏剧课，活动内容既有趣又富有挑战性。老师带来了《骄傲的的孔雀》故事，我们通过游戏和角色扮演，让孩子们在轻松愉快的氛围中，锻炼了他们的表达能力和自信心。
希望孩子们享受有趣的华文戏剧才艺课！
",,,published,2025-02-04 09:40:18,2025-02-04 09:40:13,2025-02-04 09:46:08,NULL,"{""id"": 10, ""code"": ""DTE01""}","[{""id"": 1312, ""label"": ""2025 Nursery 1 Lois Ehlert""}]",NULL,[],[]
291730,album,January Week 4 Weekly Highlight,"This week, the children engaged in a fun activity where they were given various objects and encouraged to explore whether these objects could roll by pushing them off a ramp. As they experimented with different items, they observed whether the objects rolled or simply slid down the ramp. Through this hands-on activity, the children were encouraged to make predictions about which objects would roll and which would slide, developing early problem-solving and critical thinking skills.",,,published,2025-02-04 12:40:01,2025-02-04 12:39:40,2025-02-04 12:40:01,NULL,"{""id"": 20, ""code"": ""TMJ""}","[{""id"": 1401, ""label"": ""2025 N1 Rosen""}]",NULL,[],[]
291735,album,小蛇嘶嘶嘶,老师为幼儿介绍小蛇，并鼓励幼儿在圆圆的画纸上涂刷自己喜欢的颜色，之后老师鼓励幼儿粘贴喜欢的装饰材料（绒球、不同形状的彩色纸、亮片以及吸管等，在幼儿完成粘贴后，老师辅助幼儿将圆形纸剪开，变成一条小蛇的模样，完成小蛇的作品。过程中，鼓励幼儿说出：“小蛇”，并尝试发出“嘶嘶嘶”的声音等。,,,published,2025-02-04 13:53:53,2025-02-04 13:53:33,2025-02-04 13:53:53,NULL,"{""id"": 18, ""code"": ""OMB01""}","[{""id"": 1283, ""label"": ""2025 Playgroup Emma Dodd""}]",NULL,[],[]
291737,album,音乐课Octaves,幼儿与音乐课老师一起探索不同的乐器。,,,published,2025-02-04 14:04:37,2025-02-04 14:04:14,2025-02-04 14:04:36,NULL,"{""id"": 18, ""code"": ""OMB01""}","[{""id"": 1283, ""label"": ""2025 Playgroup Emma Dodd""}]",NULL,[],[]
291738,album,二月第一周：气泡膜触觉探索,"活动目标：
通过玩有回馈动作的玩具（如：按压一个会嘎嘎叫的玩具）、探索材料（如：吹泡泡）和阅读书籍等活动，初步发展婴幼儿对于因果关系的感知
活动过程：
老师将大块气泡膜（确保安全，无小部件），平铺在地面，让幼儿趴在气泡膜上，用手去触摸、抓握或拍打，感受表面的凹凸质感和按压时发出的声音。引导幼儿在气泡膜上爬行，体验身体与材料的接触变化。
对于月龄较大的幼儿，教师可让他们用脚踩气泡膜，感受脚底的触觉刺激，并观察幼儿的反应。过程中，教师可以用语言鼓励，如“听，噗噗的声音！”“你摸摸，软软的！”来增强幼儿的探索兴趣。
",,,published,2025-02-04 14:24:46,2025-02-04 14:21:56,2025-02-04 14:24:45,NULL,"{""id"": 10, ""code"": ""DTE01""}","[{""id"": 1310, ""label"": ""2025 Infant Mozart""}]",NULL,[],[]
291739,album,我们一起唱早安歌,在晨间活动时，老师带领幼儿一起唱早安歌，并鼓励幼儿尝试跟老师说“早安”，在老师点名时，鼓励幼儿在听到自己的名字后说出：“到。”并愿意和朋友一起将自己的照片粘贴到出席墙上。,,,published,2025-02-04 14:29:28,2025-02-04 14:29:21,2025-02-04 14:29:27,NULL,"{""id"": 18, ""code"": ""OMB01""}","[{""id"": 1283, ""label"": ""2025 Playgroup Emma Dodd""}]",NULL,[],[]
291740,album,华人新年——舞龙舞狮,老师为幼儿讲述华人新年的绘本故事，并出示与华人新年相关的物品（红包、福字、舞龙舞狮、橘子等），鼓励幼儿触摸探索，播放舞龙舞狮音乐，鼓励幼儿愿意尝试舞龙舞狮，感受华人新年的氛围。,,,published,2025-02-04 14:46:42,2025-02-04 14:45:59,2025-02-04 14:46:42,NULL,"{""id"": 18, ""code"": ""OMB01""}","[{""id"": 1283, ""label"": ""2025 Playgroup Emma Dodd""}]",NULL,[],[]
291741,album,华人新年庆祝,感谢家长们前来中心和幼儿们一起庆祝华人新年，新年快乐，祝愿大家，蛇年大吉，巳巳如意。,,,published,2025-02-04 14:54:49,2025-02-04 14:54:26,2025-02-04 14:54:49,NULL,"{""id"": 18, ""code"": ""OMB01""}","[{""id"": 1283, ""label"": ""2025 Playgroup Emma Dodd""}]",NULL,[],[]
291742,album,火山爆发小实验,小朋友们共同合作完成火山爆发的实验，尝试将不同材料放入火山实验模型中，观察放入材料后产生的现象，并用绘画的方式记录下来。,,,draft,2025-02-05 00:13:49,2025-02-05 00:13:13,2025-02-05 00:13:49,NULL,"{""id"": 18, ""code"": ""OMB01""}","[{""id"": 1287, ""label"": ""2025 K1 Jo Empson""}]",NULL,[],[]
291751,post,K1 Term 1 Week 5 Weekly Updates ,"For this week, children begun practicing rotating between the stations that consists of Listening/Speaking, Reading and Writing for their Guided Reading. Children were invited to all three stations as they rotate between the stations with teacher's reminders. They were involved in activities such as puppet talk, copying of letters as well as the introduction of the guided reading books with teacher. 

For Curious Work, children begun their preparation work for their take-home activity in Term 1 as they drew the various tasks that they can do to be 'Little Helpers' at home. 

Lastly, children had fun at Level 2 as they build castles with the big plastic Legos and enjoyed their usual activities such as tossing of balls and hula loops. ",,,published,2025-02-07 08:44:42,2025-02-05 03:01:42,2025-02-07 08:44:41,NULL,"{""id"": 5, ""code"": ""DTH01""}","[{""id"": 1406, ""label"": ""2025 Kindergarten 1 Inventors""}]",NULL,[],[]
291756,album,Plant observation,"The children observed the growth of the plants that they had planted previously in the classroom. We took a look at the leaves through the magnifying glass. Some of the children said the word, ""Leaves"" while pointing at the leaves of the plant. We also took the opportunity to observe bigger leaves and potted plants in school.",,,draft,2025-02-05 04:42:08,2025-02-05 04:41:59,2025-02-05 04:45:34,NULL,"{""id"": 1, ""code"": ""DNI00""}","[{""id"": 1295, ""label"": ""2025 PG Rod Campbell""}]",NULL,[],[]
291758,album,周活动 -- 第一学期第五周,这里是本周其他活动的照片，请您查收！,,,published,2025-02-05 05:15:51,2025-02-05 05:15:27,2025-02-05 05:17:52,NULL,"{""id"": 20, ""code"": ""TMJ""}","[{""id"": 1371, ""label"": ""2025 N2 Donaldson""}]",NULL,[],[]
291759,album,What Do I Hear? ,"The children explored their sense of hearing today by doing a blind listening challenge! Upon shaking the covered cups, they attempted to match the sounds they've heard to the materials shown to them. ",,,draft,2025-02-05 05:16:04,2025-02-05 05:15:48,2025-02-05 05:16:04,NULL,"{""id"": 18, ""code"": ""OMB01""}","[{""id"": 1286, ""label"": ""2025 N2 Kevin Henkes""}]",NULL,[],[]
291760,album,精彩活动 -- 第一学期第五周,"03/02 -- 07/02/2025

    本周是N2 Donaldson 第一学期第五周,本周的主要内容是：学习儿歌《刷牙歌》，复习儿歌《鳄鱼一家爱刷牙》，并认识词语：牙刷、牙膏、刷牙。为了增加幼儿学习华文的趣味性，我们展开了《踏石过河》游戏，帮助幼儿加深牙刷 、牙膏、刷牙这三个词语。老师询问幼儿在家里是怎么刷牙的？刷牙需要用到什么？然后学习刷牙的五个步骤 -- 牙刷、牙膏、挤牙膏、刷牙、漱口，并鼓励幼儿为刷牙步骤排序。",,,published,2025-02-05 05:31:27,2025-02-05 05:31:24,2025-02-05 05:35:06,NULL,"{""id"": 20, ""code"": ""TMJ""}","[{""id"": 1371, ""label"": ""2025 N2 Donaldson""}]",NULL,[],[]
291762,album,Chinese New Year Celebration ,Celebrating Chinese New Year in school!,,,published,2025-02-05 05:44:28,2025-02-05 05:42:30,2025-02-05 05:44:28,NULL,"{""id"": 18, ""code"": ""OMB01""}","[{""id"": 1286, ""label"": ""2025 N2 Kevin Henkes""}]",NULL,[],[]
291768,post,两只小鸟,"这是幼儿们这周学习的儿歌，爸爸和妈妈可以在家和幼儿们一起练习唱。

歌词：
兩只小鳥站在大樹上
它叫丁丁
它叫東東
丁丁飛走啦
東東飛走啦
丁丁回來吧
東東回來吧
",,https://youtu.be/Pk9SRje5i-U?feature=shared,published,2025-02-05 05:53:22,2025-02-05 05:53:21,2025-02-05 05:53:21,NULL,"{""id"": 18, ""code"": ""OMB01""}","[{""id"": 1284, ""label"": ""2025 N1 Christie Matheson""}]",NULL,[],[]
291773,album,第一学期 第五周 - 续编故事,"活动目标：
1.幼儿能根据自己的生活体验，对故事《奥莉薇》进行创编。
2.幼儿能在自制绘本上表达自己的想法，并绘制故事画面。

活动介绍：
小朋友们已经熟悉了《奥莉薇》的故事，这次他们要自己创作一本特别的《奥莉薇》绘本！老师给每位小朋友一张图画纸，他们先用剪刀剪出书的形状，再用胶带或订书机把纸张装订成一本小书。接着，小朋友们开始发挥想象力，改编或续编《奥莉薇》的故事，并在自制的绘本上画出自己创作的画面。",,,published,2025-02-10 06:23:07,2025-02-05 06:03:59,2025-02-10 06:23:06,NULL,"{""id"": 10, ""code"": ""DTE01""}","[{""id"": 1316, ""label"": ""2025 Kindergarten 2 Elgar""}]",NULL,[],[]
291779,post,Texture Collage,"This week, the children were introduced to texture collage, where they chose their favorite materials to create a collage. A variety of materials with different textures were provided, and the children were encouraged to touch and feel them. For example, some children described the felt as hairy, fuzzy, and rough, while they described the glitter paper as scratchy. Generally, the children were able to sort the textures by describing them as either smooth or rough.",,,draft,2025-02-07 06:01:46,2025-02-05 07:06:11,2025-02-07 06:01:46,NULL,"{""id"": 1, ""code"": ""DNI00""}","[{""id"": 1300, ""label"": ""2025 K1 David McKee""}]",NULL,[],[]
291781,album,Fishing 🎣 🐟 ,"The children were introduced to a fishing game where they held on the fishing rod to catch a fish. As they fished the coloured fishes, they were encouraged to name the colour of the fish they had caught. While doing so, the children were introduced to colours like orange, pink, blue, purple, green and yellow! Well done PGs! ",,,draft,2025-02-05 07:42:18,2025-02-05 07:42:07,2025-02-05 07:42:18,NULL,"{""id"": 1, ""code"": ""DNI00""}","[{""id"": 1295, ""label"": ""2025 PG Rod Campbell""}]",NULL,[],[]
291785,album,精彩活动《火山爆发小实验》——第一学期第五周,"03/02/2025——05/02/2025

  本周K1 Bailey的精彩活动从好奇乐和语言斗两个领域出发，教师通过展示火山爆发的图片，引导幼儿回忆和想象火山喷发的情景。随后，幼儿使用小苏打、醋等材料，在教师的引导下亲手制作模拟火山爆发的实验。实验过程中，幼儿观察到材料混合后产生的泡沫反应，并用绘画的方式记录实验现象和自己的发现。",,,published,2025-02-05 09:59:07,2025-02-05 09:58:24,2025-02-05 09:59:06,NULL,"{""id"": 20, ""code"": ""TMJ""}","[{""id"": 1404, ""label"": ""2025 K1 Bailey""}]",NULL,[],[]
291798,post,"""Animal Beads Threading""","Jovelle picked one of the animal beads from the tray and started to thread through the wooden needle. She manipulated the animal bead with her hand and searched for the little hole for her to thread through the wooden needle. She took a few tries before she could thread it in through the string and picked another animal bead to thread it in. When she did it again, she smiled excitedly and continued to thread the rest of the animal beads. This has helped her to strengthen her fine motor skills, improve eye-hand coordination and concentration skills.

",,,published,2025-02-05 13:30:34,2025-02-05 13:30:30,2025-02-05 13:30:34,NULL,"{""id"": 1, ""code"": ""DNI00""}","[{""id"": 1302, ""label"": ""2025 Infant Karen Katz""}]",NULL,[],[]
291799,post,"""Exploring with Textured Balls""","With a little wriggle and a grab, Ali slowly reached out for the textured balls. He watched the balls roll away and once he grabbed one of the textured balls, he chewed on the bumpy ball while pressing his face against the bumpy ball. He continued to explore by dribbling the bumpy ball with his little fingers. This has helped him to develop motor skills, control and coordination skills and receive sensory motor skills.
",,,published,2025-02-05 13:41:12,2025-02-05 13:41:07,2025-02-05 13:41:11,NULL,"{""id"": 1, ""code"": ""DNI00""}","[{""id"": 1302, ""label"": ""2025 Infant Karen Katz""}]",NULL,[],[]
291800,album,课外课活动,数学课、体育课部分照片，请浏览！,,,published,2025-02-05 13:45:45,2025-02-05 13:45:20,2025-02-05 13:50:14,NULL,"{""id"": 20, ""code"": ""TMJ""}","[{""id"": 1402, ""label"": ""2025 N1 Kelly""}]",NULL,[],[]
291801,post,"""Walking with Bubble Wrap""","With a unique textile experience with its bumpy texture, Jovelle walked around the classroom with her friends with her foot wrapped with a bubble wrap. While exploring the texture with the bubble wrap on her foot, it gave a different feeling and she started walking slowly and when she continued to walk, she heard some popping sound on her foot. She checked her foot and observed her friends reaction by looking at them sitting on the floor checking their feet. 
",,,published,2025-02-05 13:54:11,2025-02-05 13:54:06,2025-02-05 13:54:10,NULL,"{""id"": 1, ""code"": ""DNI00""}","[{""id"": 1302, ""label"": ""2025 Infant Karen Katz""}]",NULL,[],[]
291802,post,"""Peek and Roar!""","While looking at the bright coloured pictures in the book, Ali grabbed it with his hands and tapped the book gently to explore. And, he busily grabbed the pages of the book and looked at the different pictures. When the educarer made some roaring sounds, he looked up and made eye contact with the educarer and continued to explore the book.
",,,published,2025-02-05 14:01:23,2025-02-05 14:01:18,2025-02-05 14:01:22,NULL,"{""id"": 1, ""code"": ""DNI00""}","[{""id"": 1302, ""label"": ""2025 Infant Karen Katz""}]",NULL,[],[]
291816,album,二月第一周：探索自然环境：木,"活动目标：初步培养对自然环境的感知与理解
活动过程：老师向幼儿讲解自然环境的重要组成，今天着重讲解：木，和有关木的作用：支撑，搭建，制作乐器。老师让幼儿触摸木棍还有木片，用木棍敲击木片，敲击的声音让幼儿产生好奇并模仿，活动中幼儿表现出浓厚的探索兴趣。",,,draft,2025-02-05 23:02:22,2025-02-05 23:02:18,2025-02-05 23:02:21,NULL,"{""id"": 10, ""code"": ""DTE01""}","[{""id"": 1310, ""label"": ""2025 Infant Mozart""}]",NULL,[],[]
291817,album,January Week 4,27/1/25-31/1/25,,,published,2025-02-05 23:52:38,2025-02-05 23:52:10,2025-02-05 23:52:37,NULL,"{""id"": 20, ""code"": ""TMJ""}","[{""id"": 1401, ""label"": ""2025 N1 Rosen""}]",NULL,[],[]
291818,album,February Week 1 Weekly Highlight,"The children were excited as they were given pipettes to transfer vinegar from a cup onto baking soda in a container. As they carefully squeezed the vinegar onto the baking soda, it fizzed and bubbled, creating a fun and surprising reaction. After the fizzing settled down, a picture appeared at the bottom of the container. The children eagerly looked at the image and were encouraged to identify the different food e.g. pastries, cake and sandwich that were revealed. It was a fun and engaging way for them to observe a science experiment while also learning about different types of food.",,,published,2025-02-05 23:54:30,2025-02-05 23:54:04,2025-02-05 23:54:30,NULL,"{""id"": 20, ""code"": ""TMJ""}","[{""id"": 1401, ""label"": ""2025 N1 Rosen""}]",NULL,[],[]
291819,album,February Week 1 (Part 1),3/2/25-7/2/25,,,published,2025-02-06 14:14:19,2025-02-06 00:10:15,2025-02-06 14:14:19,NULL,"{""id"": 20, ""code"": ""TMJ""}","[{""id"": 1401, ""label"": ""2025 N1 Rosen""}]",NULL,[],[]
291828,album,N1 Lois Ehlert’s First Field Trip to the Theatre Show: The Very Hungry Caterpillar,"N1 Lois Ehlert class went on their first field trip to watch The Very Hungry Caterpillar theatre show. The performance featured four of Eric Carle’s well-loved stories—The Very Hungry Caterpillar, Brown Bear, Brown Bear, What Do You See?, 10 Little Rubber Ducks, and The Very Busy Spider.

The children were excited as they took their seats and watched the colourful puppets bring the stories to life. They pointed out familiar characters, named animals, and followed the stories with great focus. There was lively interaction between the children and the performance as they responded to the show with joy and curiosity.

It was a wonderful first theatre experience and children returned to school buzzing with excitement, talking about their favourite parts of the show.",,,published,2025-02-06 05:05:31,2025-02-06 05:05:21,2025-02-06 05:05:30,NULL,"{""id"": 10, ""code"": ""DTE01""}","[{""id"": 1312, ""label"": ""2025 Nursery 1 Lois Ehlert""}]",NULL,[],[]
291829,album,February Week 1: Here are my hands ,"Learning Objective 
Foster problem solving during independent and group activities (puzzles, sequencing activities etc)

During outdoor time, children participated in gross motor activities after listening to the story book “Here are my hands”. 

Children identified the things they could do with their hands such as throwing balls. 

Date of activity: 2 February 2025 ",,,published,2025-02-06 05:13:23,2025-02-06 05:13:19,2025-02-14 05:34:03,NULL,"{""id"": 10, ""code"": ""DTE01""}","[{""id"": 1312, ""label"": ""2025 Nursery 1 Lois Ehlert""}]",NULL,[],[]
291837,album,第一学期 第五周- 火山爆发实验,"活动目标：
1. 幼儿能说出自己对火山爆发实验的了解和发现。
2. 幼儿通过视频和实验，初步认识火山爆发的原因和过程。

活动介绍：

      在《菲菲生气了》绘本中，菲菲生气的情绪像火山一样爆发。为了延伸故事内容，这周小朋友们一起探索了火山！大家先观看了火山爆发的视频，观察火山喷发时的景象，并讨论了火山是如何爆发的。

      接着，我们开始动手制作自己的“火山”——小朋友们用胶带把纸杯固定在纸盘上，再用纸张装饰成火山的样子。最后，我们在纸杯里加入小苏打、红色食用色素，再倒入醋……“火山”爆发啦！

",,,published,2025-02-10 06:29:33,2025-02-06 05:46:17,2025-02-10 06:29:32,NULL,"{""id"": 10, ""code"": ""DTE01""}","[{""id"": 1315, ""label"": ""2025 Kindergarten 1 Darwin""}]",NULL,[],[]
291843,album,Weekly Highlight: Term 1 Week 5 ,"This week, the children embarked on an exciting artistic journey as they explored the world of self-portraits through watercolours. Each child was given a mirror to observe and appreciate their unique facial features, sparking a lively discussion about individuality and self-expression. They skillfully painted the background of their portraits with watercolors, bringing their creative visions to life. Additionally, the children were introduced to the use of scissors, carefully cutting strips of colorful paper to craft hair for their portraits. This activity not only honed their artistic abilities but also encouraged fine motor skills and self-awareness, culminating in a beautiful display of creativity and personal expression.
",,,published,2025-02-06 06:54:16,2025-02-06 05:57:27,2025-02-06 06:54:16,NULL,"{""id"": 20, ""code"": ""TMJ""}","[{""id"": 1371, ""label"": ""2025 N2 Donaldson""}]",NULL,[],[]
291851,album,精彩活动：第一学期 第五周,请家长们查阅本周精彩活动！,,,published,2025-02-06 06:11:00,2025-02-06 06:10:10,2025-02-06 06:10:59,NULL,"{""id"": 20, ""code"": ""TMJ""}","[{""id"": 1432, ""label"": ""2025 K2 Potter""}]",NULL,[],[]
291854,album,This is me!,"As part of the children's continued discovery of their self identity and special qualities, this week, they explored facial features and created self portraits using a variety of art mediums. They were first invited to observe their features through a mirror, then draw out their faces using markers. After the children completed their drawings, they were provided with playdough to create the elements of their facial features, which they then added onto their self portraits - making their artwork 3-dimensional and more colourful!",,,draft,2025-02-06 06:20:24,2025-02-06 06:18:11,2025-02-06 06:20:24,NULL,"{""id"": 1, ""code"": ""DNI00""}","[{""id"": 1298, ""label"": ""2025 N2 Eric Carle""}]",NULL,[],[]
291857,album,二月第一周（03/02 - 07/02）精彩活动 ,这是本周精彩活动的照片，请查看！,,,published,2025-02-06 06:32:14,2025-02-06 06:31:25,2025-02-06 06:32:13,NULL,"{""id"": 20, ""code"": ""TMJ""}","[{""id"": 1401, ""label"": ""2025 N1 Rosen""}]",NULL,[],[]
291863,album,Thinkerbox,"This week, at their very first Thinkerbox class, the N2 children met their new teachers and were introduced to some of the ground rules for their Thinkerbox lessons. The children were curious about the new adults in their class, and eagerly participated in the interesting brain games that they had brought! ",,,published,2025-02-06 06:42:54,2025-02-06 06:42:01,2025-02-06 11:21:49,NULL,"{""id"": 1, ""code"": ""DNI00""}","[{""id"": 1298, ""label"": ""2025 N2 Eric Carle""}]",NULL,[],[]
291867,album,精彩活动 : 第一学期第五周 (刷牙步骤排序),-,,,published,2025-02-07 05:15:19,2025-02-06 06:44:01,2025-02-07 05:15:18,NULL,"{""id"": 20, ""code"": ""TMJ""}","[{""id"": 1403, ""label"": ""2025 N2 Florence""}]",NULL,[],[]
291868,album,Term 1 Week 5: Family Hopscotch Activity,"Objectives:
1) Children will explore a creative twist on a familiar game.
2) Children will identify and discuss the printed words on the hopscotch grids.

In this activity, the traditional hopscotch grid were replaced with grids labeled with family-related activities instead of numbers (e.g., “Cooking,” “Playing Games,” “Gardening,” “Reading Together,” “Going to the Park”). 
The children then took turns picking a number and then hopped to the grid of the corresponding number. When they landed on a grid, the children attempted to read or recognize the word and match the words to the corresponding picture. To make the game more interactive, the children were also encouraged to act out or explain how their family does that activity. This activity encourages the children to try a new way of playing hopscotch, practice reading and recognizing words related to family life, and collaborate to manage turn taking and decisions about the game’s rules. 

This activity was conducted on the 3rd of February 2025.",,,published,2025-02-06 06:52:26,2025-02-06 06:50:10,2025-02-06 10:48:54,NULL,"{""id"": 10, ""code"": ""DTE01""}","[{""id"": 1315, ""label"": ""2025 Kindergarten 1 Darwin""}]",NULL,[],[]
291870,album,牙齿歌,-,,,published,2025-02-07 05:16:05,2025-02-06 06:52:26,2025-02-07 05:16:05,NULL,"{""id"": 20, ""code"": ""TMJ""}","[{""id"": 1403, ""label"": ""2025 N2 Florence""}]",NULL,[],[]
291873,album,"Ready, Steady, Go Kids (T1W5)",本周，孩子们和教师们一起玩了三个新的游戏，他们都非常地喜欢，请欣赏！,,,published,2025-02-06 06:57:49,2025-02-06 06:57:09,2025-02-06 06:57:48,NULL,"{""id"": 20, ""code"": ""TMJ""}","[{""id"": 1433, ""label"": ""2025 K2 Robinson""}]",NULL,[],[]
291875,album,Term 1 Week 5 Photos: Eagle and Chicks,"During this week's outdoor time, we got to play a game of 'Eagle and Chicks' where the Eagle has to catch the sashes of the Chicks in this fun rendition of catching!",,,published,2025-02-07 05:13:55,2025-02-06 07:01:23,2025-02-07 05:13:54,NULL,"{""id"": 20, ""code"": ""TMJ""}","[{""id"": 1403, ""label"": ""2025 N2 Florence""}]",NULL,[],[]
291879,album,Octaves Music (T1W5),请欣赏孩子们参与活动时光！,,,published,2025-02-06 07:23:16,2025-02-06 07:22:52,2025-02-06 07:23:15,NULL,"{""id"": 20, ""code"": ""TMJ""}","[{""id"": 1433, ""label"": ""2025 K2 Robinson""}]",NULL,[],[]
291880,album,"Ready, Steady, Go!","05/02/2025

  请查收本周K1 Bailey的Ready,Steady,Go!活动照片。",,,published,2025-02-06 08:41:15,2025-02-06 08:40:56,2025-02-06 08:41:14,NULL,"{""id"": 20, ""code"": ""TMJ""}","[{""id"": 1404, ""label"": ""2025 K1 Bailey""}]",NULL,[],[]
291881,album,Our Music Studio Octaves,"04/02/2025

  请查收本周的Our Music Studio Octaves活动照片。",,,published,2025-02-06 08:48:00,2025-02-06 08:47:19,2025-02-06 08:48:00,NULL,"{""id"": 20, ""code"": ""TMJ""}","[{""id"": 1404, ""label"": ""2025 K1 Bailey""}]",NULL,[],[]
291886,album,Numicon Chalk Sort,"Expanding on their knowledge of sorting, the children were invited to sort numicons by their colours, this time into sections drawn out of chalk. After successfully sorting the numicons with little guidance, the children experienced drawing with chalk to decorate the coloured sections. Some of the children even used the numicons as a shape they could trace around.",,,draft,2025-02-06 10:26:54,2025-02-06 10:25:40,2025-02-06 10:26:54,NULL,"{""id"": 1, ""code"": ""DNI00""}","[{""id"": 1298, ""label"": ""2025 N2 Eric Carle""}]",NULL,[],[]
291888,album,Zev and Daron's Birthday Celebration,"Last Friday, Zev and Daron had a joint celebration.
However, Zev was unable to attend school that day, so he generously shared the Pokémon-design cupcakes from Butter Studio with his friends!
Daron also had a Pokémon cake from Take-a-Bake.

We would like to wish the boys the happiest 5th birthday!",,,published,2025-02-06 10:56:07,2025-02-06 10:56:00,2025-02-06 10:56:06,NULL,"{""id"": 10, ""code"": ""DTE01""}","[{""id"": 1315, ""label"": ""2025 Kindergarten 1 Darwin""}]",NULL,[],[]
291889,album,精彩活动——第一学期第五周,"亲爱的家长们：
  你们好！
  本周K1 Bright的精彩活动从好奇乐和语言斗两个领域出发，教师通过展示火山爆发的图片，引导幼儿回忆和想象火山喷发的情景。随后，幼儿使用小苏打、醋等材料，在教师的引导下亲手制作模拟火山爆发的实验。实验过程中，幼儿观察到材料混合后产生的泡沫反应，并用绘画的方式记录实验现象和自己的发现。
  请查收幼儿们的精彩瞬间！",,,published,2025-02-06 11:40:10,2025-02-06 11:39:40,2025-02-06 11:40:10,NULL,"{""id"": 20, ""code"": ""TMJ""}","[{""id"": 1430, ""label"": ""2025 K1 Bright""}]",NULL,[],[]
291890,album,We're Signing In,nil,,,published,2025-02-06 11:45:21,2025-02-06 11:45:05,2025-02-06 11:45:20,NULL,"{""id"": 20, ""code"": ""TMJ""}","[{""id"": 1430, ""label"": ""2025 K1 Bright""}]",NULL,[],[]
291891,album,I'm 5!,"Blessed birthday to you! Wishing you a wonderful day filled with love and happiness. May this year bring you joy, learning, and special moments that make you smile. Thank you for celebrating your day with us :) ",,,published,2025-02-06 11:52:22,2025-02-06 11:52:06,2025-02-06 11:52:22,NULL,"{""id"": 20, ""code"": ""TMJ""}","[{""id"": 1430, ""label"": ""2025 K1 Bright""}]",NULL,[],[]
291892,album,Weekly Highlight: Term 1 Week 5 (Sorting Shapes with Playdough Art),-,,,published,2025-02-07 05:13:58,2025-02-06 12:18:31,2025-02-07 05:13:57,NULL,"{""id"": 20, ""code"": ""TMJ""}","[{""id"": 1403, ""label"": ""2025 N2 Florence""}]",NULL,[],[]
291893,album,精彩活动 二月 第一周杯子搬家,"       教师将呼啦圈排成一行，再将杯子放在呼啦圈的一侧的胶带上，鼓励幼儿顺序跳入前面的呼啦圈，并将杯子从一侧放到另一侧的胶带上。
       通过活动发展幼儿的粗大动作，从而实现婴幼儿身体健康，并掌握控制身体的能力[感知动作 - 精细动作和粗大动作]的学习成果。
 ",,,published,2025-02-07 05:46:53,2025-02-06 12:34:33,2025-02-07 05:46:53,NULL,"{""id"": 20, ""code"": ""TMJ""}","[{""id"": 1402, ""label"": ""2025 N1 Kelly""}]",NULL,[],[]
291894,album,二月 第一周 活动集锦,这是本周部分活动的照片，请浏览！,,,published,2025-02-07 05:45:51,2025-02-06 12:41:38,2025-02-07 05:45:51,NULL,"{""id"": 20, ""code"": ""TMJ""}","[{""id"": 1402, ""label"": ""2025 N1 Kelly""}]",NULL,[],[]
291895,album,Term 1 Week 5 Weekly Highlight,Family Hop,,,published,2025-02-06 12:44:11,2025-02-06 12:43:50,2025-02-06 12:44:10,NULL,"{""id"": 20, ""code"": ""TMJ""}","[{""id"": 1430, ""label"": ""2025 K1 Bright""}]",NULL,[],[]
291896,album,二月日记（3/2/2025-7/2/2025）,快和爸爸妈妈一起来看看我们的照片吧！,,,published,2025-02-07 12:14:52,2025-02-06 12:49:31,2025-02-07 12:14:52,NULL,"{""id"": 20, ""code"": ""TMJ""}","[{""id"": 1395, ""label"": ""2025 PG Kale""}]",NULL,[],[]
291899,album,Numicon Feel and Math,nil,,,published,2025-02-06 13:09:49,2025-02-06 13:08:47,2025-02-08 08:47:55,NULL,"{""id"": 20, ""code"": ""TMJ""}","[{""id"": 1430, ""label"": ""2025 K1 Bright""}]",NULL,[],[]
291905,album,February Week 1 (Part 2),3/2/25-7/2/25,,,published,2025-02-06 14:21:23,2025-02-06 14:20:08,2025-02-06 14:21:22,NULL,"{""id"": 20, ""code"": ""TMJ""}","[{""id"": 1401, ""label"": ""2025 N1 Rosen""}]",NULL,[],[]
291911,album,Weekly Album: Term 1 Week 5 ,Here are some photographs taken this week. ,,,published,2025-02-06 15:17:21,2025-02-06 15:10:11,2025-02-06 15:17:20,NULL,"{""id"": 20, ""code"": ""TMJ""}","[{""id"": 1371, ""label"": ""2025 N2 Donaldson""}]",NULL,[],[]
291915,post,Shaker bottle,"“As I can now sit upright on my own with a little support. My educarer told me that each bottle contains beads, bells, or buttons, and shaking them creates different sounds.”",,,published,2025-02-06 23:09:25,2025-02-06 23:09:22,2025-02-06 23:09:24,NULL,"{""id"": 1, ""code"": ""DNI00""}","[{""id"": 1302, ""label"": ""2025 Infant Karen Katz""}]",NULL,[],[]
291916,post,Red painted lantern ,“I’m comfortable touching the red paint with my bare hands and spreading it across the paper roll.”,,,published,2025-02-06 23:11:58,2025-02-06 23:11:55,2025-02-06 23:11:57,NULL,"{""id"": 1, ""code"": ""DNI00""}","[{""id"": 1302, ""label"": ""2025 Infant Karen Katz""}]",NULL,[],[]
291917,post,Childcare lunch,"“This week, I began joining my friends for childcare lunch. I’m learning to scoop and feed myself, and I enjoy the variety foods and fruits.”",,,published,2025-02-06 23:15:59,2025-02-06 23:15:56,2025-02-06 23:15:59,NULL,"{""id"": 1, ""code"": ""DNI00""}","[{""id"": 1302, ""label"": ""2025 Infant Karen Katz""}]",NULL,[],[]
291918,post,Through the tunnel ,"“At first, I was a little scared to crawl through the tunnel. I started by crawling along the side to reach my educarer on the other end. With encouragement, I gradually gained confidence and along with my friends, I managed to crawl through it. We had fun exploring and crawling together!”",,,published,2025-02-06 23:20:04,2025-02-06 23:20:00,2025-02-06 23:20:03,NULL,"{""id"": 1, ""code"": ""DNI00""}","[{""id"": 1302, ""label"": ""2025 Infant Karen Katz""}]",NULL,[],[]
291919,post,Keeping my bowl,"“After lunch, I follow the instructions to stand up and walk to the container to store my bowl. After drinking, I hand my water bottle to my educarer in the pantry. Putting away the things I’ve used is fun and helps build my confidence, especially when my educarer praises me.”",,,published,2025-02-06 23:25:32,2025-02-06 23:25:29,2025-02-06 23:25:32,NULL,"{""id"": 1, ""code"": ""DNI00""}","[{""id"": 1302, ""label"": ""2025 Infant Karen Katz""}]",NULL,[],[]
291920,post,Shapes ,"“I observe the various shapes on the shelf as I squat down to pick up a piece, then stand up to paste it on the shelf. With some guidance from my educarer, I’m able to match the shapes as she point to them, and I paste the pieces accordingly.”",,,published,2025-02-06 23:28:54,2025-02-06 23:28:51,2025-02-06 23:28:54,NULL,"{""id"": 1, ""code"": ""DNI00""}","[{""id"": 1302, ""label"": ""2025 Infant Karen Katz""}]",NULL,[],[]
291921,album,第一学期 第四周 ：蛀牙,"活动目标：
1.在讨论中，幼儿能够安静地倾听同伴的分享。
2.幼儿能够知道造成蛀牙的原因。

活动过程：
教师出示绘本《鳄鱼怕怕牙医怕怕》，带领幼儿复述故事，并引导讨论：“鳄鱼的牙齿怎么了？它的感受是怎样的？为什么会有蛀牙？”随后出示“蛀牙”图字卡，简单介绍蛀牙的成因，如“吃太多甜食、不刷牙等会让牙齿生病”。接着邀请幼儿用镜子观察自己的牙齿，与同伴分享是否发现有蛀牙或其他特征。通过讨论鼓励幼儿说出如何保护牙齿，最后由教师带领总结并将大家的讨论展示在主题墙上。

活动于2025年1月27日进行。",,,published,2025-02-07 00:51:37,2025-02-07 00:51:22,2025-02-07 00:51:36,NULL,"{""id"": 10, ""code"": ""DTE01""}","[{""id"": 1314, ""label"": ""2025 Nursery 2 Eric Carle""}]",NULL,[],[]
291923,album,第一学期 一月 ： 展示与分享 《我喜欢的物品》,幼儿们带来了自己喜欢的物品和同学展示和分享。,,,published,2025-02-07 01:00:15,2025-02-07 01:00:11,2025-02-07 06:25:38,NULL,"{""id"": 10, ""code"": ""DTE01""}","[{""id"": 1314, ""label"": ""2025 Nursery 2 Eric Carle""}]",NULL,[],[]
291929,album,Tummy time on a bubble wrap ,"Jaius was placed on a bubble wrap during tummy time. He explored its texture by patting his hands and kicking his legs. He also grabbed onto it and use his fingers to play with it too. Jaius enjoyed listening to the crinkly sound of the bubble wrap. This activity fosters gross motor skills.







",,,published,2025-02-07 09:35:16,2025-02-07 04:16:13,2025-02-07 09:35:16,NULL,"{""id"": 16, ""code"": ""MBS""}","[{""id"": 1376, ""label"": ""2025 Infant Joy""}]",NULL,[],[]
291930,album,Jaius's first week of solids!,"Jaius tasted apple, pear and avocado with cereal this week. He enjoyed his meals and looked forward to breakfast at school! 😊
",,,published,2025-02-07 09:34:47,2025-02-07 04:21:26,2025-02-07 09:34:47,NULL,"{""id"": 16, ""code"": ""MBS""}","[{""id"": 1376, ""label"": ""2025 Infant Joy""}]",NULL,[],[]
291931,album,二月第一周精彩活动,小鞋子踩一踩，看看这是谁的鞋子呢？,,,published,2025-02-07 04:26:46,2025-02-07 04:26:29,2025-02-07 04:26:45,NULL,"{""id"": 20, ""code"": ""TMJ""}","[{""id"": 1397, ""label"": ""2025 PG Campbell""}]",NULL,[],[]
291935,album,Weekly Highlight (Trace and Decorate),February Week 1,,,published,2025-02-07 04:46:46,2025-02-07 04:46:33,2025-02-07 04:46:46,NULL,"{""id"": 20, ""code"": ""TMJ""}","[{""id"": 1397, ""label"": ""2025 PG Campbell""}]",NULL,[],[]
291950,album,Activities of the Week,February Week 1,,,published,2025-02-07 05:02:49,2025-02-07 05:02:16,2025-02-07 05:02:49,NULL,"{""id"": 20, ""code"": ""TMJ""}","[{""id"": 1397, ""label"": ""2025 PG Campbell""}]",NULL,[],[]
291953,album,二月日记（03/02/2025_07/02/2025),二月第一周的照片来咯！快和爸爸妈妈一起来看看吧！,,,published,2025-02-07 05:08:23,2025-02-07 05:06:21,2025-02-07 05:08:23,NULL,"{""id"": 20, ""code"": ""TMJ""}","[{""id"": 1397, ""label"": ""2025 PG Campbell""}]",NULL,[],[]
291955,album,Scarf play ,Jaius enjoys playing with colorful scarves. He watches them float and grabs them as the teacher lifts them high. He smiles and giggles when the teacher says 'peek-a-boo' while placing the scarves on his face. Jaius grabs on the scarfs and feels its texture too. This activity fosters a sense of humor and interaction between adult and child.,,,published,2025-02-07 09:35:57,2025-02-07 05:12:10,2025-02-07 09:35:56,NULL,"{""id"": 16, ""code"": ""MBS""}","[{""id"": 1376, ""label"": ""2025 Infant Joy""}]",NULL,[],[]
291960,album,Insert the hair ties in ,"Elle was given a box with straws poked into it. She used her pincer grip to pick up hair ties and carefully aimed them at the straws. Elle was patient and kept trying even when some hair ties missed. If she missed a hair tie, she picked it up and try again. This activity develops focus sustained involvement and foster hand-eye coordination.",,,published,2025-02-07 09:36:35,2025-02-07 05:17:45,2025-02-07 09:36:35,NULL,"{""id"": 16, ""code"": ""MBS""}","[{""id"": 1376, ""label"": ""2025 Infant Joy""}]",NULL,[],[]
291962,album,你来比划我来猜,老师与孩子们一起去讨论说说在不同情绪下人们的表情有哪些特点，例如：眼睛、嘴巴、眉毛会有哪些变化等。教师请幼儿根据自己的经验，说一说不同的情绪会出现在分别是什么表情？并作出表情后用镜子看看自己的表情。然后教师邀请幼儿轮流表演表情，鼓励幼儿根据卡上的内容做出相应表情请其他幼儿猜一猜是什么情绪。,,,published,2025-02-07 05:22:27,2025-02-07 05:22:03,2025-02-07 05:22:27,NULL,"{""id"": 16, ""code"": ""MBS""}","[{""id"": 1381, ""label"": ""2025 Nursery 2 Love""}]",NULL,[],[]
291963,album,Painting with water ,"Elle was given a piece of paper, a cup of water and a brush. The teacher demonstrated how to dip the brush in the water and spread it on the paper. Elle observed and was able to repeat the actions on her own. She enjoyed dipping the brush and spreading the water across the paper. This activity foster hand-eye coordination and develop an understanding of physical properties of materials through exploration.",,,published,2025-02-07 09:36:15,2025-02-07 05:22:29,2025-02-07 09:36:15,NULL,"{""id"": 16, ""code"": ""MBS""}","[{""id"": 1376, ""label"": ""2025 Infant Joy""}]",NULL,[],[]
291967,album,我是大鳄鱼,教师和孩子们一起讨论，请孩子们说一说他们对于鳄鱼的看法，例如：鳄鱼的外形特征；生活习性等。随后教师轮流邀请幼儿根据自己刚才的分享中的部分利用肢体动作、身体创造能力来表现自己认知中的鳄鱼，增强幼儿的创造力和身体协调能力。,,,published,2025-02-07 05:33:06,2025-02-07 05:32:12,2025-02-07 05:33:06,NULL,"{""id"": 16, ""code"": ""MBS""}","[{""id"": 1381, ""label"": ""2025 Nursery 2 Love""}]",NULL,[],[]
291970,album,Term 1 Week 5 Photos: Self-Portrait,"Children were invited to create a self-portrait using a mix of art tools such as pencils, black zebra marker and watercolour paint. The children were encouraged to express their creative preferences through the lines, shapes and colours that they use in their artwork.",,,published,2025-02-07 05:40:16,2025-02-07 05:38:06,2025-02-07 05:40:15,NULL,"{""id"": 20, ""code"": ""TMJ""}","[{""id"": 1403, ""label"": ""2025 N2 Florence""}]",NULL,[],[]
291972,album,我的情绪,教师先出示情绪表情卡，请幼儿说说他们看到了什么。然后教师向幼儿展示活动材料和工具，请幼儿猜一猜接下来的活动是什么。并邀请幼儿使用不同材料，创作自己的情绪脸谱。 在创作过程中，教师与幼儿交流，请幼儿说一说他们想创作什么情绪脸谱，并引导他们发挥创意使用不同的材料进行创作。使幼儿发挥创造力和手眼协调能力。,,,published,2025-02-07 05:40:38,2025-02-07 05:39:35,2025-02-07 05:40:38,NULL,"{""id"": 16, ""code"": ""MBS""}","[{""id"": 1381, ""label"": ""2025 Nursery 2 Love""}]",NULL,[],[]
291981,album,我们一起装饰鸟窝,教师邀请幼儿一起装饰角色扮演区的鸟巢。首先，教师提供蜡笔，鼓励幼儿为鸟巢涂上底色。接着，教师鼓励幼儿撕下纸张，并将这些纸片粘贴到纸板上，用来装饰鸟巢，完成创作。,,,published,2025-02-07 06:24:30,2025-02-07 05:56:18,2025-02-07 06:24:29,NULL,"{""id"": 18, ""code"": ""OMB01""}","[{""id"": 1284, ""label"": ""2025 N1 Christie Matheson""}]",NULL,[],[]
291983,album,小鸟绘本,教师带领幼儿阅读绘本《小鸟》，引导他们初步认识小鸟的生活环境、饮食习惯、生长过程和身体特征，例如小鸟生活在树上、吃虫子，拥有尖尖的嘴巴和一对翅膀等。教师鼓励幼儿跟随自己复述简单的词汇，如“小鸟”、“虫子”、“翅膀”、“鸟蛋”等，加深对词汇的理解和记忆，同时培养幼儿的语言表达能力。,,,published,2025-02-07 06:21:23,2025-02-07 05:57:46,2025-02-07 06:21:22,NULL,"{""id"": 18, ""code"": ""OMB01""}","[{""id"": 1284, ""label"": ""2025 N1 Christie Matheson""}]",NULL,[],[]
291984,post,"What's the Time, Mr Wolf?","Outdoor playtime was extra sweaty, fun, and exciting because we played ""What’s the Time, Mr. Wolf?"". The children took turns being the wolf and piglets/humans, and we probably had too much fun — we ended up playing for more than five rounds!

Have a restful weekend, K1 friends!",,,published,2025-02-07 10:47:33,2025-02-07 05:59:29,2025-02-07 10:47:33,NULL,"{""id"": 1, ""code"": ""DNI00""}","[{""id"": 1300, ""label"": ""2025 K1 David McKee""}]",NULL,[],[]
291988,album,二月 精彩相册（一）,"音乐课
小书制作-续编奥莉薇
乐器演奏
户外活动",,,published,2025-02-07 06:08:52,2025-02-07 06:07:42,2025-02-07 06:08:52,NULL,"{""id"": 20, ""code"": ""TMJ""}","[{""id"": 1432, ""label"": ""2025 K2 Potter""}]",NULL,[],[]
291995,album,Term 1 Week 5,"This week, the children explored textures while creating DIY Numicon pieces. They began by sorting a messy floor display of materials—bubble wrap, plastic sleeve bags, paper bags, cardboard, and envelopes—into groups based on texture (smooth, bumpy).

Using a paper punch, they cut circles from their chosen materials and pasted them onto rectangle-shaped paper, designing their own Numicon pieces. The next day, they continued making choices independently, fostering self-awareness and autonomy.

Together, the class completed Numicon tiles from 1 to 10, now proudly displayed in the classroom! It was a fantastic hands-on learning experience.",,,published,2025-02-07 06:13:35,2025-02-07 06:12:40,2025-02-07 06:13:34,NULL,"{""id"": 20, ""code"": ""TMJ""}","[{""id"": 1404, ""label"": ""2025 K1 Bailey""}]",NULL,[],[]
291998,album,二月第一周（03/02 - 07/02）其他活动, 这是本周其他活动的照片，请查看！,,,published,2025-02-07 06:20:31,2025-02-07 06:18:12,2025-02-07 06:20:31,NULL,"{""id"": 20, ""code"": ""TMJ""}","[{""id"": 1401, ""label"": ""2025 N1 Rosen""}]",NULL,[],[]
292001,post,Family Activity Hopscotch ,"Today, the children were invited to play a hopscotch game with family-related activities written in the grids. They hopped and landed on their desired activity, then shared a time they did that activity with their family and how it made them feel.

As expected, the children were thrilled to hop and talk about their experiences. Some shared that their families cooked noodles, played Mario and Monopoly together, while others mentioned going to the park to play with a ball, swing, and slide! This game encourages children to practice turn-taking, as well as reading and recognizing words.",,,draft,2025-02-07 06:50:21,2025-02-07 06:21:42,2025-02-07 06:50:20,NULL,"{""id"": 1, ""code"": ""DNI00""}","[{""id"": 1300, ""label"": ""2025 K1 David McKee""}]",NULL,[],[]
292004,album,第一学期  第五周：早期阅读绘本《晚安》,"活动目标：
1.幼儿能理解阅读本《晚安》的故事内容。
2.幼儿能够学习词语：晚安、睡觉、刷牙、关灯、小狗和我。

活动过程：
教师在阅读图书前与幼儿讨论：“晚上上床睡觉前你会做什么？”引导幼儿分享自己的睡前习惯。随后展示图书封面，引导观察与提问：“封面上有什么？那是谁的手？她在做什么？”阅读过程中，教师带领幼儿观察画面并提问：“画面上有谁？小女孩在做什么？这是什么时候？”讲述完故事后，教师示范跟读印刷文字，并鼓励幼儿用自己的语言复述故事，最后再次讨论幼儿的睡前活动习惯。故事结束后，老师和幼儿复习了学习词语：晚安、睡觉、刷牙、关灯、小狗和我。除此之外，教师也让幼儿尝试使用耳机聆听故事。",,,published,2025-02-07 06:25:05,2025-02-07 06:24:53,2025-02-07 06:25:05,NULL,"{""id"": 10, ""code"": ""DTE01""}","[{""id"": 1314, ""label"": ""2025 Nursery 2 Eric Carle""}]",NULL,[],[]
292008,album,February Week 1 Weekly Highlight: Our Car Wash Station!,"Objectives: Foster curiosity and interest in a well-planned environment 

Children were encouraged to explore the idea of car washing through a vehicle-themed sensory play. Two containers of water with vehicles, sponges and brush are provided for the children to wash them off. 

They took the vehicles they preferred, and used the sponges to clean the wheels. Most of them like to splash the water inside too! It was a fun sensory experience for the little ones!",,,published,2025-02-07 06:40:46,2025-02-07 06:40:28,2025-02-07 06:40:46,NULL,"{""id"": 20, ""code"": ""TMJ""}","[{""id"": 1395, ""label"": ""2025 PG Kale""}]",NULL,[],[]
292009,album,第一学期第五周精彩活动,"Objective(s)/目标:
能按照由深到浅来为颜色排序。
乐意参与探索活动，发现颜色的渐变规律。
",,,published,2025-02-07 06:43:51,2025-02-07 06:42:26,2025-02-07 06:43:50,NULL,"{""id"": 20, ""code"": ""TMJ""}","[{""id"": 1433, ""label"": ""2025 K2 Robinson""}]",NULL,[],[]
292011,album,第一学期第五周照片更新,这一周老师带领小朋友们观看了火山爆发的视频，了解了火山爆发的形态，小朋友们很感兴趣地画下来火山爆发的样子。老师利用小苏打，白醋和色素等材料带领小朋友们一起制作了火山爆发的小实验。在早期阅读《高高的，矮矮的》学习中，小朋友们尝试在学校找寻物品进行比较高和矮。,,,published,2025-02-07 06:47:13,2025-02-07 06:46:56,2025-02-07 06:47:12,NULL,"{""id"": 5, ""code"": ""DTH01""}","[{""id"": 1406, ""label"": ""2025 Kindergarten 1 Inventors""}]",NULL,[],[]
292013,album,二月 第一周 : 咕噜咕噜大纸筒,"活动目标:
婴幼儿身体健康，并掌握控制身体的能力

活动过程:
哇!老师准备了好大的纸筒，我们一起玩""咕噜咕噜""的游戏，我们一起用手推动大纸筒锻炼幼儿的协调能力，比较小的小朋友则是在老师的协助下尝试还有探索大大的纸筒。

爸爸妈妈也可以利用家里随手可见的材料来进行简单的探索活动喔!",,,published,2025-02-07 06:53:09,2025-02-07 06:52:44,2025-02-07 06:53:09,NULL,"{""id"": 10, ""code"": ""DTE01""}","[{""id"": 1310, ""label"": ""2025 Infant Mozart""}]",NULL,[],[]
292017,album,February Week 1 Photo Album,"3 Feb - 7 Feb

Enjoy the photos! (:",,,published,2025-02-07 06:56:41,2025-02-07 06:55:55,2025-02-07 06:56:41,NULL,"{""id"": 20, ""code"": ""TMJ""}","[{""id"": 1395, ""label"": ""2025 PG Kale""}]",NULL,[],[]
292019,album,第一学期第五周,2月3日-2月7日,,,published,2025-02-07 07:03:27,2025-02-07 07:01:41,2025-02-07 07:03:26,NULL,"{""id"": 20, ""code"": ""TMJ""}","[{""id"": 1433, ""label"": ""2025 K2 Robinson""}]",NULL,[],[]
292023,album,二月 第一周 : 户外活动体验,今天是瑞泽和楚昊第一次到户外体验，我们一起去到D'Resort的小花园和小菜园，看到了很多植物和水果，两位小朋友都很开心呢!,,,published,2025-02-07 07:06:52,2025-02-07 07:06:26,2025-02-07 07:06:51,NULL,"{""id"": 10, ""code"": ""DTE01""}","[{""id"": 1310, ""label"": ""2025 Infant Mozart""}]",NULL,[],[]
292025,album,Outdoor play and exploration,"The children enjoyed the outdoors playing with balloons and exploring nature around us. We discovered flying birds, vehicles on the road, and  insects in the garden. They also touched and felt the leaves. One of our friends compared the size of the leaves and pointed out leaves that were big and small! ",,,draft,2025-02-07 07:32:14,2025-02-07 07:32:01,2025-02-07 07:33:05,NULL,"{""id"": 1, ""code"": ""DNI00""}","[{""id"": 1295, ""label"": ""2025 PG Rod Campbell""}]",NULL,[],[]
292026,album,Weekly Highlight; Term 1 Week 5,reading words with dr- blends.,,,published,2025-02-07 07:32:34,2025-02-07 07:32:05,2025-02-07 07:32:34,NULL,"{""id"": 20, ""code"": ""TMJ""}","[{""id"": 1433, ""label"": ""2025 K2 Robinson""}]",NULL,[],[]
292032,album,《我的表情变变变》,"在晨间集会的时间，老师鼓励幼儿们互相问好，并邀请幼儿一起和老师做手指操《我的表情变变变》幼儿和老师在互动中，学习表达各种情绪。老师鼓励幼儿表达今天的心情是什么样的？开心、伤心、生气还是兴奋等；幼儿在和朋友、老师的互动中，认识彼此的心情，联立良好的关系。

",,,draft,2025-02-07 08:30:54,2025-02-07 08:30:50,2025-02-07 08:31:38,NULL,"{""id"": 1, ""code"": ""DNI00""}","[{""id"": 1295, ""label"": ""2025 PG Rod Campbell""}]",NULL,[],[]
292033,album,周活动——第一学期第五周,"03/02/2025——07/02/2025

  请查收K1 Bailey本周的周活动。",,,published,2025-02-07 08:34:10,2025-02-07 08:33:28,2025-02-07 08:34:10,NULL,"{""id"": 20, ""code"": ""TMJ""}","[{""id"": 1404, ""label"": ""2025 K1 Bailey""}]",NULL,[],[]
292036,post,户外游,在暖暖的午后，我们不仅感受了轻柔的风，也开心的继续了我们的新年庆祝活动,,,published,2025-02-07 09:07:02,2025-02-07 09:06:56,2025-02-07 09:07:02,NULL,"{""id"": 1, ""code"": ""DNI00""}","[{""id"": 1302, ""label"": ""2025 Infant Karen Katz""}]",NULL,[],[]
292037,album,Weekly Photo Album (3 to 7 Feb),- ,,,published,2025-02-07 09:09:04,2025-02-07 09:07:24,2025-02-07 09:09:04,NULL,"{""id"": 20, ""code"": ""TMJ""}","[{""id"": 1404, ""label"": ""2025 K1 Bailey""}]",NULL,[],[]
292038,post,向前爬,手支撑起身体，双脚用力往前蹬，看！我可以，我可以向前爬2-3米了，我棒不棒？！,,,published,2025-02-07 09:14:48,2025-02-07 09:14:43,2025-02-07 09:14:47,NULL,"{""id"": 1, ""code"": ""DNI00""}","[{""id"": 1302, ""label"": ""2025 Infant Karen Katz""}]",NULL,[],[]
292039,post,灯笼,我跟老师一起把折合的红灯笼，打开变成了圆圆的灯笼，美不美！好看哦！我喜欢,,,published,2025-02-07 09:25:13,2025-02-07 09:25:04,2025-02-07 09:25:12,NULL,"{""id"": 1, ""code"": ""DNI00""}","[{""id"": 1302, ""label"": ""2025 Infant Karen Katz""}]",NULL,[],[]
292060,album,二月第一周精彩活动,快和爸爸妈妈一起来看看我们的照片吧！,,,published,2025-02-07 12:13:23,2025-02-07 12:13:12,2025-02-07 12:13:23,NULL,"{""id"": 20, ""code"": ""TMJ""}","[{""id"": 1395, ""label"": ""2025 PG Kale""}]",NULL,[],[]
292063,album,Peek-a-boo Farm Animals,"This week, the children explored various animals commonly found on a farm. They engaged in an interactive activity featuring a barn with hidden windows, each concealing a realistic picture of a different farm animal. With excitement and curiosity, they took turns opening the windows to discover which animal was hiding behind each one. As they revealed the animals, we introduced the corresponding sounds they make, saying phrases like, ""The cow says moo,"" ""The duck says quack,"" and ""The pig says oink."" This hands-on experience not only sparked their enthusiasm but also helped them associate each animal with its unique sound, enhancing their language development and understanding of farm life.",,,published,2025-02-07 12:29:08,2025-02-07 12:28:58,2025-02-07 12:29:08,NULL,"{""id"": 18, ""code"": ""OMB01""}","[{""id"": 1283, ""label"": ""2025 Playgroup Emma Dodd""}]",NULL,[],[]
292064,album,Elephant Treasure Box,"The children engaged with a cardboard model of an elephant, focusing on its long, extended trunk. With curiosity and excitement, they gathered the courage to reach their hands inside the trunk, eager to explore what was hidden within. As they stretched their arms inside, they used their sense of touch to feel various concealed objects, carefully grasping and pulling them out one by one. Each discovery sparked excitement as they examined the items they had felt, enhancing their sensory awareness and fine motor skills while fostering a sense of adventure and curiosity.",,,published,2025-02-07 12:37:53,2025-02-07 12:37:37,2025-02-07 12:37:52,NULL,"{""id"": 18, ""code"": ""OMB01""}","[{""id"": 1283, ""label"": ""2025 Playgroup Emma Dodd""}]",NULL,[],[]
292065,post,Pretend Play,"Rock-a-bye baby….
Look! Since I love to play with my younger friends (babies), educarer engaged me in a pretend play. I carried the baby doll in my arms while educarer singing the Lullaby. When educarer asked me if the baby is hungry and need to be fed, I took the milk bottle and fed the baby doll.☺️",,,published,2025-02-07 13:05:02,2025-02-07 13:04:35,2025-02-07 13:05:01,NULL,"{""id"": 1, ""code"": ""DNI00""}","[{""id"": 1302, ""label"": ""2025 Infant Karen Katz""}]",NULL,[],[]
292067,post,Balloon Printing🎈🎈🎈,I engaged happily in balloon printing. I explored dipping the balloon into the paints and printed it randomly on the paper. I smiled when educarer told me to “bounce! bounce! bounce!” the balloon.,,,published,2025-02-07 13:09:41,2025-02-07 13:09:28,2025-02-07 13:09:40,NULL,"{""id"": 1, ""code"": ""DNI00""}","[{""id"": 1302, ""label"": ""2025 Infant Karen Katz""}]",NULL,[],[]
292068,post,Outdoor Walk,"Yay! I enjoyed walking and running around with my friends at the roof top. We saw some passing vehicles on the road from our view such as buses, cars and lorries. We also engaged in playing with bubbles.☺️",,,published,2025-02-07 13:15:36,2025-02-07 13:15:17,2025-02-07 13:15:35,NULL,"{""id"": 1, ""code"": ""DNI00""}","[{""id"": 1302, ""label"": ""2025 Infant Karen Katz""}]",NULL,[],[]
292071,post,Threading Straws,"Look! I was so engrossed in threading the straws into the puppet holder. I used my pincer grasp to pick up the straws and thread them into the wooden stick. With good hand-eye coordination skills, I was able to thread all the straws into the puppet holder. Yay!!! Well done Cole!",,,published,2025-02-07 13:21:54,2025-02-07 13:21:45,2025-02-07 13:21:53,NULL,"{""id"": 1, ""code"": ""DNI00""}","[{""id"": 1302, ""label"": ""2025 Infant Karen Katz""}]",NULL,[],[]
292072,post,Balloon Printing🎈🎈🎈,"Yay! Time for art exploration!
Today I engaged in balloon printing. I explored dipping the balloon into the paints and printed it on the paper leaving some marks on it. I enjoyed smudging the paints, too!",,,published,2025-02-07 13:26:38,2025-02-07 13:26:27,2025-02-07 13:26:37,NULL,"{""id"": 1, ""code"": ""DNI00""}","[{""id"": 1302, ""label"": ""2025 Infant Karen Katz""}]",NULL,[],[]
292073,post,Outdoor Walk,"Yay!!! Outdoor time- one our favourites!🤣
I enjoyed running around with my friends while exploring the environment. I played with bubbles and chased them around.I also see the passing vehicles on the road. I enjoyed play catching with my educarer, too!",,,published,2025-02-07 13:32:45,2025-02-07 13:32:37,2025-02-07 13:32:45,NULL,"{""id"": 1, ""code"": ""DNI00""}","[{""id"": 1302, ""label"": ""2025 Infant Karen Katz""}]",NULL,[],[]
292075,album,前进的毛毛虫！,老师准备好道具，邀请小朋友们通过互动与合作，体验一场既富有趣味又充满挑战的冒险之旅。活动开始时，老师在活动区域设置了各式各样的障碍物，旨在锻炼小朋友们的灵活性、平衡能力和协调性。小朋友们将呼啦圈组合成一条毛毛虫，在老师的引导下，通过模仿毛毛虫的前进方式，假装寻找不同种类的水果。每当毛毛虫“吃到”一种水果，它就变得越来越长，而小朋友们也在过程中逐渐学会如何稳住呼啦圈，保持团队的整体协调性。随着毛毛虫逐渐变大，遇到的障碍也随之增多，小朋友们在躲避障碍的过程中不仅锻炼了体能，还培养了团队合作意识和解决问题的能力。小朋友们积极地投入活动，在不断挑战自己的过程中，学会了保持平衡，协调身体，并不断尝试以更好的方式通过障碍，吃到更多的水果。在活动的过程中，小朋友们开始还需要老师的引导和帮助，随着他们掌握合作的技巧，他们可以走的更稳，即使毛毛虫变成了非常长的毛毛虫，他们都能够绕过老师布下的障碍，成功完成任务。,,,published,2025-02-07 13:40:36,2025-02-07 13:39:15,2025-02-07 13:40:36,NULL,"{""id"": 1, ""code"": ""DNI00""}","[{""id"": 1296, ""label"": ""2025 N1 Giles Andreae""}]",NULL,[],[]
292078,post,《好饿的毛毛虫》,"老师和小朋友们一起分享绘本《好饿的毛毛虫》，看到毛毛虫吃了很多很多的水果，可肚子还是好饿好饿。小朋友们都觉得非常有趣，并且会跟着老师说：“毛毛虫的肚子还是好饿好饿呀。”当毛毛虫吃了很多的食物肚子痛的时候，小朋友会分享他们的经验：“不可以吃很多”“肚子痛”。在故事的最后，毛毛虫变成了漂亮的蝴蝶。小朋友们也开始的伸出双手假装飞翔的动作。并且随着老师唱儿歌《蝴蝶》的节奏挥舞双手。

小朋友们还一起学习了儿歌《好饿的毛毛虫》，家长朋友们在家也可以和小朋友们一起唱儿歌，做律动。",,https://www.youtube.com/watch?v=VWf8pAKU_bE,published,2025-02-07 13:56:53,2025-02-07 13:56:30,2025-02-07 13:56:53,NULL,"{""id"": 1, ""code"": ""DNI00""}","[{""id"": 1296, ""label"": ""2025 N1 Giles Andreae""}]",NULL,[],[]
292080,album,小蛇蜕皮,老师邀请小朋友们参与活动：小蛇蜕皮。小朋友们通过使用呼啦圈来模拟“小蛇蜕皮”的过程。小朋友们在老师的引导下将呼啦圈放在地上，模仿蛇的形态，借助呼啦圈的环形结构，逐步穿过它们，仿佛小蛇正在蜕去旧皮，迎接新的成长。这个活动不仅锻炼了小朋友们的灵活性和协调性，还促进了他们的身体感知和空间认知能力。大部分的小朋友们会双手拿住呼啦圈，然后穿过头顶。有的小朋友会将呼啦圈拉到身体后面，然后在放置呼啦圈时，又套回自己的身体。通过不断的重复探索，他们会尝试将呼啦圈拿起然后钻出来，将呼啦圈向前翻转套在路障上；或者脱掉呼啦圈后换手拿住呼啦圈……随着小朋友们不断重复穿越呼啦圈的动作，他们在享受游戏的过程中，也提高了身体控制能力和灵活度。,,,published,2025-02-07 14:07:07,2025-02-07 14:02:03,2025-02-07 14:07:06,NULL,"{""id"": 1, ""code"": ""DNI00""}","[{""id"": 1296, ""label"": ""2025 N1 Giles Andreae""}]",NULL,[],[]
292088,album,绘本《好饿的毛毛虫》🐛,教师为小朋友们带来一本有趣的绘本故事，首先是引导幼儿思考，毛毛虫是小小的还是大大的，小朋友们说是小小的，那么它如何才能长大呢？宝贝们说要吃饭～是的没错！让我们一起看一看毛毛虫都吃了什么好吃的呢。第一天吃一个苹果，第二天吃两个梨子，第三天吃三个李子，第四天吃四个草莓，第五天吃五个橘子，第六天吃了很多很多的东西，小朋友也会争先恐后的说自己喜欢吃什么。不过我们的毛毛虫最喜欢吃的还是叶子🍃，慢慢的毛毛虫长大了，给自己穿了一件棕色的衣服，最后变成了一只美丽的蝴蝶🦋,,,draft,2025-02-07 14:21:23,2025-02-07 14:21:17,2025-02-07 14:21:23,NULL,"{""id"": 1, ""code"": ""DNI00""}","[{""id"": 1297, ""label"": ""2025 N1 Marcus Pfister""}]",NULL,[],[]
292089,post,Field trip to Science Centre ,"On Thursday, 6 February, the children visited the Science Centre, it is a significant experience as the children went on a field trip for the first time without their parents. Through the field trip, they learned skills such as following instructions, navigating public spaces, looking out for one another, and staying together as a group.

The field trip featured two main segments. The first was a workshop titled ""A Fruitful Day,"" led by two farmers, Kylie and Bokie. The children discovered how different colored foods impact their bodies. They also learned various fruits and vegetables, they explored aspects such as texture and scent.

Following the workshop, the children enjoyed free play in an open area that included a dino pit for sand play, a supermarket, and a climbing space. We encouraged them to explore these spaces freely. Children were also encouraged not to lingering too long in one area to fully experience all the available activities.
",,,published,2025-02-07 14:24:17,2025-02-07 14:23:58,2025-02-07 14:24:17,NULL,"{""id"": 5, ""code"": ""DTH01""}","[{""id"": 1407, ""label"": ""2025 Nursery 2 Reflectors""}]",NULL,[],[]
292090,album,RSGK-宝贝们运动起来！,又到了我们快乐的锻炼时间，教练们为小朋友带来新的活动身体的游戏。第一个环节，模仿动物绕圈热身，本周我们会发现小朋友们模仿动物的样子越来越生动了，很清楚的可以看出在模仿大象长长的鼻子等。第二个环节，教练示范动作，将足球放在“小山”🏔上面，放稳后，抬起双手做准备动作，抬腿将足球向前方踢出。小朋友们两两一组，来感受我们的活动，在过程对于宝贝们比较难一点的地方在于将足球放稳在小山。第三个环节，推一推足球，小朋友一排做好，教练依次将足球在地面缓缓推给小朋友们，引导小朋友运用同样的动作将足球推给教练，每个宝贝都做的很棒🥰,,,draft,2025-02-07 14:41:42,2025-02-07 14:41:20,2025-02-07 14:41:41,NULL,"{""id"": 1, ""code"": ""DNI00""}","[{""id"": 1297, ""label"": ""2025 N1 Marcus Pfister""}]",NULL,[],[]
292091,post,Term 1 Week 5,"This week, we officially started a new routine with the children. During morning circle time, we encouraged them to write their names on a piece of paper. This activity helps them recognise the letters in their names and become familiar with letter forms. The children spent time using coloured markers to write and express themselves.

We also took time to teach the children how to use markers properly. They learned to be gentle with the marker nib, as too much pressure can damage it. Here are some helpful tips we shared:
•	“Put the cap back on after using the marker.”
•	“Place the cap on top of the marker while you’re using it.”
•	“Place your fingers near the tip of the marker.”
•	“Press the marker gently onto the paper.”

In math, we explored the concepts of ""same"" and ""different."" The children used dough to create three-dimensional shapes of similar and varied objects. Afterward, they observed each other's creations and shared only nice words about their friend’s work.
On Friday, we used the projector to share highlights from their trip to the science center!
",,,published,2025-02-07 14:45:04,2025-02-07 14:44:40,2025-02-07 14:45:03,NULL,"{""id"": 5, ""code"": ""DTH01""}","[{""id"": 1407, ""label"": ""2025 Nursery 2 Reflectors""}]",NULL,[],[]
292092,album,庆祝Lucian权峄的生日🎂,大家一起为Lucian唱生日祝福歌🥳，伴着动听的歌声，开始切蛋糕啦🎂，宝贝们都很有耐心等待自己的蛋糕，拿到蛋糕后开始享用，甜甜的蛋糕沾在每个小朋友的嘴边，都显示出他们的快乐🥰美食让大家感到开心，美好的祝福氛围更是让我们沉浸其中～。Lucian和爸爸妈妈一起为小朋友们准备了礼物，我们都有感受到满满的心意💝,,,draft,2025-02-07 14:57:15,2025-02-07 14:56:52,2025-02-07 14:57:15,NULL,"{""id"": 1, ""code"": ""DNI00""}","[{""id"": 1297, ""label"": ""2025 N1 Marcus Pfister""}]",NULL,[],[]
292111,album,舞狮,通过阅读故事和了解中国传统习俗， 小朋友们主动要求配合着音乐来舞狮。 ,,,published,2025-02-08 00:29:20,2025-02-08 00:29:05,2025-02-08 00:29:20,NULL,"{""id"": 16, ""code"": ""MBS""}","[{""id"": 1383, ""label"": ""2025 Kindergarten 2 Unity""}]",NULL,[],[]
292113,album,Thinker box enrichment class,"It was an exciting start for our little learners at Thinkerbox, as they dove into a fun and interactive first session!  The class kicked off with a blend of group and individual activities that not only sparked creativity but also honed essential skills.

One of the highlights of the day was focusing on listening skills and understanding the importance of following rule as part of the foundation for a productive and engaging learning environment. 

Through various visual and hands-on activities, the children were encouraged to use their fingers to trace along lines, helping them develop fine motor skills while strengthening their focus. This simple exercise also introduced numerals and various quantities, allowing the children to signify numbers by tracing and counting with their fingers. 

We can't wait to see how they grow in the upcoming sessions!",,,published,2025-02-08 02:03:58,2025-02-08 01:23:12,2025-02-08 02:03:57,NULL,"{""id"": 1, ""code"": ""DNI00""}","[{""id"": 1296, ""label"": ""2025 N1 Giles Andreae""}]",NULL,[],[]
292114,album,"🐝 Exploring Creepy Crawlies with a Fun ""Pollen Transfer"" Activity! 🌼","This February, our little explorers at Thinkerbox are buzzing with excitement as we dive into the fascinating world of creepy crawlies! 🐞🐜 As part of our theme for the month, the children got hands-on with a pollen transfer activity inspired by the hardworking bees.

In this activity, the kids used tongs to carefully transfer ""pollen"" (represented by small yellow pom-poms) into bee hives, practicing precision and patience. This activity was a wonderful way to enhance their fine motor skills, helping them strengthen their hand-eye coordination while learning about the important role bees play in nature.

The children had so much fun mimicking the bees' process, gaining an appreciation for the wonders of the natural world! ",,,published,2025-02-08 02:09:17,2025-02-08 01:24:56,2025-02-08 02:09:17,NULL,"{""id"": 1, ""code"": ""DNI00""}","[{""id"": 1296, ""label"": ""2025 N1 Giles Andreae""}]",NULL,[],[]
292115,album,🦗 Interactive Creepy Crawlies Board Display 🐞,"We had a blast taking part in an interactive Creepy Crawlies Board Display!  The children were given the opportunity to decide where to place their creepy crawlies on the board, with each bug featuring its very own face attached; giving them a personal touch! 

As we move forward, we're excited to improvise and make this display even more interactive. Each week, children will be able to choose a new creepy crawly from a selection of paper cutouts. They'll indicate their favourite by pasting their face cutout over the creepy crawly they choose for the week, allowing them to explore different insects while promoting versatility in their learning. 

This activity not only sparks their curiosity but also encourages them to learn about a variety of creepy crawlies, one week at a time, making it a fun and ongoing exploration of the insect world! ",,,published,2025-02-08 02:18:24,2025-02-08 01:27:51,2025-02-08 02:18:23,NULL,"{""id"": 1, ""code"": ""DNI00""}","[{""id"": 1296, ""label"": ""2025 N1 Giles Andreae""}]",NULL,[],[]
292116,album,Exploring Nature Through Creepy Crawly Lenses! ,"Our little adventurers took their learning outdoors for a truly unique experience! The children participated in an activity where they brought out paper cutouts of various creepy crawlies, all part of our theme for the month. 

Armed with these cutouts and cardboard lenses, the children explored nature through a new lens, literally! They got to observe how the natural world around them serves as the perfect backdrop for these tiny creatures, enhancing their connection to the environment. As they looked through their lenses, they were amazed by how the creepy crawlies seemed to come to life against the outdoor scenery.

This activity was not only fun but also encouraged curiosity and an appreciation for the beauty of nature in all its tiny details. It’s a wonderful way to spark learning about creepy crawlies and the environment!",,,published,2025-02-08 02:28:55,2025-02-08 01:35:52,2025-02-08 02:28:54,NULL,"{""id"": 1, ""code"": ""DNI00""}","[{""id"": 1296, ""label"": ""2025 N1 Giles Andreae""}]",NULL,[],[]
292117,album,照镜子游戏,小朋友们将奥莉薇最喜欢做的事创编成动作， 通过聆听老师的指令来玩成照镜子的游戏。 ,,,published,2025-02-08 01:38:38,2025-02-08 01:38:16,2025-02-13 08:50:57,NULL,"{""id"": 16, ""code"": ""MBS""}","[{""id"": 1383, ""label"": ""2025 Kindergarten 2 Unity""}]",NULL,[],[]
292129,album,新年快乐，Happy CNY !,各位家长朋友们新年快乐！在本周，我们开始探索我和我的身体的主题，在班级中，教师投放了大量的孩子们的生活照片，孩子们从照片中找出自己，认出朋友，通过这样的方式培养自我意识。身体发展中我们在老师的保护下进行了攀岩活动，这对四肢协调能力和肌肉力量是很好的锻炼，在中巴鲁公园的旅行中，我们进行了自然美发师的活动，我们捡了很多花和叶子，为自己或插或贴的完成了漂亮的头发，我们将作品陈列出来，孩子们很喜欢在作品前互相讨论分享自己是如何制作的。我们的新故事《从头动到脚》很好的让孩子们认识身体的各个部位，在这一个月中，我们会带领孩子们认识自己的身体，提升自理能力。,,,published,2025-02-08 04:07:32,2025-02-08 04:06:31,2025-02-08 04:07:31,NULL,"{""id"": 5, ""code"": ""DTH01""}","[{""id"": 1408, ""label"": ""2025 Nursery 1 Engagers""}]",NULL,[],[]
292130,album,T1W5: Self-Portrait,"The children were invited to create self-portraits by making marks and using playdough. This hands-on activity allowed them to express their individuality through tactile experiences, combining the creativity of mark-making with the flexibility of playdough. After making their self-portrait, the children had the opportunity to share what they liked about their creations. 

Learning objectives:
- Children will observe how similar/different they are from their peers
- Children will cut dough with a cookie cutter or plastic knife.

The activity was conducted from 3 to 4 of February.",,,published,2025-02-08 04:07:46,2025-02-08 04:07:38,2025-02-08 04:07:46,NULL,"{""id"": 10, ""code"": ""DTE01""}","[{""id"": 1314, ""label"": ""2025 Nursery 2 Eric Carle""}]",NULL,[],[]
292131,album,每周活动分享,"尊敬的家长您好，
这一周是二月的第一周，我们二月份的探索主题是“我的身体” 。 这两个星期我们会和幼儿一起探索我们的身体部位，例如：头，手，脚的位置以及肚子的位置。
教师在活动中通过故事《从头动到脚》，鼓励幼儿模仿教师的动作，一起动动我们的身体部位，知道我们的身体部分可以做哪些运动。同时通过儿歌《头肩膀膝盖脚》鼓励幼儿和教师一起做律动，并且学习指认我们这些身体的部位，说出头，肩膀，膝盖，脚的位置在哪里。
在角落活动当中，教师也为幼儿提供了身体部位的拼图，让幼儿从拼图当中了解认识身体的部位。这一周我们去了中巴鲁公园游玩，幼儿第一次在没有家长的陪伴下独自活动，他们表现得非常的棒！他们牵着甜甜圈在公园里面散步，他们对公园里面的花草以及小公鸡，小狗很感兴趣，矗足在一边观看小狗们玩耍。他们也很享受在沙池里面玩沙。
这一周也进行了我们本学期的第一次户外郊游。相信在这次的郊游活动中幼儿和家长一起体会到了亲子游玩的乐趣，期待我们下次的郊游。 
下一周，我们会在农历十五元宵节 2 月 12 日 （星期三） 这天有一个庆祝活动，我们真诚邀请家长能够加入我们的活动，期待您的到来！",,,published,2025-02-08 04:35:12,2025-02-08 04:34:53,2025-02-08 04:39:57,NULL,"{""id"": 5, ""code"": ""DTH01""}","[{""id"": 1409, ""label"": ""2025 Playgroup Explorers""}]",NULL,[],[]
292133,album,情景表演---如果我生气了，你会怎么做？,教师请幼儿谈谈父母平时如何照顾他们的情绪，同时幼儿也要学会用肢体动作和较连贯的语言来安慰家人。,,,draft,2025-02-08 05:15:02,2025-02-08 05:14:47,2025-02-08 05:15:01,NULL,"{""id"": 18, ""code"": ""OMB01""}","[{""id"": 1287, ""label"": ""2025 K1 Jo Empson""}]",NULL,[],[]
292136,post,走走走,我在努力的学习迈步向前走，相信我！我很快就会成功了,,,published,2025-02-08 06:05:19,2025-02-08 06:05:17,2025-02-08 06:05:19,NULL,"{""id"": 1, ""code"": ""DNI00""}","[{""id"": 1302, ""label"": ""2025 Infant Karen Katz""}]",NULL,[],[]
292138,post,鞭炮声声,鞭炮声中一岁除，劈劈啪啪迎新年！,,,published,2025-02-08 06:09:05,2025-02-08 06:08:59,2025-02-08 06:09:04,NULL,"{""id"": 1, ""code"": ""DNI00""}","[{""id"": 1302, ""label"": ""2025 Infant Karen Katz""}]",NULL,[],[]
292145,album,February Week 1: Navigating the Obstacle,"Learning objectives: 
1. Foster gross motor development (walk, run, jump, bend, kick, throw, etc.)
2. Foster curiosity and interest in a well-planned environment

This week, the children participated in a fun gross motor activity where they navigated through a simple obstacle course. They began by using their balance and coordination to walk across stepping stones, followed by lifting one foot at a time to cross over a pole. It was truly a joy to watch the children confidently work through each challenge, strengthening both their physical skills and their self-assurance. Their progress was evident, and they seemed to gain a real sense of accomplishment as they completed the course.

Date of activity: 6-7 February 2025",,,published,2025-02-08 08:44:51,2025-02-08 08:44:39,2025-02-08 08:44:51,NULL,"{""id"": 10, ""code"": ""DTE01""}","[{""id"": 1311, ""label"": ""2025 Playgroup Michael Rosen""}]",NULL,[],[]
292147,album,January Week 2: Obstacle Course!,"Objectives:
1) Foster gross motor development (walk, run, jump, climb on playground equipment, bend, kick, throw, etc).

The children eagerly tackled an obstacle course filled with exciting challenges, including jumping from a height, balancing, and climbing. They had an amazing time!",,,published,2025-02-08 09:21:34,2025-02-08 09:21:27,2025-02-08 09:21:33,NULL,"{""id"": 10, ""code"": ""DTE01""}","[{""id"": 1313, ""label"": ""2025 Nursery 1 Taro Gomi""}]",NULL,[],[]
292148,album,January Week 3: Throw it in!,"Objectives:
1) Foster gross motor development (walk, run, jump, climb on playground equipment, bend, kick, throw, etc). 

The children were encouraged to use their hands to throw the ball into a bowl. Some friends found it challenging due to the bowl's small size, but they stayed resilient and successfully completed the activity. They had so much fun!",,,published,2025-02-08 09:24:18,2025-02-08 09:24:12,2025-02-08 09:24:18,NULL,"{""id"": 10, ""code"": ""DTE01""}","[{""id"": 1313, ""label"": ""2025 Nursery 1 Taro Gomi""}]",NULL,[],[]
292149,album,January Week 4: Let's Draw! ,"Objectives:
1) Foster an interest in art (drawing, painting, modelling, collage work, etc.)

The children explored the art space, selecting their favourite colours and eagerly scribbling on the mahjong paper. They also enjoyed sharing and discussing their drawings with friends.",,,published,2025-02-08 09:28:28,2025-02-08 09:28:22,2025-02-08 09:28:28,NULL,"{""id"": 10, ""code"": ""DTE01""}","[{""id"": 1313, ""label"": ""2025 Nursery 1 Taro Gomi""}]",NULL,[],[]
292150,album,February Week 1: Ball Hunt,"Objectives:
1) Foster curiosity and exploration.

Small balls were hidden all over the field, and the children were invited to search for and collect them. They successfully found all the balls and added their own creative twist by using a marker as a pretend bowl, imagining they were gathering ‘meatballs’.",,,published,2025-02-08 09:33:16,2025-02-08 09:33:08,2025-02-08 09:33:16,NULL,"{""id"": 10, ""code"": ""DTE01""}","[{""id"": 1313, ""label"": ""2025 Nursery 1 Taro Gomi""}]",NULL,[],[]
292156,album,Art exploration: Matisse's collage technique ,"This week, we explored Matisse's famous art pieces - 'The Sorrows of the King' and 'The Snail'. We talked about how Matisse used collage technique to create his artworks. The children tapped on the newly founded knowledge to create their Matisse-inspired artworks! :-)",,,published,2025-02-08 11:05:33,2025-02-08 11:05:29,2025-02-08 11:05:32,NULL,"{""id"": 18, ""code"": ""OMB01""}","[{""id"": 1288, ""label"": ""2025 K2 Peter H.Reynolds""}]",NULL,[],[]
292157,album,Journal Friday: I like Van Gogh/Matisse's artwork because...,"As we explored two vastly different artists and their artworks, the children sat down to reflect and share their thoughts on why they prefer one over the other. ",,,published,2025-02-08 11:07:16,2025-02-08 11:07:13,2025-02-08 11:07:15,NULL,"{""id"": 18, ""code"": ""OMB01""}","[{""id"": 1288, ""label"": ""2025 K2 Peter H.Reynolds""}]",NULL,[],[]
292158,album,Phonics: /fr/ sound,"This week, the children were introduced to the beginning consonant blend - /fr/. ",,,published,2025-02-08 11:08:05,2025-02-08 11:08:02,2025-02-08 11:09:17,NULL,"{""id"": 18, ""code"": ""OMB01""}","[{""id"": 1288, ""label"": ""2025 K2 Peter H.Reynolds""}]",NULL,[],[]
292159,post,Blend of the week: /fr/ ,"This week, we learnt the /fr/ beginning consonant blend. Please recap the words with your children! ",,,published,2025-02-08 11:08:58,2025-02-08 11:08:57,2025-02-08 11:08:58,NULL,"{""id"": 18, ""code"": ""OMB01""}","[{""id"": 1288, ""label"": ""2025 K2 Peter H.Reynolds""}]",NULL,[],[]
292162,album,Our N1’s First Field Trip of 2025! 🚍,"The Very Hungry Caterpillar Show brought to life Eric Carle’s beloved classics, including The Very Hungry Caterpillar, Brown Bear, Brown Bear, What Do You See?, 10 Little Rubber Ducks, and The Very Busy Spider, along with other familiar characters from his stories. 🐛🐞 Since these books were well-known to the children, they excitedly pointed out the animals and insects they recognised.
From the moment they boarded the bus, our children were filled with excitement, chatting eagerly with their friends on the way to the theatre. During the show, they demonstrated excellent audience etiquette, staying quiet and attentive while following the teacher’s instructions. They also expressed their appreciation and wonder for the performers, clapping enthusiastically at the end of each segment.",,,published,2025-02-08 12:59:18,2025-02-08 12:45:47,2025-02-08 12:59:18,NULL,"{""id"": 1, ""code"": ""DNI00""}","[{""id"": 1296, ""label"": ""2025 N1 Giles Andreae""}]",NULL,[],[]
292163,album,"Ready, Steady, Go! ⚽️","In this week’s RSG lesson, the children engaged in activities such as maneuvering around cones as different animals, playing soccer, and learning how to kick a soccer ball. They pretended to be animals like elephants, giraffes, crabs, and kangaroos while carefully navigating around cones placed in the middle. This activity encouraged creativity and imagination through role-play while also enhancing their motor skills, including tiptoeing, hopping, and spatial awareness.
Next, the children were introduced to a soccer ball and learned how to kick it. They stretched their arms out like an airplane for balance and used one leg to kick the ball. This exercise helped develop their coordination, balance, and motor skills. 👣",,,published,2025-02-08 13:17:17,2025-02-08 13:16:59,2025-02-08 13:17:17,NULL,"{""id"": 1, ""code"": ""DNI00""}","[{""id"": 1296, ""label"": ""2025 N1 Giles Andreae""}]",NULL,[],[]
292164,album,Activities we do,"The class played a game of hopscotch and learnt how to read words like games, cook, swim, sports and etc. They took turns throwing a beanbag onto the hopscotch and hopped to that specific dot and attempted to read the word! ",,,draft,2025-02-08 13:53:50,2025-02-08 13:53:46,2025-02-08 13:53:49,NULL,"{""id"": 16, ""code"": ""MBS""}","[{""id"": 1382, ""label"": ""2025 Kindergarten 1 Gratitude""}]",NULL,[],[]
292165,album,Textured numicon,"Children helped to sort out different textured material - sparkly pipe cleaners, pipe cleaners, crepe paper, cellophane, and straws. They then chose a numicon of their choice and created their own version with the materials provided!",,,draft,2025-02-08 13:57:28,2025-02-08 13:57:23,2025-02-08 13:57:27,NULL,"{""id"": 16, ""code"": ""MBS""}","[{""id"": 1382, ""label"": ""2025 Kindergarten 1 Gratitude""}]",NULL,[],[]
292166,album,Activities we do II,"Following the previous hopscotch activity, the class picked up a word from the list of words they have learnt and illustrated it out! ",,,draft,2025-02-08 14:03:06,2025-02-08 14:03:01,2025-02-08 14:03:05,NULL,"{""id"": 16, ""code"": ""MBS""}","[{""id"": 1382, ""label"": ""2025 Kindergarten 1 Gratitude""}]",NULL,[],[]
292174,album,Weekly update,"This month, we are exploring the interest ""All About Me,"" with a focus on body parts. The children were introduced to the story ""Ten Little Fingers and Ten Little Toes"" by Mem Fox. As they listened to the story, they wiggled their fingers and gave high-fives to their teachers. Some of the children even wiggled their toes, but their toes were hidden inside their socks, which led to an amusing reaction when they realized their toes weren’t visible!

The children were also introduced to the song ""Head, Shoulders, Knees, and Toes"" by Super Simple Songs. You can play this song at home and join your little ones in dancing along, transitioning from slow to fast movements. The children especially enjoyed the fast-paced part when they had to point to their body parts.

The children were invited to a body tracing experience. They lay down on a large piece of mahjong paper while the teacher traced their bodies. However, most of the children weren't quite ready to engage in the tracing experience this time. We will continue to encourage them next week.

Finally, the children shared photos from their Chinese New Year celebrations with their families. They were excited and curious as they showed their photos to their friends. Thank you to everyone for sharing such wonderful memories!

Happy Weekend!",,,published,2025-02-08 16:24:21,2025-02-08 16:00:11,2025-02-08 16:24:21,NULL,"{""id"": 5, ""code"": ""DTH01""}","[{""id"": 1409, ""label"": ""2025 Playgroup Explorers""}]",NULL,[],[]
292178,album,Self-Portrait ,"This week, the children continued their exploration of self-identity and their unique qualities by creating self-portraits using a variety of art mediums.

First, they were invited to observe their facial features in a mirror and share their observations. They then sketched their faces on paper, paying close attention to the details they noticed.

Next, they were provided with watercolors to paint their portraits. Once dried, the children personalize their artwork further by selecting either yarn or straws to represent their hair.",,,published,2025-02-09 02:55:03,2025-02-08 18:57:32,2025-02-09 02:55:03,NULL,"{""id"": 1, ""code"": ""DNI00""}","[{""id"": 1298, ""label"": ""2025 N2 Eric Carle""}]",NULL,[],[]
292179,album,Numicon Colour Sort,"The children were invited to sort Numicons by color, this time placing them into sections drawn with chalk. After identifying the colors and sorting the Numicons accordingly, they explored further by using the chalk to trace the shapes of the Numicons, draw, and decorate the different sections.",,,published,2025-02-09 02:54:26,2025-02-08 18:59:16,2025-02-09 02:54:26,NULL,"{""id"": 1, ""code"": ""DNI00""}","[{""id"": 1298, ""label"": ""2025 N2 Eric Carle""}]",NULL,[],[]
292185,album,Term 1 Week 5: Textures Hunt,"Learning Objectives: 

• To explore and identify different textures in the environment and describe their attributes.

• To develop observational and sorting skills through group collaboration.

This week, we continued our exciting exploration of textures! We read The Mixed-Up Chameleon by Eric Carle, where the children made thoughtful guesses about the possible textures on the chameleon's body.

Following the story, we went on a texture hunt around the classroom. The children eagerly shared the different textures they discovered, describing attributes such as rough, smooth, bumpy, and soft. They then worked together to sort and match textures with their peers.

Date of activity: 7 February 2025",,,published,2025-02-09 01:56:33,2025-02-09 01:56:25,2025-02-09 01:56:32,NULL,"{""id"": 10, ""code"": ""DTE01""}","[{""id"": 1316, ""label"": ""2025 Kindergarten 2 Elgar""}]",NULL,[],[]
292186,album,Candy House in the Mountain 《山间有座糖果屋》,"The children had an immersive experience watching the Mandarin play Candy House in the Mountain 《山间有座糖果屋, which engaged their sense of hearing.

The play featured a single talented actor who portrayed multiple characters, accompanied by a dedicated team responsible for creating captivating music and sound effects. An additional screen gave the children a behind-the-scenes glimpse of how the sounds were made — from splashing water and rustling leaves to the charming whistle of a bird.

It was a wonderful opportunity for the children to appreciate the creative elements that bring a story to life through sound and imagination!",,,published,2025-02-09 02:01:17,2025-02-09 02:01:11,2025-02-09 02:01:17,NULL,"{""id"": 10, ""code"": ""DTE01""}","[{""id"": 1316, ""label"": ""2025 Kindergarten 2 Elgar""}]",NULL,[],[]
292189,album,Happy Birthday Jared!,Thank you for the goodies and cake!🎂🥳,,,published,2025-02-09 03:00:58,2025-02-09 03:00:48,2025-02-09 03:00:57,NULL,"{""id"": 1, ""code"": ""DNI00""}","[{""id"": 1298, ""label"": ""2025 N2 Eric Carle""}]",NULL,[],[]
292190,album,T1W5活动,"这周是第五周，小朋友们对绘本一《奥莉薇》的学习内容和过程进行了总结。大家一起利用图片讲奥莉薇的故事、用棒偶进行角色对话，还一起创编故事“我的朋友奥莉薇”，并绘制一本自己的故事书。
小朋友们还总结了我们参观美术馆的学习成果，根据自己的参观体验总结出十条“参观美术馆行为规范”，并一起合作制作了一张海报。",,,published,2025-02-09 03:32:10,2025-02-09 03:31:55,2025-02-09 03:34:51,NULL,"{""id"": 5, ""code"": ""DTH01""}","[{""id"": 1405, ""label"": ""2025 Kindergarten 2 Risk-Takers""}]",NULL,[],[]
292191,album,《菲菲生气了》故事排序,"幼儿从神秘箱中抽取一张故事图片，尝试用华语描述出图片上的内容，然后再根据图片的内容按照故事发展的顺序进行排序。通过活动能够锻炼幼儿对图画的观察能力，并用简短的句子来描述图片内容，还能加深幼儿对故事内容的理解。
小朋友们很厉害，他们能够合作并且按照正确的顺序完成故事排序。",,,published,2025-02-09 03:41:18,2025-02-09 03:40:34,2025-02-09 03:41:18,NULL,"{""id"": 16, ""code"": ""MBS""}","[{""id"": 1382, ""label"": ""2025 Kindergarten 1 Gratitude""}]",NULL,[],[]
292192,album,本周分享,"健弘分享了自己去马来西亚过华人新年在机场的经历。他说自己喜欢在机场玩，并比较了马来西亚的吉隆坡飞机场和新加坡的樟宜机场，觉得自己更喜欢吉隆坡飞机场，因为他在那里吃到了巧克力，樟宜机场没有卖巧克力的地方。当他这么说的时候，小朋友们纷纷发表意见说新加坡的樟宜机场也有很多巧克力卖，小朋友们对他在机场搭自动人行道很感兴趣。健弘说，吉隆坡机场的自动人行道很长，很好玩。姐姐跑的比他快，因为他要推行李车。
健弘还和大家讨论了能不能在机场喂鱼的事，因为他看到有人在喂鱼，但是鱼池边上的拍子写了“不可以喂鱼”。",,,published,2025-02-09 04:07:21,2025-02-09 04:07:16,2025-02-09 04:07:20,NULL,"{""id"": 5, ""code"": ""DTH01""}","[{""id"": 1405, ""label"": ""2025 Kindergarten 2 Risk-Takers""}]",NULL,[],[]
292193,album,消气的方法,"幼儿学习儿歌《生气歌》，通过儿歌内容，大家一起讨论，当我们生气时，可以用哪些方法赶走生气的情绪。
幼儿们开动脑筋，想出了很多不同的方法，非常棒！最后幼儿在画纸上画出适合自己的方法。",,,published,2025-02-09 04:42:41,2025-02-09 04:42:26,2025-02-09 04:42:40,NULL,"{""id"": 16, ""code"": ""MBS""}","[{""id"": 1382, ""label"": ""2025 Kindergarten 1 Gratitude""}]",NULL,[],[]
292199,post,亲子活动--我会照顾好牙齿," Hi 家长们好！

这个星期我们学习了如何做一个会照顾牙齿的好主人，孩子们也知道早晚要刷牙，吃饭过后要漱口，少吃糖等健康习惯。我们希望通过这些活动能帮助孩子们了解照顾好个人健康是对自己负责任的行为。您在家里也可以鼓励和提醒孩子们饭后和睡前要刷牙、漱口等。另外，我们也学习了儿歌《刷牙歌》，以下是儿歌歌词，您可以在家里和您的孩子一起复习儿歌。

幼儿们也带回家一个适合此年龄的牙刷及关于照顾牙齿的英文说明，请家长协助幼儿使用及讲解给幼儿相关的知识。多谢家长的支持与配合。
",,,published,2025-02-09 05:58:40,2025-02-09 05:58:37,2025-02-09 06:01:48,NULL,"{""id"": 5, ""code"": ""DTH01""}","[{""id"": 1407, ""label"": ""2025 Nursery 2 Reflectors""}]",NULL,[],[]
292202,album,蛇年美术作品,在蛇年来临之际老师准备了一些美术材料如:马克笔，颜料，彩色纸等，鼓励幼儿观察蛇的形态用颜料画出蛇，鼓励幼儿画出不同的图案，鼓励幼儿用彩色纸来粘贴出一些新年元素如:红包，金元宝，橘子等。,,,published,2025-02-09 07:01:10,2025-02-09 06:30:44,2025-02-09 07:01:10,NULL,"{""id"": 18, ""code"": ""OMB01""}","[{""id"": 1288, ""label"": ""2025 K2 Peter H.Reynolds""}]",NULL,[],[]
292204,album,小小设计师,"在老师出示了奥莉薇不同穿着打扮的图片后,请幼儿一起讨论大家平时穿的衣服和装扮,老师提供了铅笔、剪刀、胶水以及废旧布料,鼓励幼儿发挥想象力,自由选择喜欢的材料进行创作,为自己设计衣服和鞋子.",,,published,2025-02-09 07:01:42,2025-02-09 06:32:37,2025-02-09 07:01:42,NULL,"{""id"": 18, ""code"": ""OMB01""}","[{""id"": 1288, ""label"": ""2025 K2 Peter H.Reynolds""}]",NULL,[],[]
292206,album,作品展示与分享《小小设计师》,"鼓励幼儿能主动用华语介绍自己的作品,如:自己使用了哪些材料,设计了哪款服装以及这样创作的原因。在欣赏同伴的作品时,鼓励幼儿分享他们对作品的想法和感受.",,,published,2025-02-09 07:02:00,2025-02-09 06:34:07,2025-02-09 07:02:00,NULL,"{""id"": 18, ""code"": ""OMB01""}","[{""id"": 1288, ""label"": ""2025 K2 Peter H.Reynolds""}]",NULL,[],[]
292207,album,我喜爱的活动,"教师带领幼儿玩照镜子的游戏,请幼儿通过""照镜子""的方式进行模仿一些幼儿们喜爱的活动如:画画、唱歌、跳舞、跑步等,之后,老师将句式""我爱...""写在白板上,鼓励幼儿使用句式来说说他们平时最爱做的哪些事以及为什么。",,,published,2025-02-09 07:02:17,2025-02-09 06:36:08,2025-02-09 07:02:16,NULL,"{""id"": 18, ""code"": ""OMB01""}","[{""id"": 1288, ""label"": ""2025 K2 Peter H.Reynolds""}]",NULL,[],[]
292208,album,最受欢迎的活动,"老师请幼儿回忆在上一节课中都说了哪些他们爱做的事,之后老师将这些事情记录在白板上,老师为幼儿分发3张小卡片鼓励幼儿画出自己的脸制作投票卡,鼓励幼儿从这些事情中选出三件自己喜欢的事情并投票,最后,老师引导幼儿以柱形图的形式来摆放他们的投票卡,鼓励幼儿用序数词来表示数量的顺序,如票数最多的为第一,依次为第二、第三...",,,published,2025-02-09 07:02:29,2025-02-09 06:37:45,2025-02-09 07:02:29,NULL,"{""id"": 18, ""code"": ""OMB01""}","[{""id"": 1288, ""label"": ""2025 K2 Peter H.Reynolds""}]",NULL,[],[]
292217,album,Thinkerbox Enrichment,"The children had their first Thinkerbox lesson this week. In Thinkerbox, the children participate in activities that foster creativity, problem-solving, critical thinking, and hands-on learning. To kick off the lesson, they were introduced to a variety of prompt cards containing instructions such as ""Sit Up Straight"" and ""Raise Your Hand."" Each instruction was paired with a corresponding action to help the children remember and apply it. The children practiced each instruction until they were able to carry out the action without needing to refer to the cards.

In the second half of the lesson, the children were divided into two groups to engage in activities designed to enhance their problem-solving and critical thinking skills. One activity involved the children being shown picture cards with either a numeral or an image of a hand indicating the number. In the other activity, they were given a picture card with dotted lines of varying straightness connecting a car to a house. The task was for the children to trace the dotted lines from the car to the house using their fingers.",,,published,2025-02-09 07:44:20,2025-02-09 07:43:40,2025-02-09 07:44:19,NULL,"{""id"": 1, ""code"": ""DNI00""}","[{""id"": 1297, ""label"": ""2025 N1 Marcus Pfister""}]",NULL,[],[]
292222,album,Nature as a backdrop,"This month, we will be exploring creepy crawlies. For this activity, we were given cardboard cutouts featuring various creatures, such as a ""snail,"" ""bee,"" and ""worm,"" to name a few. While outdoors, we were encouraged to observe how nature serves as a beautiful backdrop through the lens of these cutouts. Additionally, this provided a great opportunity to learn how nature also acts as excellent camouflage for these creepy crawlies.",,,published,2025-02-09 08:13:37,2025-02-09 08:13:23,2025-02-09 08:13:36,NULL,"{""id"": 1, ""code"": ""DNI00""}","[{""id"": 1297, ""label"": ""2025 N1 Marcus Pfister""}]",NULL,[],[]
292223,album,第一学期第五周 活动照片,"Hi 家长们好！

本周幼儿们学习了儿歌《刷牙歌》，幼儿们能在老师的鼓励下跟着老师一起念出儿歌句子，并能以小组形式围成圆圈在吹泡泡游戏的过程中跟着变换动作说出整个儿歌句子。希望家长能在家与幼儿一起复习此儿歌。

幼儿们在摸一摸猜一猜的游戏中认识了实物牙刷、牙膏及杯子，并在老师的鼓励引导下认识了其词语。也鼓励幼儿能大声的念出词语及拿着实物说出名称。幼儿们在角落游戏刷牙排序中尝试进行活动，逐步对刷牙步骤进行巩固。

我们的早期阅读开始了，幼儿们在这几天与老师一起阅读的过程中逐渐能听懂老师简单的指令，能简单回答老师的提问及用小手指尝试点字跟着老师一起进行阅读故事。

老师提供白色橡皮泥和纸盘，鼓励引导幼儿尝试搓出小球并进行按压，然后排列在纸盘上面，尝试制作自己的牙齿。幼儿们能积极的参与活动进行创作。

我们也学习了词语：晚安、关灯、刷牙、睡觉。
儿歌：晚安
小手洗洗，牙齿刷刷，睡觉关灯，大家晚安！

希望家长有时间与幼儿一起复习！",,,published,2025-02-09 08:16:22,2025-02-09 08:16:10,2025-02-09 08:24:27,NULL,"{""id"": 5, ""code"": ""DTH01""}","[{""id"": 1407, ""label"": ""2025 Nursery 2 Reflectors""}]",NULL,[],[]
292235,album,Journal Writing,"The children reflected the activities that they did this week and recorded the one that the one they enjoyed the most through drawing and copywriting. Some of them included the outdoor game called ""Monkey in the middle"", finding the hidden bear underneath the sight word cups. ",,,published,2025-02-09 09:21:05,2025-02-09 09:11:32,2025-02-09 09:21:04,NULL,"{""id"": 18, ""code"": ""OMB01""}","[{""id"": 1287, ""label"": ""2025 K1 Jo Empson""}]",NULL,[],[]
292236,album,Animal Groups,"After the children were engaged in sorting the animal toys according to different categories such as ""with patterns and without patterns"" and ""land and sea animals"", they drew their ideas and labelled the group names through copywriting. During the process, they took note of space between words. ",,,published,2025-02-09 09:19:54,2025-02-09 09:19:46,2025-02-09 09:19:53,NULL,"{""id"": 18, ""code"": ""OMB01""}","[{""id"": 1287, ""label"": ""2025 K1 Jo Empson""}]",NULL,[],[]
292237,album,Excursion to watch The Very Hungry Caterpillar Play,"We went on our first excursion of the year to watch the theatre production of The Very Hungry Caterpillar by Eric Carle. Everyone was filled with excitement as we boarded the big bus to head to the theatre. Upon arriving, we were amazed by the crowd of tourists gathered around the area, which made the experience even more thrilling. The theatre staff ushered us to our seats, and we were grateful for the booster seats provided, ensuring we had a clear and unobstructed view of the stage. We were also reminded that photos and videos were not allowed during the performance.

Once the lights dimmed, the play began, and we were immediately captivated by the four talented actors who brought the story to life with their animated expressions. We were pleasantly surprised to experience not just one, but four of Eric Carle’s beloved stories: Brown Bear, Brown Bear, What Do You See?, 10 Little Rubber Ducks, The Very Busy Spider, and of course, The Very Hungry Caterpillar. The stories were told in such an entertaining and lively manner, and with the help of large puppets, we couldn’t help but shout out the names of our favorite characters.

After the performance, we enjoyed a small snack before boarding the bus back to school, where we had lunch and a much-needed nap.",,,published,2025-02-09 09:52:12,2025-02-09 09:51:41,2025-02-09 09:52:12,NULL,"{""id"": 1, ""code"": ""DNI00""}","[{""id"": 1297, ""label"": ""2025 N1 Marcus Pfister""}]",NULL,[],[]
292239,album,打鼓,"幼儿用手击打玩具鼓让鼓不断地发出鼓声，游戏促进了幼儿理解击打与鼓声之间的因果关系。
",,,published,2025-02-09 10:46:29,2025-02-09 10:46:23,2025-02-09 10:46:28,NULL,"{""id"": 16, ""code"": ""MBS""}","[{""id"": 1376, ""label"": ""2025 Infant Joy""}]",NULL,[],[]
292240,album,探索自然环境,幼儿在自然角探索和触摸一些自然物品，活动初步培养了幼儿的好奇心和探索意识。,,,published,2025-02-09 10:52:46,2025-02-09 10:52:41,2025-02-09 10:52:46,NULL,"{""id"": 16, ""code"": ""MBS""}","[{""id"": 1376, ""label"": ""2025 Infant Joy""}]",NULL,[],[]
292241,album,自己吃饭,"老师给幼儿汤匙，让幼儿学习自己吃饭，初步培养个人 自理能力的意识。
",,,published,2025-02-09 10:55:37,2025-02-09 10:55:27,2025-02-09 10:55:36,NULL,"{""id"": 16, ""code"": ""MBS""}","[{""id"": 1376, ""label"": ""2025 Infant Joy""}]",NULL,[],[]
292242,album,自己吃饭,"老师给幼儿汤匙，让幼儿学习自己吃饭，初步培养个人 自理能力的意识。
",,,published,2025-02-09 10:58:11,2025-02-09 10:58:04,2025-02-09 10:58:11,NULL,"{""id"": 16, ""code"": ""MBS""}","[{""id"": 1376, ""label"": ""2025 Infant Joy""}]",NULL,[],[]
292247,album,探索玩具,老师给幼儿提供了一些玩具，让幼儿自己探索每个玩具的不同特征和玩法。初步培养了幼儿的好奇心和探索意识。,,,published,2025-02-09 11:10:49,2025-02-09 11:10:40,2025-02-09 11:10:49,NULL,"{""id"": 16, ""code"": ""MBS""}","[{""id"": 1376, ""label"": ""2025 Infant Joy""}]",NULL,[],[]
292250,album,拼球游戏,"老师给幼儿一套可以拼成圆球，也可以拆开的半圆玩具，让幼儿拼接，拆开，或者叠起来，通过活动初步放在幼儿对科学概念的感知。
",,,published,2025-02-09 11:22:11,2025-02-09 11:22:01,2025-02-09 11:22:10,NULL,"{""id"": 16, ""code"": ""MBS""}","[{""id"": 1376, ""label"": ""2025 Infant Joy""}]",NULL,[],[]
292252,album,对号入座,"让幼儿将不同形状的模块放进盒上对应的形状孔中，游戏培育了幼儿对物体永恒的概念。
",,,published,2025-02-09 11:25:08,2025-02-09 11:24:54,2025-02-09 11:25:07,NULL,"{""id"": 16, ""code"": ""MBS""}","[{""id"": 1376, ""label"": ""2025 Infant Joy""}]",NULL,[],[]
292253,album,玩具回家：,"老师告诉幼儿不玩玩具了就让玩具回家，老师让幼儿听从指令把玩具放进玩具箱，活动促进了幼儿个人自理能力的发展。
",,,published,2025-02-09 11:28:25,2025-02-09 11:28:17,2025-02-09 11:28:24,NULL,"{""id"": 16, ""code"": ""MBS""}","[{""id"": 1376, ""label"": ""2025 Infant Joy""}]",NULL,[],[]
292254,album,敲敲琴,"让幼儿在音乐玩具上击打出不同的音符，培养幼儿对音乐与律动的兴趣和喜好。
",,,published,2025-02-09 11:30:36,2025-02-09 11:30:29,2025-02-09 11:30:35,NULL,"{""id"": 16, ""code"": ""MBS""}","[{""id"": 1376, ""label"": ""2025 Infant Joy""}]",NULL,[],[]
292255,album,敲打钢管：,击打钢管的叮当声音，让幼儿努力准确地击打钢管，活动发展了幼儿手眼的协调能力。,,,published,2025-02-09 11:32:41,2025-02-09 11:32:37,2025-02-09 11:32:41,NULL,"{""id"": 16, ""code"": ""MBS""}","[{""id"": 1376, ""label"": ""2025 Infant Joy""}]",NULL,[],[]
292258,album,体验学步幼儿班,"颖悦和天恩下个月要升班了，老师带他们去参观学步幼儿班教室和认识新的老师和同学，并和新朋友一起玩，让他们能更快的适应升班后的新环境。 
",,,published,2025-02-09 11:39:14,2025-02-09 11:39:11,2025-02-09 11:39:13,NULL,"{""id"": 16, ""code"": ""MBS""}","[{""id"": 1376, ""label"": ""2025 Infant Joy""}]",NULL,[],[]
292260,album,午餐时间,"升班前夕的午餐时间，老师带颖悦和天恩去和学步幼儿班的小朋友一起吃午餐，让他们能更好的适应升班后的新环境。
",,,published,2025-02-09 11:45:27,2025-02-09 11:45:15,2025-02-09 11:45:27,NULL,"{""id"": 16, ""code"": ""MBS""}","[{""id"": 1376, ""label"": ""2025 Infant Joy""}]",NULL,[],[]
292261,post,看图识物,"在户外活动时，幼儿们总是对花园中的植物很感兴趣，那么老师为幼儿们准备了花园中常见花草的图片让幼儿们在探索的同时并记得它们的华文名称，幼儿们跟随老师一起去寻找图片上的花草植物并和老师一起说出它的华文名称：金凤花；鸟巢蕨；猩红椰子；龙船花。

幼儿们能够跟随老师重复这些植物的名称，并且寻找到与图片上之正确的花草植物。幼儿们很寓教于乐之于让幼儿们对华文产生更大的兴趣。",,,draft,2025-02-09 11:46:16,2025-02-09 11:46:09,2025-02-09 11:46:15,NULL,"{""id"": 1, ""code"": ""DNI00""}","[{""id"": 1298, ""label"": ""2025 N2 Eric Carle""}]",NULL,[],[]
292262,album,走走看看,"老师带幼儿去户外大自然中散步，看周围的环境，讲讲天气，活动培育了幼儿对周围世界的初步感知。
",,,published,2025-02-09 11:49:52,2025-02-09 11:49:38,2025-02-09 11:49:52,NULL,"{""id"": 16, ""code"": ""MBS""}","[{""id"": 1376, ""label"": ""2025 Infant Joy""}]",NULL,[],[]
292263,album,户外游乐场,"老师带幼儿去户外游乐场，让幼儿在游乐场玩骑脚车，滑滑梯和追泡泡等各种活动，通过活动发展身体健康和身体控制能力。
",,,published,2025-02-09 11:54:21,2025-02-09 11:53:53,2025-02-09 11:54:21,NULL,"{""id"": 16, ""code"": ""MBS""}","[{""id"": 1376, ""label"": ""2025 Infant Joy""}]",NULL,[],[]
292265,post,牙具秀,幼儿们已经对日常生活中常见的牙齿护理工具有了一定的认识，老师准备了更多更加丰富的牙具供幼儿们进行参观，例如：电动牙刷；儿童牙刷；成人牙刷；儿童牙膏；成人牙膏；漱口水等等。幼儿们通过展示了解到：自己可以使用儿童牙刷和儿童牙膏；电动牙刷的使用方式；妈妈爸爸会使用成人牙刷和成人牙膏进行口腔护理，也可以使用漱口水来清洁口腔。,,,draft,2025-02-09 11:55:03,2025-02-09 11:54:46,2025-02-09 11:55:02,NULL,"{""id"": 1, ""code"": ""DNI00""}","[{""id"": 1298, ""label"": ""2025 N2 Eric Carle""}]",NULL,[],[]
292266,post,踢球游戏,幼儿们本周和教练练习踢球的动作技能，跟随教练的指令进行踢球，热身，大肌肉训练技能练习。,,,draft,2025-02-09 11:58:24,2025-02-09 11:58:16,2025-02-09 11:58:24,NULL,"{""id"": 1, ""code"": ""DNI00""}","[{""id"": 1298, ""label"": ""2025 N2 Eric Carle""}]",NULL,[],[]
292268,album,Thinker box （第一节）,为我们班级的小朋友们点赞，他们本周上了新的第一节课外课Thinker box ，小朋友们都有认真听老师们的指令，并与老师们进行互动。第一节课的主要内容是锻炼小朋友们的听力，老师给出指令，幼儿根据指令做动作，例如：拍一下手，拍两下手，坐下，站起来等。,,,published,2025-02-09 12:06:37,2025-02-09 12:06:01,2025-02-09 12:06:37,NULL,"{""id"": 16, ""code"": ""MBS""}","[{""id"": 1380, ""label"": ""2025 Nursery 1 Courage""}]",NULL,[],[]
292269,album,神奇的小手之毛毛虫,教师向幼儿介绍毛毛虫，幼儿熟悉毛毛虫。然后教师讲解美术活动的步骤，幼儿用笔刷蘸取颜料，将其涂在小手上，将小手上的颜料拓印在毛毛虫头的后面（作为毛毛虫的身体），幼儿对活动很感兴趣，有的小朋友们还要多做几次。,,,published,2025-02-09 12:13:04,2025-02-09 12:12:42,2025-02-09 12:13:03,NULL,"{""id"": 16, ""code"": ""MBS""}","[{""id"": 1380, ""label"": ""2025 Nursery 1 Courage""}]",NULL,[],[]
292270,post,《奥莉薇》绘本模仿秀,"让我们一起来模仿奥莉薇吧！

小朋友们在新年之初学习了绘本《奥莉薇》，奥莉薇是能常常把人累晕的小朋友，她还喜欢堆沙堡、晒太阳，但是呢，她却不喜欢睡午觉。

小朋友们通过对奥莉薇的仔细观察，一起对奥莉薇的动作进行了模仿秀，请爸爸妈妈们也通过链接观看绘本和小朋友们一起来观察一下奥莉薇的动作，进行一个模仿秀吧！",,https://www.youtube.com/watch?v=o68Z7yFGrBg,published,2025-02-09 12:18:57,2025-02-09 12:18:42,2025-02-09 12:18:57,NULL,"{""id"": 1, ""code"": ""DNI00""}","[{""id"": 1301, ""label"": ""2025 K2 Debi Gliori""}]",NULL,[],[]
292272,album,把手洗干净,幼儿观察“手”哪里脏，然后将小手放进水里面，将小手洗干净，小朋友们都洗的很认真哦，锻炼小朋友们的观察能力和解决问题的能力。,,,published,2025-02-09 12:22:47,2025-02-09 12:22:29,2025-02-09 12:22:47,NULL,"{""id"": 16, ""code"": ""MBS""}","[{""id"": 1380, ""label"": ""2025 Nursery 1 Courage""}]",NULL,[],[]
292273,post,课间活动,让我们一起玩“丢手绢”吧！,,,published,2025-02-09 12:39:59,2025-02-09 12:39:48,2025-02-09 12:39:58,NULL,"{""id"": 1, ""code"": ""DNI00""}","[{""id"": 1301, ""label"": ""2025 K2 Debi Gliori""}]",NULL,[],[]
292314,album,February Week 1: Weekly Highlight,Feelings & Emotions,,,published,2025-02-10 05:20:28,2025-02-10 05:20:12,2025-02-10 05:20:28,NULL,"{""id"": 20, ""code"": ""TMJ""}","[{""id"": 1402, ""label"": ""2025 N1 Kelly""}]",NULL,[],[]
292316,album,February Week 1,Activities of the week!,,,published,2025-02-10 05:32:59,2025-02-10 05:31:33,2025-02-10 05:32:59,NULL,"{""id"": 20, ""code"": ""TMJ""}","[{""id"": 1402, ""label"": ""2025 N1 Kelly""}]",NULL,[],[]
292317,album,二月 第二周 活动集锦,这是本周部分活动的照片，请浏览！,,,published,2025-02-14 05:23:28,2025-02-10 05:42:16,2025-02-14 08:27:43,NULL,"{""id"": 20, ""code"": ""TMJ""}","[{""id"": 1402, ""label"": ""2025 N1 Kelly""}]",NULL,[],[]
292320,album,Activities this week (Term 1 Week 5),3/2 - 7/2,,,published,2025-02-10 06:05:06,2025-02-10 06:03:02,2025-02-13 13:14:33,NULL,"{""id"": 20, ""code"": ""TMJ""}","[{""id"": 1433, ""label"": ""2025 K2 Robinson""}]",NULL,[],[]
292322,album,二月 第一周：水中的事物,"活动目标：
1.通过玩水的活动，探索物品的沉浮。发展幼儿对材料属性的认知，养幼儿对科学概念的认识。

2.培养与他人分享的能力和尊重他人的意识。

活动过程：
教师准备了幼儿经常玩的玩具，邀请幼儿把玩具依次的放入水中，观察每个物体是浮在水面上，还是沉到水底。教师提出问题“为什么某些玩具会漂浮，而另一些玩具则沉到水底？”鼓励幼儿勇于探索答案，和朋友讨论。幼儿对水中的物体浮沉现象产生浓厚兴趣，教师简单介绍浮力的概念，让幼儿知道有些物体浮在水面是因为它们的密度较小，而有些物体沉下去则是因为它们的密度较大。通过操作和讨论，帮助幼儿理解浮力和物质密度的基本概念。


此活动于星期五进行。",,,published,2025-02-10 06:50:30,2025-02-10 06:10:29,2025-02-10 06:50:29,NULL,"{""id"": 10, ""code"": ""DTE01""}","[{""id"": 1312, ""label"": ""2025 Nursery 1 Lois Ehlert""}]",NULL,[],[]
292324,album,二月 第一周:水中的事物,"活动目标：
1.通过玩水的活动，探索物品的沉浮。发展幼儿对材料属性的认知，养幼儿对科学概念的认识。

2.培养与他人分享的能力和尊重他人的意识。

活动过程：
教师准备了幼儿经常玩的玩具，邀请幼儿把玩具依次的放入水中，观察每个物体是浮在水面上，还是沉到水底。教师提出问题“为什么某些玩具会漂浮，而另一些玩具则沉到水底？”鼓励幼儿勇于探索答案，和朋友讨论。幼儿对水中的物体浮沉现象产生浓厚兴趣，教师简单介绍浮力的概念，让幼儿知道有些物体浮在水面是因为它们的密度较小，而有些物体沉下去则是因为它们的密度较大。通过操作和讨论，帮助幼儿理解浮力和物质密度的基本概念。


此活动于星期五进行。",,,published,2025-02-10 06:48:55,2025-02-10 06:12:09,2025-02-10 06:48:54,NULL,"{""id"": 10, ""code"": ""DTE01""}","[{""id"": 1313, ""label"": ""2025 Nursery 1 Taro Gomi""}]",NULL,[],[]
292327,album,Term 1 Week 5,"Dear Parents,

The teacher introduced the concept of a ""Community Talent Board"" to celebrate each child’s talents and abilities. Children were provided with a large sheet of paper and were encouraged to represent their talents through drawings, symbols, or writing. They also wrote a short sentence describing their talent, using print conventions like capitalization, spacing, and punctuation.

The teacher introduced the concept of a ""Talent Mural"" as a way for the class to represent their unique abilities and how they come together as a group. Children brainstormed ideas for how a mural about their talents could look like, deciding together on the theme “K2 on Stage”. They worked together to create their mural using different materials and incorporating concepts that they have learnt from Math (patterns, textures and ordering). Way to go, children!


Kind regards,
Teacher Karen
",,,published,2025-02-11 03:33:31,2025-02-10 06:15:32,2025-02-11 03:33:31,NULL,"{""id"": 5, ""code"": ""DTH01""}","[{""id"": 1405, ""label"": ""2025 Kindergarten 2 Risk-Takers""}]",NULL,[],[]
292339,album,二月第二周，探索环。,"活动目标：通过适宜的触摸体验来发展婴幼儿的触觉与视觉。
活动过程：
老师先把环包不同的的物质，再让孩子自由去探索它。
较大的孩子会自己拿与摸它，感觉它的粗、细、软、硬。
较小的孩子要老师陪同他们一起玩。
通过此活动来促进孩子初步的视觉与触觉发展。
",,,published,2025-02-10 06:48:49,2025-02-10 06:48:33,2025-02-10 23:24:45,NULL,"{""id"": 10, ""code"": ""DTE01""}","[{""id"": 1310, ""label"": ""2025 Infant Mozart""}]",NULL,[],[]
292356,post,Musical Hats with Harry Hat Man,"In line with a new Letterland character 'Harry Hat Man', the children played a 'Musical Hats' (similar to Musical Chairs' game! They got to try different hats and learn other words that begin with the 'h' sound. They even acted out the Harry Hat man action trick by placing a hand in front of their mouth while making the 'h' sound.",,,published,2025-02-10 13:55:00,2025-02-10 13:54:52,2025-02-10 13:56:25,NULL,"{""id"": 18, ""code"": ""OMB01""}","[{""id"": 1286, ""label"": ""2025 N2 Kevin Henkes""}]",NULL,[],[]
292359,post,Family Activities Chart,"Continuing with the theme ""Things We Do as a Family"", the children chose an activity they enjoy doing with their family and illustrated it on a drawing paper. After completing their individual drawings and labels, their artworks were placed side by side, creating a class chart to facilitate discussions about the similarities and differences in family activities.

This activity helps children appreciate the diversity of experiences within their class while building confidence in expressing their ideas both visually and verbally.",,,published,2025-02-14 16:37:15,2025-02-11 00:15:19,2025-02-14 16:39:44,NULL,"{""id"": 1, ""code"": ""DNI00""}","[{""id"": 1300, ""label"": ""2025 K1 David McKee""}]",NULL,[],[]
292364,album,Rock Climbing,"Yesterday, the children participated in their usual rock climbing session. They had opportunities to climb different sections of the rock wall, starting with the easier ones and progressing to slightly more challenging ones. The children also learnt to recognize footholds and handholds by playing games such as running towards them and tapping the ones they could identify!",,,draft,2025-02-11 23:51:44,2025-02-11 02:30:10,2025-02-11 23:51:44,NULL,"{""id"": 1, ""code"": ""DNI00""}","[{""id"": 1300, ""label"": ""2025 K1 David McKee""}]",NULL,[],[]
292371,album,Term 1 Week 6 Album: Fingerprint Exploration,"OBJECTIVES:
- Children will use tools to help them focus on an object and define the characteristics they are observing
- Children will describe the lines (eg. straight, wavy, zigzag, dotted, spiral, thick, thin) that they see as they observe their fingerprints. 


This week, the teacher provided ink pads and paper for children to press their fingers onto, creating clear fingerprint impressions. Using magnifying glasses, children examined their fingerprints and compare the unique patterns with their peers, discussing swirls, loops, and lines. They then talked about the similarities and differences that they are seeing. Children also reflected on how each fingerprint is one of a kind, just like their individuality, and encouraged them to manage any frustration or excitement by taking turns and using kind words during comparisons.

This was conducted on 11 February 2025.",,,published,2025-02-14 05:15:03,2025-02-11 05:19:24,2025-02-14 05:16:15,NULL,"{""id"": 10, ""code"": ""DTE01""}","[{""id"": 1314, ""label"": ""2025 Nursery 2 Eric Carle""}]",NULL,[],[]
292373,album,exploring the Letter Dd,"
In this lesson, the children focused on recognising and understanding the phonic sound of /d/, as well as identifying pictures that start with the letter Dd. We began with songs and stories featuring the Letterland character, Dippy Duck, to introduce the sound. The children sang the Dippy Duck song to reinforce the /d/ sound and then took part in an art activity, painting stamping toy animals such as dinosaurs, donkey, and dog on a “d” cut out. ",,,published,2025-02-11 05:31:16,2025-02-11 05:31:01,2025-02-11 05:31:16,NULL,"{""id"": 18, ""code"": ""OMB01""}","[{""id"": 1285, ""label"": ""2025 N2 Eric Carle""}]",NULL,[],[]
292376,album,CNY celebration,Here are some photos during our CNY celebration in school. ,,,published,2025-02-11 05:39:58,2025-02-11 05:39:45,2025-02-11 05:39:57,NULL,"{""id"": 18, ""code"": ""OMB01""}","[{""id"": 1285, ""label"": ""2025 N2 Eric Carle""}]",NULL,[],[]
292377,album,Sense of Hearing,"In our Curious Work lesson on the sense of hearing, children were blindfolded and challenged to identify objects solely by their sounds. This engaging activity allowed them to sharpen their listening skills and recognise different materials—such as glass, metal, wood, and even liquid—by the unique sounds they produce.",,,published,2025-02-11 05:46:03,2025-02-11 05:45:58,2025-02-11 05:46:03,NULL,"{""id"": 18, ""code"": ""OMB01""}","[{""id"": 1285, ""label"": ""2025 N2 Eric Carle""}]",NULL,[],[]
292378,post,Photos from Science Centre (extra),"Hi parents, 

I am uploading more photos we took from our field trip to Science Centre. Please find your child's photo in this album. Thank you!

Regards,
Debra ",,,published,2025-02-11 05:48:20,2025-02-11 05:48:06,2025-02-11 05:48:20,NULL,"{""id"": 5, ""code"": ""DTH01""}","[{""id"": 1407, ""label"": ""2025 Nursery 2 Reflectors""}]",NULL,[],[]
292379,album,迎财神接财神,"二月七日商场有舞狮还有财神爷，他们也来到学校给我们表演和祝福
我们也一起出来看舞狮表演还和财神爷一起合照，真是有趣的体验呢!",,,published,2025-02-11 05:48:51,2025-02-11 05:48:32,2025-02-11 05:48:50,NULL,"{""id"": 10, ""code"": ""DTE01""}","[{""id"": 1310, ""label"": ""2025 Infant Mozart""}]",NULL,[],[]
292380,album,Term 1 Week 6: “Kevin and His Dad” Story Leaves ,"Objectives:
1) Children will visually depict selected scenes from “Kevin and His Dad” on their chosen leaves and rearrange these images to retell the story in their own words.
2)  Children will grip and manoeuvre markers or sponges steadily as they draw/paint on leaves.

During this activity, the children did a recap about their focus storybook, ‘Kevin and His Dad’ by Irene Smalls and discussed about the sequence of events in the story. Next, the children worked in pairs and used dried leaves to paint. After the paint had dried, the pairs chose to illustrated different scenes, characters, or symbols from the story using markers or child-safe paint. The children then gathered as a class to sequence the story leaves.

This activity was conducted from 11-12th of February 2025.",,,published,2025-02-13 23:42:19,2025-02-11 05:48:51,2025-02-13 23:42:18,NULL,"{""id"": 10, ""code"": ""DTE01""}","[{""id"": 1315, ""label"": ""2025 Kindergarten 1 Darwin""}]",NULL,[],[]
292385,album,Exploring Sound,"In our Curious Work lesson on exploring sound, children experimented with how different amounts of liquid inside glass affect the sounds they produce. Using a metal spoon and food coloring, they observed variations in pitch and tone. Additionally, they explored vibrations by tying a thread to a metal fork and bringing it near their ear, discovering how sound amplifies through vibration. These hands-on activities encouraged children to actively engage their sense of hearing in fun and meaningful ways.",,,published,2025-02-11 05:54:45,2025-02-11 05:54:33,2025-02-11 05:54:45,NULL,"{""id"": 18, ""code"": ""OMB01""}","[{""id"": 1285, ""label"": ""2025 N2 Eric Carle""}]",NULL,[],[]
292393,album,二月 第一周 : 撈橘子好運來,"活动目标:
让婴幼儿有机会移动、翻滚和爬行，以满足其发展的需要

活动过程:
老师准备了很多橘子，向小朋友们介绍华文过年会交换橘子的习俗，并和小朋友们一起进行捞橘子的游戏。
小宝宝们尝试伸展自己的身体向前伸出手，捞一捞面前的橘子。能够爬行的小朋友们则是挑战拿取放置在一段距离的橘子。通过游戏过程让幼儿有机会尝试移动和爬行，促进他们的粗大肌肉发展，也为新年活动预先做练习。",,,published,2025-02-11 06:10:20,2025-02-11 06:10:14,2025-02-11 06:10:19,NULL,"{""id"": 10, ""code"": ""DTE01""}","[{""id"": 1310, ""label"": ""2025 Infant Mozart""}]",NULL,[],[]
292404,album,精彩活动：第一学期 第六周,请家长们查阅本周精彩活动！,,,published,2025-02-11 06:54:59,2025-02-11 06:54:22,2025-02-11 06:54:58,NULL,"{""id"": 20, ""code"": ""TMJ""}","[{""id"": 1432, ""label"": ""2025 K2 Potter""}]",NULL,[],[]
292406,album,二月第二周:抓一抓,"活动目标：发展视觉能力，如注视悬挂在床上的玩具，并将手伸向玩具等
活动描述:
幼儿在老师自制的悬挂玩具前表现出浓厚的兴趣，主动伸手抓握鲜艳明亮的玩具，或抬高双脚尝试触碰。月龄较大的幼儿能够跪着或坐着进行抓握，有些幼儿在老师的支持和鼓励下，甚至尝试站立着去触摸悬挂玩具。此类探索活动有效促进了幼儿身体控制能力的发展，增强了其手眼协调、平衡能力以及大肌肉群的灵活性。",,,published,2025-02-11 07:03:38,2025-02-11 07:03:29,2025-02-11 07:14:00,NULL,"{""id"": 10, ""code"": ""DTE01""}","[{""id"": 1310, ""label"": ""2025 Infant Mozart""}]",NULL,[],[]
292409,album,February Week 2: Enrichment,"Julia Gabriel, Octaves & Mathstro",,,published,2025-02-11 08:38:06,2025-02-11 08:37:27,2025-02-14 09:27:46,NULL,"{""id"": 20, ""code"": ""TMJ""}","[{""id"": 1402, ""label"": ""2025 N1 Kelly""}]",NULL,[],[]
292423,album,2025 狮舞吉祥贺新春活动,"感谢各位家长来参加2025年的第一场活动，感谢祥宏爸爸作为这次活动的家长志工，为我们带来如此精彩的故事。
活动中的亲子活动创作、捞橘子捞福气还有舞狮音乐会，因为有各位家长和小朋友们的配合和参与才能使这场活动顺利进行并圆满结束，希望你们喜欢这次的活动。
快来看看相簿中充满美好回忆的照片记录吧!

另外我们希望可以听到你们宝贵的意见，帮助我们未来的活动能够有更好的进步。
请各位家长协助填写下方的表单，谢谢!
https://forms.gle/bCut6f2R8Si88Es27",,,published,2025-02-11 10:51:05,2025-02-11 10:50:48,2025-02-11 10:56:45,NULL,"{""id"": 10, ""code"": ""DTE01""}","[{""id"": 1310, ""label"": ""2025 Infant Mozart""}]",NULL,[],[]
292426,post,开灯，关灯,这是什么？这是开关，按一下就关灯了。再按一下灯又亮了。,,,published,2025-02-11 11:33:17,2025-02-11 11:33:06,2025-02-11 11:33:16,NULL,"{""id"": 1, ""code"": ""DNI00""}","[{""id"": 1302, ""label"": ""2025 Infant Karen Katz""}]",NULL,[],[]
292427,post,几个灯笼？,我在拿着灯笼玩耍的时候，老师反复数给我听，一个，两个，三个，我很认真地听了。,,,published,2025-02-11 11:37:23,2025-02-11 11:37:20,2025-02-11 11:37:23,NULL,"{""id"": 1, ""code"": ""DNI00""}","[{""id"": 1302, ""label"": ""2025 Infant Karen Katz""}]",NULL,[],[]
292441,album,Weekly Highlight: Term 1 Week 6!,We went on a virtual museum tour this week! ,,,published,2025-02-11 22:41:57,2025-02-11 22:41:32,2025-02-11 22:46:47,NULL,"{""id"": 20, ""code"": ""TMJ""}","[{""id"": 1432, ""label"": ""2025 K2 Potter""}]",NULL,[],[]
292445,album,体育课外课,这是体育课外课的部分照片，请浏览！,,,draft,2025-02-12 04:42:54,2025-02-12 04:41:28,2025-02-12 04:42:54,NULL,"{""id"": 20, ""code"": ""TMJ""}","[{""id"": 1402, ""label"": ""2025 N1 Kelly""}]",NULL,[],[]
292453,album,Foil painting art,"The children were invited to unleash their creativity and use different coloured paints to paint on the foil. During the art process, they were able to experience painting on a different texture as well as explore colour mixing while painting. After painting, the children were provided with cellophane paper to beautify their foil painting art. This activity helps to foster their interest in art as they get to utilise the different art media to create their individualised artwork.",,,draft,2025-02-14 06:11:31,2025-02-12 05:34:18,2025-02-14 06:11:30,NULL,"{""id"": 1, ""code"": ""DNI00""}","[{""id"": 1295, ""label"": ""2025 PG Rod Campbell""}]",NULL,[],[]
292458,album,Exploring with ball,"The children were invited to explore and play with a ball during outdoor time. They were encouraged to push, roll, throw, kick, and think of other ways that they could do with a ball. Through this experience, it helps to develop their gross motor skills, coordination, and balance as they engage in various locomotor skills.",,,draft,2025-02-14 06:11:20,2025-02-12 05:45:51,2025-02-14 06:11:19,NULL,"{""id"": 1, ""code"": ""DNI00""}","[{""id"": 1295, ""label"": ""2025 PG Rod Campbell""}]",NULL,[],[]
292466,album,周活动 -- 第一学期第五周,"10/02 -- 14/02/2025

这是孩子们本周的其他活动，请您查收。",,,published,2025-02-12 06:24:18,2025-02-12 06:24:01,2025-02-12 09:31:52,NULL,"{""id"": 20, ""code"": ""TMJ""}","[{""id"": 1371, ""label"": ""2025 N2 Donaldson""}]",NULL,[],[]
292467,album,精彩活动 -- 第一学期第六周,"10/02 -- 14/02/2025

本周是N2 Donaldson 第一学期第六周,本周的主要内容是：师生共读绘本《猜猜我有多爱你》，幼儿能认真倾听故事并认识词语：大兔子、小兔子、跳。能够对故事的情节进行简单提问。通过大兔子和小兔子的对比，初步了解大和小的数学概念，能够根据尺寸进行排序。同时学习手指谣《小白兔》并配相应的动作。",,,published,2025-02-12 06:26:40,2025-02-12 06:26:35,2025-02-12 06:49:31,NULL,"{""id"": 20, ""code"": ""TMJ""}","[{""id"": 1371, ""label"": ""2025 N2 Donaldson""}]",NULL,[],[]
292480,album,K2 Potter's Weekly Photos - February 10th to February 14th,Here are some photos of the little ones from this week!,,,published,2025-02-12 07:33:43,2025-02-12 06:50:04,2025-02-12 07:33:42,NULL,"{""id"": 20, ""code"": ""TMJ""}","[{""id"": 1432, ""label"": ""2025 K2 Potter""}]",NULL,[],[]
292486,album,我看见一只鸟,教师带领幼儿一起阅读绘本《我看见一只鸟》，鼓励幼儿通过绘本认识不同种类的鸟类，并跟随教师一起复述它们的名称，如麻雀、五色鸟、鹦鹉等。,,,published,2025-02-17 05:07:54,2025-02-12 08:15:40,2025-02-17 05:07:54,NULL,"{""id"": 18, ""code"": ""OMB01""}","[{""id"": 1284, ""label"": ""2025 N1 Christie Matheson""}]",NULL,[],[]
292492,post,Tea Session Slides,Thank you for joining our N2 Tea Session #1 earlier today! It was a pleasure to meet you virtually and share with you about the N2 children's upcoming year. We have uploaded the Tea Session Slides to the resources tab in the parent app for your ease and reference. Thank you once again!,,,published,2025-02-12 09:22:04,2025-02-12 09:22:02,2025-02-12 09:22:03,NULL,"{""id"": 1, ""code"": ""DNI00""}","[{""id"": 1298, ""label"": ""2025 N2 Eric Carle""}]",NULL,[],[]
292494,album,Observing our fingerprints,"In their continued exploration of their unique self, the N2 children had a curious and fun time making finger prints with an ink pad, and observing the prints with a magnifying glass. They were able to spot some shapes and lines that were unique to their fingers, and were also able to notice that some fingerprints were bigger than others!",,,published,2025-02-12 09:42:49,2025-02-12 09:30:03,2025-02-12 09:42:49,NULL,"{""id"": 1, ""code"": ""DNI00""}","[{""id"": 1298, ""label"": ""2025 N2 Eric Carle""}]",NULL,[],[]
292499,album,华文演绎课,"华文演绎老师教导幼儿唱《狮子》儿歌，鼓励幼儿跟着老师一起唱出来，并随着儿歌歌词做出相应的动作。

老师出示小熊玩偶引起幼儿的兴趣，为幼儿读《是谁吃了我的大饼？》故事。过程中，老师扮演出动物们的动作，鼓励幼儿猜一猜是哪个动物吃了小熊的大饼（如：小兔子、老虎、小鸟等。），并鼓励幼儿一起复述问句‘’小兔子，是不是你吃了我的大饼？‘’来询问动物们是不是它们吃了小熊的大饼。此外，老师也鼓励幼儿们观察大饼上的齿痕，鼓励幼儿观察看看是哪个动物吃了大饼，并鼓励幼儿说出‘’一样‘’或‘’不一样‘’来表达自己所观察到的。",,,draft,2025-02-12 10:52:43,2025-02-12 10:52:17,2025-02-12 10:52:42,NULL,"{""id"": 18, ""code"": ""OMB01""}","[{""id"": 1284, ""label"": ""2025 N1 Christie Matheson""}]",NULL,[],[]
292504,album,精彩活动 二月 第二周 我的身体,"     教师提供男孩、女孩的身体整体图片和身体局部图片，鼓励幼儿将身体局部图片粘贴到相应位置图片。
      通过活动培养幼儿在个人或小组活动时解决问题的能力，以实现婴幼儿是自信、好奇和投入的学习者[持续的参与、注意力、解决问题和语言能力]的学习成果。",,,published,2025-02-14 05:22:07,2025-02-12 14:01:42,2025-02-14 05:22:06,NULL,"{""id"": 20, ""code"": ""TMJ""}","[{""id"": 1402, ""label"": ""2025 N1 Kelly""}]",NULL,[],[]
292509,album,《骰子表情包》,"老师准备好骰子表情包、小镜子若干，邀请小朋友一起玩游戏。小朋友们一起投骰子的过程中，模仿投中的表情。老师鼓励小朋友们，照小镜子看一下是否相像。
",,,draft,2025-02-12 14:57:08,2025-02-12 14:57:05,2025-02-13 01:47:54,NULL,"{""id"": 1, ""code"": ""DNI00""}","[{""id"": 1295, ""label"": ""2025 PG Rod Campbell""}]",NULL,[],[]
292510,post,"""Paper Magazine Exploration""","With the educarer’s demonstration, Matthias was able to use his small muscle skills to grab and pull the paper magazine to tear. He also explored the soft ripping sound while tearing the paper magazine from big to small pieces of paper magazine. This shows he developed with fine motor skills such as finger strengthening, eye-hand coordination and experiencing sensory exploration.
",,,published,2025-02-12 22:18:02,2025-02-12 22:17:55,2025-02-12 22:18:01,NULL,"{""id"": 1, ""code"": ""DNI00""}","[{""id"": 1302, ""label"": ""2025 Infant Karen Katz""}]",NULL,[],[]
292511,post,"""Textured Balls in Sensory Bin""","With educarer’s supervision, Matthias explored the shredded paper sensory bin by pinching some of the shredded paper and pulling it out from the bin. He slowly continued to pull out some of the shredded paper and found one textured ball. He carefully place his hand in and grabbed out the textured ball. With educarer’s encouragement, he continued to search for more textured balls and found another textured ball. He manipulated the textured balls in his hands and epxlored the activity for a little bit more.
",,,published,2025-02-12 22:29:59,2025-02-12 22:29:51,2025-02-12 22:29:59,NULL,"{""id"": 1, ""code"": ""DNI00""}","[{""id"": 1302, ""label"": ""2025 Infant Karen Katz""}]",NULL,[],[]
292513,post,"""Flexible Pipes Exploration""","Jovelle explored the flexible pipes by pulling apart, twisting and connecting two flexible pipes together. As she busily manipulated the pipes, she discovered the sound she was making and experimented. The pipes went longer as she pulled outwards and became shorter when she pushed inwards.
",,,published,2025-02-12 23:06:55,2025-02-12 23:06:48,2025-02-13 09:35:17,NULL,"{""id"": 1, ""code"": ""DNI00""}","[{""id"": 1302, ""label"": ""2025 Infant Karen Katz""}]",NULL,[],[]
292514,post,"""Exploring Sensory Bag""","Ali busily grabbed the sensory bag and squished it with his hands. He made some pressing movements as he gathered the sensory bag near him and made attempts by exploring with his mouth too. He showed interest in sensory bag exploration as he manipulated the sensory bag with his sensory motor skills, strengthened his core muscles and discovered cause and effect.
",,,published,2025-02-12 23:14:13,2025-02-12 23:14:08,2025-02-13 09:33:48,NULL,"{""id"": 1, ""code"": ""DNI00""}","[{""id"": 1302, ""label"": ""2025 Infant Karen Katz""}]",NULL,[],[]
292515,album,二月第二周活动：制作鸟巢,"活动目标：通过美术活动，如：涂鸦，水彩画等，认识熟悉的颜色，形状等，培养婴幼儿对艺术的兴趣。
活动过程：延伸‘’木‘’的作用，老师向幼儿介绍圆柱体的木棒，可以支撑和搭建，老师向幼儿展示图片搭驻在树上的鸟巢，都是由自然材料 组成。老师用消毒过后的树枝和画纸胶水，和幼儿一起制作鸟巢，先让幼儿触摸树枝然后再粘贴在涂好胶水的画纸上，简单的鸟巢制作完成。
活动中幼儿对图片展示的鸟巢和小鸟很感兴趣，抓起树枝的触感也让幼儿产生好奇，幼儿在活动中得到自己动手的满足。",,,draft,2025-02-12 23:25:44,2025-02-12 23:25:40,2025-02-12 23:25:43,NULL,"{""id"": 10, ""code"": ""DTE01""}","[{""id"": 1310, ""label"": ""2025 Infant Mozart""}]",NULL,[],[]
292516,post,"""Exploring with Foam Sponges""","Jovelle explored freely with foam sponges and some paint. As she busily dipping the sponges in paint and stamping on the white paper. Next, she dipped out thick paint with the foam sponge and dripped it on the paper and made gentle shaking hand movements and looked at the paint splattered to the paper.
",,,published,2025-02-12 23:38:21,2025-02-12 23:38:13,2025-02-13 09:32:32,NULL,"{""id"": 1, ""code"": ""DNI00""}","[{""id"": 1302, ""label"": ""2025 Infant Karen Katz""}]",NULL,[],[]
292518,album,Interview My Parents ,"At the beginning of class, the children were asked to recall the interview questions that they were curious to ask their parents. After that, they were invited to share the answers with their peers by doing a show and tell. To determine the order for the children to share their answers with their friends, Ms Ariel begin by drawing lots from a paper bag. The child who has his or her name written on the paper will share first For the subsequent rounds, the children took turns to pick a name. 
",,,published,2025-02-13 00:54:50,2025-02-13 00:54:37,2025-02-14 06:30:09,NULL,"{""id"": 18, ""code"": ""OMB01""}","[{""id"": 1287, ""label"": ""2025 K1 Jo Empson""}]",NULL,[],[]
292520,album,Ready Steady Go Kids! (13 Feb),"The children participated in Ready Steady Go Kids every Thursday. They were invited to engage in different gross motor skills (e.g. running, tip-toeing, stomping) around the caterpillar cones. Afterwards, they also practiced kicking a ball, with the teacher's guidance. Well done, PGs!",,,draft,2025-02-14 06:10:56,2025-02-13 01:56:10,2025-02-14 06:10:56,NULL,"{""id"": 1, ""code"": ""DNI00""}","[{""id"": 1295, ""label"": ""2025 PG Rod Campbell""}]",NULL,[],[]
292526,album,January Week 4: Exploring paint  ,"Learning objectives:
- Develop an interest in art (familiarise with colours, shapes, etc.)

The teacher will encourage the children to use their hands to feel the paint in the ziplock bag. They will be encouraged to push the paint around the ziplock bag. The teacher introduced different words such cold, hot, smooth and rough as they encourage the children to explore the paint bag.
",,,published,2025-02-13 03:46:24,2025-02-13 03:46:18,2025-02-13 03:46:23,NULL,"{""id"": 10, ""code"": ""DTE01""}","[{""id"": 1310, ""label"": ""2025 Infant Mozart""}]",NULL,[],[]
292527,album,February Week 1: Valentine’s Day Card,"Learning objectives:
- Develop an interest in art (familiarise with colours, shapes, etc.)

The teacher will encourage the children to use their hands to press on the paint and transfer the paint onto the paper provided to make their palm imprints for their palm print bouquet. 

The children will be bringing home their craft on Valentine’s Day. On behalf of the children, we would like to wish all parents happy Valentine’s Day.
",,,published,2025-02-13 03:52:11,2025-02-13 03:52:07,2025-02-13 03:52:11,NULL,"{""id"": 10, ""code"": ""DTE01""}","[{""id"": 1310, ""label"": ""2025 Infant Mozart""}]",NULL,[],[]
292528,album,February Week 2: Exploring busy board ,"Learning objectives:
- Displays enjoyment in playing with toys and materials 

Children are encouraged to explore the busy board by using their hands to manipulate the items on the busy board. The teacher can encourage the children by providing positive reinforcement as the children explore the busy board.
Everyone had fun exploring the busy board. ",,,published,2025-02-13 03:56:29,2025-02-13 03:56:23,2025-02-13 03:56:28,NULL,"{""id"": 10, ""code"": ""DTE01""}","[{""id"": 1310, ""label"": ""2025 Infant Mozart""}]",NULL,[],[]
292529,album,《圆圈跳一跳》,"老师准备好彩色呼啦圈，邀请幼儿玩游戏。幼儿们围绕着呼啦圈向里跳，初步尝试跳跃练习。通过活动增强幼儿的身体协调能力和平衡感。
",,,draft,2025-02-13 04:25:13,2025-02-13 04:25:11,2025-02-13 04:36:11,NULL,"{""id"": 1, ""code"": ""DNI00""}","[{""id"": 1295, ""label"": ""2025 PG Rod Campbell""}]",NULL,[],[]
292530,post,K1 Term 1 Week 6 Weekly Updates ,"For this week, children enjoyed their time at the playground practising their rock climbing skills as well as engaging in various games with their peers.

Children revised their sorting concepts for Math Mind, deepening their understanding as they progressed from concrete materials to sorting based on the purpose of the various items that they found. 

Lastly, for Curious Work, children drew the main character of the core book [Love You Forever] as he grew from a baby to an adult.",,,draft,2025-02-14 05:03:23,2025-02-13 05:02:13,2025-02-14 05:03:22,NULL,"{""id"": 5, ""code"": ""DTH01""}","[{""id"": 1406, ""label"": ""2025 Kindergarten 1 Inventors""}]",NULL,[],[]
292533,album,参观全民牙科诊所,"带领中班幼儿参观牙科诊所是一个很好的实践体验，不仅能帮助他们减少对看牙医的恐惧，还能培养良好的口腔卫生习惯。
幼儿了解牙科诊所的基本环境和设备。
幼儿认识牙医的工作，减少对看牙的恐惧。
幼儿学习正确的刷牙方法和口腔护理知识。

参观牙科诊所：
认识环境：由牙医或护士带领孩子们参观，如候诊区、诊疗室等。
认识工具：牙医介绍牙镜、探针、洗牙机等基本工具，让孩子们观察（可提供玩具工具进行互动）。
体验环节：
让孩子坐上牙椅，感受升降功能。
观看牙齿模型，学习如何刷牙。
听听“牙医工具”的声音，如洗牙机的震动声。

刷牙演示：
牙医使用大牙齿模型演示正确的刷牙方法。

颁发小礼物和总结：
诊所可赠送牙科小礼物（如儿童牙刷、牙膏，还有退牙时，装牙齿的小牙盒）。
教师总结：“今天我们学到了什么？”“回家后要怎么保护牙齿？”",,,published,2025-02-13 05:22:24,2025-02-13 05:21:52,2025-02-13 05:22:23,NULL,"{""id"": 20, ""code"": ""TMJ""}","[{""id"": 1403, ""label"": ""2025 N2 Florence""}]",NULL,[],[]
292535,album,出游 :  HUB 全民牙科诊所,"13/02/2025

     今天是 N2 Donaldson 的首次出游日：参观Q&M全民牙医诊所。首先我们参观牙医诊疗室，孩子们尝试躺在床上，体验自动升降椅，接着用特殊的吸管吸走水杯里的水，然后用大拇指体验特别牙刷的触感，紧接着牙医向孩子们展示牙齿模型，展示正确的刷牙方法：牙齿的外缘、凹槽、内侧都要兼顾，刷牙总时长不超过2分钟，还要记得漱口两次。最后，牙医诊所还为孩子们提供了免费的牙具旅行装以及可以装牙齿的项链。

以下是本次出游活动的精彩瞬间，请您欣赏!",,,published,2025-02-13 05:36:16,2025-02-13 05:35:37,2025-02-13 05:39:07,NULL,"{""id"": 20, ""code"": ""TMJ""}","[{""id"": 1371, ""label"": ""2025 N2 Donaldson""}]",NULL,[],[]
292536,album,Nature Cardboard Doll,"To foster an interest in art and a curiosity in the natural environment, children attempted to decorate the cardboard doll with natural materials such as twigs, pine cones, leaves, and wood slices. They accessorized the doll with eyes, nose, mouth, eyebrows, bell buttons, ears, and hair.",,,published,2025-02-13 05:42:59,2025-02-13 05:42:40,2025-02-13 05:42:58,NULL,"{""id"": 16, ""code"": ""MBS""}","[{""id"": 1380, ""label"": ""2025 Nursery 1 Courage""}]",NULL,[],[]
292537,album,Birthdays Around the World,"The children were introduced to the idea of exploring how birthdays are celebrated differently among families based on the traditions that we have. Ms Ariel shared more about what ‘tradition’ means. Moreover, she showed photographs of how she celebrates birthday with her loved ones.

Subsequently, the children watched a video about birthdays around the world. After that, hey were asked to discuss how children from different countries or cultures celebrate their birthday. They also recalled the reasons behind those traditions as they gained more awareness.",,,published,2025-02-13 05:44:05,2025-02-13 05:43:57,2025-02-13 06:44:21,NULL,"{""id"": 18, ""code"": ""OMB01""}","[{""id"": 1287, ""label"": ""2025 K1 Jo Empson""}]",NULL,[],[]
292540,album,Let's Trace!,"Given the autonomy to choose their favourite play materials in the classroom, the little ones traced them to compare their likeness and differences in size or shape.",,,published,2025-02-13 05:50:51,2025-02-13 05:50:26,2025-02-13 05:50:51,NULL,"{""id"": 16, ""code"": ""MBS""}","[{""id"": 1380, ""label"": ""2025 Nursery 1 Courage""}]",NULL,[],[]
292541,post,《情绪变变变》,"除了生气之外，还有许多其他的情绪，比如开心，害怕，难过等。
喜怒哀乐，人之常情，每个人都有自己的情绪，情绪影响着我们的身体、心理健康。
孩子们认识自己的情绪，了解出现各种心情的原因。心情不好时会表达自己的想法，了解处理消极情绪的一些办法，学会与人共情。",,,published,2025-02-13 05:56:01,2025-02-13 05:55:41,2025-02-13 05:56:01,NULL,"{""id"": 1, ""code"": ""DNI00""}","[{""id"": 1300, ""label"": ""2025 K1 David McKee""}]",NULL,[],[]
292542,album,Guess Who?,"Fostering a sense of self and others, the children enjoyed a game of 'Guess Who?' by naming the peers standing across them when the blanket was lifted up.",,,published,2025-02-13 05:58:02,2025-02-13 05:57:40,2025-02-13 10:56:30,NULL,"{""id"": 16, ""code"": ""MBS""}","[{""id"": 1380, ""label"": ""2025 Nursery 1 Courage""}]",NULL,[],[]
292543,post,早期阅读《高高的矮矮的》,"长颈鹿是高高的，
小猫是矮矮的，
大树是高高的，
草是矮矮的......
孩子们通过“翻翻乐游戏”，翻到什么字就做出什么动作，
创造性的用身体来表现“高”和“矮”。
尝试写一写这两个华文字。",,,published,2025-02-13 06:35:44,2025-02-13 06:04:44,2025-02-13 07:02:30,NULL,"{""id"": 1, ""code"": ""DNI00""}","[{""id"": 1300, ""label"": ""2025 K1 David McKee""}]",NULL,[],[]
292550,album,Stick the ball ,"Elle was given a hula hoop with contact paper in the middle. The teacher encouraged her to pick up the ball and stick it on the paper. Elle picked up the ball and stick it on the paper at her own pace. At one point, she noticed the ball didn’t fall and tried to pull it off. Out of curiosity, she also touched the contact paper to feel its stickiness. This activity foster understanding of cause and effect through engagement with toys and materials.  ",,,published,2025-02-23 10:25:13,2025-02-13 06:28:03,2025-02-23 10:25:13,NULL,"{""id"": 16, ""code"": ""MBS""}","[{""id"": 1376, ""label"": ""2025 Infant Joy""}]",NULL,[],[]
292557,album,二月精彩相册（二）,"沙包丢字卡游戏
户外活动",,,published,2025-02-13 06:57:05,2025-02-13 06:55:55,2025-02-13 06:57:04,NULL,"{""id"": 20, ""code"": ""TMJ""}","[{""id"": 1432, ""label"": ""2025 K2 Potter""}]",NULL,[],[]
292559,album,Ready Steady Go Kids,Golf,,,published,2025-02-13 06:57:22,2025-02-13 06:56:24,2025-02-13 06:57:22,NULL,"{""id"": 20, ""code"": ""TMJ""}","[{""id"": 1430, ""label"": ""2025 K1 Bright""}]",NULL,[],[]
292561,album,第一学期第六周精彩活动,"Objective(s)/目标:
幼儿乐意参与认读游戏，能够认读词语：爬山、捕鱼、园丁、大石头、追、抓、躲。
幼儿能够按照数量的多少进行排序，例如：从最多到最少；从最少到最多。",,,published,2025-02-13 07:33:37,2025-02-13 07:32:42,2025-02-13 07:33:37,NULL,"{""id"": 20, ""code"": ""TMJ""}","[{""id"": 1433, ""label"": ""2025 K2 Robinson""}]",NULL,[],[]
292576,album,Exploring around the hula hoop,Jaius was excited to touch and feel the toys attached to the hula hoop. He reached out his arms to explore them and used his feet to feel the different textures. The teacher moved the hula hoop to allowing Jaius to explore all around. This activity fosters gross motor development as well as develops focus and concentration-sustained involvement. ,,,published,2025-02-23 10:21:36,2025-02-13 09:32:38,2025-02-23 10:21:35,NULL,"{""id"": 16, ""code"": ""MBS""}","[{""id"": 1376, ""label"": ""2025 Infant Joy""}]",NULL,[],[]
292577,album,Arielle's 6th Birthday Celebration ,"Thank you for celebrating this special day with us. May your year ahead be filled with laughter, adventure, and endless fun! 🌈✨

You’re a star, and today’s your spotlight! 🌟",,,published,2025-02-13 09:42:50,2025-02-13 09:42:11,2025-02-13 09:42:50,NULL,"{""id"": 20, ""code"": ""TMJ""}","[{""id"": 1433, ""label"": ""2025 K2 Robinson""}]",NULL,[],[]
292580,post,"""Round and Round in the Garden""","Ali observed himself in the mirror and when the educarer started to sing and do finger play by circling on his palm, he smiled to respond. When walking the fingers on his hand and tickling him under his arms, he giggled!
",,,published,2025-02-13 10:13:45,2025-02-13 10:13:41,2025-02-13 10:13:44,NULL,"{""id"": 1, ""code"": ""DNI00""}","[{""id"": 1302, ""label"": ""2025 Infant Karen Katz""}]",NULL,[],[]
292581,post,"""Clapping with Wrist Bell""","Ali smiled when the educarer guided his hands to clap. He experienced the jingling sound from the wrist bell whenever he moved his hands. When the educarer sang “If you’re happy and you know it”, he observed himself in the mirror and smiled when clapping his hands. He smiled again when the educarer repeated the clapping actions.
",,,published,2025-02-13 10:32:50,2025-02-13 10:32:47,2025-02-13 10:32:50,NULL,"{""id"": 1, ""code"": ""DNI00""}","[{""id"": 1302, ""label"": ""2025 Infant Karen Katz""}]",NULL,[],[]
292582,album,Playground with friends!,"Elle had fun at the playground with her friends. She walked around exploring and went down the slide with the teacher's assistance. She loved sitting on the tricycle while the teacher pushed her. Elle played  peek-a-boo with friends and sat on the see-saw too. Before leaving, Elle had a great time chasing bubbles and playing with them.",,,published,2025-02-23 10:24:54,2025-02-13 10:39:01,2025-02-23 10:24:53,NULL,"{""id"": 16, ""code"": ""MBS""}","[{""id"": 1376, ""label"": ""2025 Infant Joy""}]",NULL,[],[]
292587,album,Term 1 Week 7,Activities of the Week,,,published,2025-02-13 12:59:18,2025-02-13 12:58:44,2025-02-13 12:59:17,NULL,"{""id"": 20, ""code"": ""TMJ""}","[{""id"": 1430, ""label"": ""2025 K1 Bright""}]",NULL,[],[]
292590,album,Octaves Music (T1W6),Enjoy the pictures from this week!,,,published,2025-02-13 13:41:42,2025-02-13 13:41:30,2025-02-13 13:53:20,NULL,"{""id"": 20, ""code"": ""TMJ""}","[{""id"": 1433, ""label"": ""2025 K2 Robinson""}]",NULL,[],[]
292591,album,"Ready, Steady, Go Kids (T1W6)","This week, the children played a game of golf and practiced putting. ",,,published,2025-02-13 14:00:13,2025-02-13 13:59:32,2025-02-13 14:00:13,NULL,"{""id"": 20, ""code"": ""TMJ""}","[{""id"": 1433, ""label"": ""2025 K2 Robinson""}]",NULL,[],[]
292592,album,二月第二周精彩活动,快和爸爸妈妈一起来看看我们的照片吧！,,,published,2025-02-14 05:19:38,2025-02-13 14:05:55,2025-02-14 05:19:38,NULL,"{""id"": 20, ""code"": ""TMJ""}","[{""id"": 1395, ""label"": ""2025 PG Kale""}]",NULL,[],[]
292593,album,二月日记（10/2/2025-14/2/2025）,快和爸爸妈妈一起来看看我们的照片吧！,,,published,2025-02-14 05:17:38,2025-02-13 14:14:41,2025-02-14 05:17:37,NULL,"{""id"": 20, ""code"": ""TMJ""}","[{""id"": 1395, ""label"": ""2025 PG Kale""}]",NULL,[],[]
292600,album,3-7 February,"Hi Parents!

This month, we started a new theme focusing on body parts. To help the children become familiar with their bodies, we sang songs like “Head, Shoulders, Knees, and Toes,” “Freeze Dance,” “Move to the Beat,” and “I Can Move My Body.” The children explored different parts of the face (ears, eyes, nose, cheeks, chin), mouth (lips, teeth, tongue), and hands (fingers, nails, wrists). They also had fun matching pictures of the same body parts, which they did with ease!

The children enjoyed playing outdoors, where they set up an obstacle course using hurdles and practiced jumping over them. They also had a great time at the park! The weather was perfect—windy and not too hot. The children collected natural items for their Chinese craft and worked on it with Laoshi. 

To top it off, they climbed up the hill, which was a proud moment as they explored a new elevated space and worked on balancing to avoid tripping or falling.

These are the songs we played last week:  

Head, Shoulders, Knees and Toes- https://www.youtube.com/watch?v=WX8HmogNyCY

Hokey Pokey- https://www.youtube.com/watch?v=Zh2PalZFs0g

Exercise Song- https://www.youtube.com/watch?v=h4eueDYPTIg

Action Song- https://www.youtube.com/watch?v=dUXk8Nc5qQ8 
",,,published,2025-02-13 21:56:15,2025-02-13 21:55:54,2025-02-13 21:56:15,NULL,"{""id"": 5, ""code"": ""DTH01""}","[{""id"": 1408, ""label"": ""2025 Nursery 1 Engagers""}]",NULL,[],[]
292601,album,Weekly Highlight: Term 1 Week 6 (Talking Tub),-,,,published,2025-02-14 09:43:21,2025-02-13 23:13:36,2025-02-14 09:43:20,NULL,"{""id"": 20, ""code"": ""TMJ""}","[{""id"": 1403, ""label"": ""2025 N2 Florence""}]",NULL,[],[]
292602,album,Term 1 Week 6 Photos: Be Nimble,"In an obstacle course set-up, the children will be able to practice moving (leaping and jumping) around the space without bumping into things. ",,,published,2025-02-14 09:43:45,2025-02-13 23:17:32,2025-02-14 09:43:44,NULL,"{""id"": 20, ""code"": ""TMJ""}","[{""id"": 1403, ""label"": ""2025 N2 Florence""}]",NULL,[],[]
292603,album,Term 1 Week 6: Sorting Book Hunt,The children were encouraged to sort books accordingly to either English and Chinese categories. This simple activity also helped them to develop print awareness and identify the differences between English alphabets and Chinese characters.,,,published,2025-02-14 09:44:02,2025-02-13 23:17:36,2025-02-14 09:44:02,NULL,"{""id"": 20, ""code"": ""TMJ""}","[{""id"": 1403, ""label"": ""2025 N2 Florence""}]",NULL,[],[]
292611,album,长轴画《如果妈妈不在家》,幼儿以长轴画的形式来表现如果妈妈不在家会发生哪些事情。和小组幼儿共同商讨，选择常用的艺术工具来绘画出作品。绘画后使用华语进行介绍自己的作品。,,,draft,2025-02-14 00:57:10,2025-02-14 00:56:41,2025-02-14 00:57:09,NULL,"{""id"": 18, ""code"": ""OMB01""}","[{""id"": 1287, ""label"": ""2025 K1 Jo Empson""}]",NULL,[],[]
292612,album,Weekly Highlight; Term 1 Week 6,We designed made a patterned bracelet at school this week!,,,published,2025-02-14 05:00:23,2025-02-14 02:16:00,2025-02-14 05:00:23,NULL,"{""id"": 20, ""code"": ""TMJ""}","[{""id"": 1433, ""label"": ""2025 K2 Robinson""}]",NULL,[],[]
292615,album,Activities this week (Term 1 Week 6),10/2 - 14/2,,,published,2025-02-14 05:01:01,2025-02-14 03:09:43,2025-02-14 05:01:00,NULL,"{""id"": 20, ""code"": ""TMJ""}","[{""id"": 1433, ""label"": ""2025 K2 Robinson""}]",NULL,[],[]
292622,post,Weekly Highlight (Exploring Leaves),February Week 2,,,published,2025-02-14 04:38:38,2025-02-14 04:38:26,2025-02-14 04:38:38,NULL,"{""id"": 20, ""code"": ""TMJ""}","[{""id"": 1397, ""label"": ""2025 PG Campbell""}]",NULL,[],[]
292623,album,二月第二周精彩活动,本周的精彩故事分享《好喜欢妈妈》....快和老师一起来听听故事吧！,,,published,2025-02-14 04:40:00,2025-02-14 04:39:43,2025-02-14 04:39:59,NULL,"{""id"": 20, ""code"": ""TMJ""}","[{""id"": 1397, ""label"": ""2025 PG Campbell""}]",NULL,[],[]
292630,post,Activities of the Week!,February Week 2,,,published,2025-02-14 04:59:52,2025-02-14 04:58:33,2025-02-14 04:59:51,NULL,"{""id"": 20, ""code"": ""TMJ""}","[{""id"": 1397, ""label"": ""2025 PG Campbell""}]",NULL,[],[]
292635,post,"If you could do anything with your family tomorrow, what would it be?","This week's Journal Writing encouraged the children to imagine and think about what they would like to do with their family if anything and everything were possible. There were interesting responses, such as going to Candyland, seeing kangaroos, or even reading books while standing on a bookshelf! Some friends also showed their enthusiasm for learning by expressing their desire to continue attending their Saturday classes😂 It was such a joy to hear the children's varying responses and ideas!",,,published,2025-02-14 16:12:24,2025-02-14 05:05:19,2025-02-14 16:12:23,NULL,"{""id"": 1, ""code"": ""DNI00""}","[{""id"": 1300, ""label"": ""2025 K1 David McKee""}]",NULL,[],[]
292638,album,February Week 2: From Head to Toes,"Learning Objectives
- Foster language and expression through conversations, songs, stories and rhymes 

Children listened to the story “From Head to Toes” by Eric Carle. Children recalled the actions from the story book such as “I am a giraffe and I bend my neck”, “I am a cat and I arch my back”, “I am a walrus and I clap my hands” and more from the book, “I am a monkey and I wave my arm” and more… 

Date of activity: 11 February 2025 ",,,published,2025-02-14 05:09:47,2025-02-14 05:09:42,2025-02-14 05:09:46,NULL,"{""id"": 10, ""code"": ""DTE01""}","[{""id"": 1312, ""label"": ""2025 Nursery 1 Lois Ehlert""}]",NULL,[],[]
292640,album,Pasir Ris Park in February ,"Children walked to the Pasir Ris Park. Engaged in activities like bubble play, hunting for leaves, twigs and branches to be used during art and craft time in school. 

Date of activity: 12 February 2025 ",,,published,2025-02-14 05:11:25,2025-02-14 05:11:19,2025-02-17 00:29:32,NULL,"{""id"": 10, ""code"": ""DTE01""}","[{""id"": 1312, ""label"": ""2025 Nursery 1 Lois Ehlert""}]",NULL,[],[]
292645,album,Happy Birthday Aaron ,Date of celebration: 13 February 2025,,,published,2025-02-14 05:15:18,2025-02-14 05:15:14,2025-02-17 00:25:17,NULL,"{""id"": 10, ""code"": ""DTE01""}","[{""id"": 1312, ""label"": ""2025 Nursery 1 Lois Ehlert""}]",NULL,[],[]
292653,album,五彩缤纷的绵羊,老师准备各式各样颜色的纸，鼓励孩子们动动小手将盘子贴上各式各样颜色的纸，最后在粘上绵羊的脸还有眼睛。,,,draft,2025-02-14 05:30:15,2025-02-14 05:29:54,2025-02-14 05:30:15,NULL,"{""id"": 18, ""code"": ""OMB01""}","[{""id"": 1283, ""label"": ""2025 Playgroup Emma Dodd""}]",NULL,[],[]
292656,album,《大大和小小》,"教师为小朋友们准备了绘本《好饿的毛毛虫》里面的大毛毛虫和小毛毛虫，大叶子和小叶子🍃，大蝴蝶和小蝴蝶🦋，还有几种水果。让我们的宝贝先回忆一下上周出去看的剧目还有印象吗？引导幼儿说一说小毛毛虫怎么样才能变大大，小朋友们说要吃东西，没错！

教师边唱儿歌边出示不同的水果照片🍎🍐🍓🍊，让幼儿看看哪个大，哪个小，小朋友们都回答的很棒，提问之后时候都能准确说出哪个水果是大大的，哪个水果是小小的，依次比大小后，再比一比叶子的大小，毛毛虫吃了它之后会变大大，会穿上棕色的衣服，最后变成了蝴蝶～引导幼儿说一说大蝴蝶和小蝴蝶，并感受它们是怎么飞的！在这个过程锻炼孩子们会比较大小的思维能力，让他们对大和小有了更进一步的理解😊😊",,,draft,2025-02-14 05:37:42,2025-02-14 05:37:33,2025-02-14 05:37:41,NULL,"{""id"": 1, ""code"": ""DNI00""}","[{""id"": 1296, ""label"": ""2025 N1 Giles Andreae""}]",NULL,[],[]
292658,album,二月日记(10/02/2025_14/02/2025),二月第二周的照片来咯！快和爸爸妈妈一起来看看吧！,,,published,2025-02-14 05:41:25,2025-02-14 05:38:33,2025-02-14 05:41:25,NULL,"{""id"": 20, ""code"": ""TMJ""}","[{""id"": 1397, ""label"": ""2025 PG Campbell""}]",NULL,[],[]
292659,album,《大大和小小》,"教师为小朋友们准备了绘本《好饿的毛毛虫》里面的大毛毛虫和小毛毛虫，大叶子和小叶子🍃，大蝴蝶和小蝴蝶🦋，还有几种水果。让我们的宝贝先回忆一下上周出去看的剧目还有印象吗？引导幼儿说一说小毛毛虫怎么样才能变大大，小朋友们说要吃东西，没错！

教师边唱儿歌边出示不同的水果照片🍎🍐🍓🍊，让幼儿看看哪个大，哪个小，小朋友们都回答的很棒，提问之后时候都能准确说出哪个是大大的，哪个是小小的，依次比大小后，再比一比叶子的大小，毛毛虫吃了它之后会变大大，会穿上棕色的衣服，最后变成了蝴蝶～引导幼儿说一说大蝴蝶和小蝴蝶，并感受它们是怎么飞的！在这个过程锻炼孩子们会比较大小的思维能力，让他们对大和小有了更进一步的理解😊😊",,,draft,2025-02-14 05:40:08,2025-02-14 05:39:49,2025-02-14 05:40:08,NULL,"{""id"": 1, ""code"": ""DNI00""}","[{""id"": 1297, ""label"": ""2025 N1 Marcus Pfister""}]",NULL,[],[]
292662,album,小鸟手工,"教师出示一只小鸟的作品，激发幼儿的兴趣，然后邀请幼儿一起动手制作。教师鼓励幼儿用蜡笔在纸盘上涂上自己喜欢的颜色，作为小鸟的身体。接着提供多样美术装饰材料，让幼儿自由选择，并粘贴到纸盘上进行装饰，接着由教师协助幼儿将纸盘折半。最后，教师引导幼儿用颜色纸条为小鸟制作羽毛，粘贴在其身体和尾巴上，使小鸟看起来更加生动有趣。
",,,published,2025-02-17 05:09:46,2025-02-14 05:44:36,2025-02-17 05:09:45,NULL,"{""id"": 18, ""code"": ""OMB01""}","[{""id"": 1284, ""label"": ""2025 N1 Christie Matheson""}]",NULL,[],[]
292663,album,February Week 2: Counting Body Parts,"Learning objectives: 
1. Foster beginning numeracy concepts through free exploration (Counting)

The children explored early math concepts by counting their body parts such as two eyes, ten fingers, one nose and two feet. The teachers guided the activity with songs, rhymes, or playful prompts, encouraging the children to point to each part as they count aloud. 

Date of activity: 11 February 2025",,,published,2025-02-14 05:48:55,2025-02-14 05:48:46,2025-02-14 05:48:55,NULL,"{""id"": 10, ""code"": ""DTE01""}","[{""id"": 1311, ""label"": ""2025 Playgroup Michael Rosen""}]",NULL,[],[]
292665,post,爬啊爬,这大大圆筒好神奇啊，跟在外面爬不一样呢，虽然又一点滑，但是我向前爬了,,,published,2025-02-14 05:49:10,2025-02-14 05:49:06,2025-02-14 05:49:09,NULL,"{""id"": 1, ""code"": ""DNI00""}","[{""id"": 1302, ""label"": ""2025 Infant Karen Katz""}]",NULL,[],[]
292667,post,吃南瓜泥,金黄金黄的南瓜泥，甜又甜！这是我第一次吃，在细细的品味了一下后，嗯！感觉味道还不错！,,,published,2025-02-14 05:52:24,2025-02-14 05:52:21,2025-02-14 05:52:24,NULL,"{""id"": 1, ""code"": ""DNI00""}","[{""id"": 1302, ""label"": ""2025 Infant Karen Katz""}]",NULL,[],[]
292671,album,第一学期第六周,2月10日-2月14日,,,published,2025-02-14 06:02:02,2025-02-14 05:57:25,2025-02-14 06:02:02,NULL,"{""id"": 20, ""code"": ""TMJ""}","[{""id"": 1433, ""label"": ""2025 K2 Robinson""}]",NULL,[],[]
292672,album,绘本《蜗牛的小路》,"教师引导幼儿想一想蜗牛是怎么行进的，是飞飞还是爬爬呢？接下来我们一起看看蜗牛的小路是什么样子。这只蜗牛很不一样，它喜欢艺术，身上的壳是五颜六色🔴🟨🔷️🟢🔶️的，引导幼儿识别颜色并说出华语。

我们顺着蜗牛的小路继续往下走，出现了好多美丽的画作呀，我们一起欣赏画面中都有着什么，小朋友们会主动指出绘本中的事物，观察的很仔细，我们继续寻找属于蜗牛的画像，到了后面我们看到一副画面，是由不同颜色的色块组成的，引导幼儿说一说这是蜗牛的画像吗？经过比较画面的特点，我们找到了属于蜗牛的画面。

孩子们在过程中对艺术画作有了一个初始的视觉启蒙，对颜色的识别更加准确，能够更多的捕捉画面中的重点👍！",,,draft,2025-02-14 05:57:56,2025-02-14 05:57:46,2025-02-14 05:57:56,NULL,"{""id"": 1, ""code"": ""DNI00""}","[{""id"": 1296, ""label"": ""2025 N1 Giles Andreae""}]",NULL,[],[]
292674,album,你的名字叫什么？,"教师通过歌曲《你的名字叫什么？》与幼儿一起进行认识华文名字游戏。教师鼓励幼儿围成一个圈，随着音乐节奏一边拍手，一边唱：“你的名字叫什么？你的名字叫什么？” 当歌曲唱到“我的名字叫XXX”时，轮到的幼儿需大声唱出自己的名字，并轻轻拍自己的胸膛。游戏按照顺时针方向依次进行。
",,,published,2025-02-17 05:12:57,2025-02-14 05:59:02,2025-02-17 05:12:56,NULL,"{""id"": 18, ""code"": ""OMB01""}","[{""id"": 1284, ""label"": ""2025 N1 Christie Matheson""}]",NULL,[],[]
292677,album,小鸟捉虫子,"教师邀请幼儿扮演小鸟一起捉虫。鼓励幼儿站在虫子下面，看着虫子，接着膝盖微蹲，单手举起，双脚蹬脚向上跳，把虫子抓下来。
",,,published,2025-02-17 05:12:12,2025-02-14 06:00:23,2025-02-17 05:12:12,NULL,"{""id"": 18, ""code"": ""OMB01""}","[{""id"": 1284, ""label"": ""2025 N1 Christie Matheson""}]",NULL,[],[]
292685,album,《蜗牛与色块》,"教师为小朋友们准备了蜗牛🐌身体的画纸和不同颜色形状的色块🪅，建立在我们已经共同阅读过绘本的基础，宝贝对五颜六色的蜗牛壳也很感兴趣，接下来就让小朋友们自己动手拼一拼，贴一贴。
教师引导幼儿选择自己喜欢的色块，然后进行粘贴，给蜗牛拼上独一无二的壳，每个宝贝都特别有自己的想法，很认真仔细的用小手操作🥰。在过程中培养孩子们的想象力和创造力，发展手指的精细动作！",,,draft,2025-02-14 06:12:32,2025-02-14 06:11:55,2025-02-14 06:12:32,NULL,"{""id"": 1, ""code"": ""DNI00""}","[{""id"": 1296, ""label"": ""2025 N1 Giles Andreae""}]",NULL,[],[]
292687,album,Term 1 Week 6 Weekly Highlight,Classroom Treasure Groups,,,published,2025-02-14 06:14:12,2025-02-14 06:14:03,2025-02-14 06:14:11,NULL,"{""id"": 20, ""code"": ""TMJ""}","[{""id"": 1430, ""label"": ""2025 K1 Bright""}]",NULL,[],[]
292693,album,我会抹盘子,教师示范抹盘子的步骤，幼儿领取工具尝试。让幼儿正确学会抹盘子的方法，提升手部精细动作和生活自理能力，培养责任意识和劳动兴趣。,,,draft,2025-02-14 06:19:58,2025-02-14 06:19:36,2025-02-14 06:19:58,NULL,"{""id"": 18, ""code"": ""OMB01""}","[{""id"": 1287, ""label"": ""2025 K1 Jo Empson""}]",NULL,[],[]
292701,album,说说华文名字,"教师为小朋友们准备了自己的名字卡片，上面有英文名、中文名和照片。
我们一起看看卡片里的照片是哪个朋友的, 通过照片辨认，然后说一说对方的华文名字, 刚开始有的小朋友不太清楚华文名字怎么说，教师示范并反复引导之后，小朋友们都能说出其他朋友的名字🥰。

在过程锻炼幼儿的语言能力，幼儿的名字在生活中会被反复提起，从而也会加深对自己华文名字的印象！",,,draft,2025-02-14 06:34:05,2025-02-14 06:33:56,2025-02-14 06:34:04,NULL,"{""id"": 1, ""code"": ""DNI00""}","[{""id"": 1297, ""label"": ""2025 N1 Marcus Pfister""}]",NULL,[],[]
292703,album,February Week 2 Photo Album,"10 February 2025 - 14 February 2025

Enjoy these pictures :) ",,,published,2025-02-14 06:37:38,2025-02-14 06:36:40,2025-02-14 06:37:37,NULL,"{""id"": 20, ""code"": ""TMJ""}","[{""id"": 1395, ""label"": ""2025 PG Kale""}]",NULL,[],[]
292705,album,February Week 2 Weekly Highlight: Traffic Light Craft,"Objective: Foster an interest in art 

The children were invited to create their own traffic light craft using red, yellow, and green paint! With paintbrushes in hand, they eagerly got to work, transforming plain paper plates into bright, colourful signals. Some carefully dotted their brushes around the plate, while others experimented with different strokes and movements. A few were especially curious about the texture of the paint, gently touching it with their fingers or even painting on their own hands before continuing their masterpiece. It was really lovely to see each child fully immersed in the process, exploring the paintbrush and the colours of the traffic light while having fun with art!",,,published,2025-02-14 06:39:53,2025-02-14 06:39:25,2025-02-14 06:39:53,NULL,"{""id"": 20, ""code"": ""TMJ""}","[{""id"": 1395, ""label"": ""2025 PG Kale""}]",NULL,[],[]
292706,album,二月第二周（10/02 - 14/02）精彩活动 ,这是本周精彩活动的照片，请查看！,,,published,2025-02-14 06:39:59,2025-02-14 06:39:25,2025-02-14 06:39:59,NULL,"{""id"": 20, ""code"": ""TMJ""}","[{""id"": 1401, ""label"": ""2025 N1 Rosen""}]",NULL,[],[]
292709,album,穿越障碍,"教师发现幼儿最近对这个玩具很感兴趣，但还不会如何玩一玩，我们一起来感受一下。
这个玩具有很多弯弯绕绕的区域，每一条线路都有不同颜色不同形状的小积木串在上面，教师引导幼儿用手推动积木，穿越弯弯的障碍，让他们能够继续前进，到达另一边的目的地。

在过程中培养幼儿手指的灵活度和勇于尝试的品质👍，不要害怕眼前的弯弯曲曲，再次尝试就可以跨越障碍！",,,draft,2025-02-14 06:43:05,2025-02-14 06:42:56,2025-02-14 06:43:05,NULL,"{""id"": 1, ""code"": ""DNI00""}","[{""id"": 1297, ""label"": ""2025 N1 Marcus Pfister""}]",NULL,[],[]
292714,album,二月第二周（10/02 - 14/02）其他活动 ,这是本周其他活动的照片，请查看！,,,published,2025-02-14 06:56:42,2025-02-14 06:53:53,2025-02-14 06:56:41,NULL,"{""id"": 20, ""code"": ""TMJ""}","[{""id"": 1401, ""label"": ""2025 N1 Rosen""}]",NULL,[],[]
292718,album,精彩活动——第一学期第六周,"10/02/2025——14/02/2025

  本周K1 Bailey的精彩活动从语言斗和来创造两个领域出发，围绕绘本《朱家故事》展开。旨在通过绘画与故事讨论培养幼儿的书写与绘画技能。幼儿在活动中将学习正确握笔，并熟悉不同绘画工具的使用，如铅笔、蜡笔和马克笔。

  活动以《如果妈妈不在家，你会做什么？》为主题，教师通过故事复述、提问与讨论，引导幼儿思考妈妈不在家时可能发生的事情及其影响。幼儿分组讨论并以长轴画的形式合作创作，表达自己的想法。同时，活动强调团队协作、责任感与表达能力，在完成作品后，幼儿共同展示并整理工具。








",,,published,2025-02-14 06:57:51,2025-02-14 06:57:16,2025-02-14 06:57:50,NULL,"{""id"": 20, ""code"": ""TMJ""}","[{""id"": 1404, ""label"": ""2025 K1 Bailey""}]",NULL,[],[]
292723,album,Term 1 Week 6 Weekly Highlight,"This week, the children engaged in a Splatter Painting & Sorting Activity, combining teamwork, exploration, and creativity.

In small groups, they hunted for related objects such as writing tools (rulers), art tools (paintbrushes), and toys (Unifix cubes). These items were then used to create splatter effects in their painting. Before starting, we discussed how to take turns so that everyone could experience different tools and techniques together.

Through this hands-on activity, the children explored how different tools create unique splatter effects, experimenting with movement, pressure, and paint application. This experience encouraged problem-solving, collaboration, and sensory exploration, while also reinforcing turn-taking and respect for shared materials.",,,published,2025-02-14 07:04:10,2025-02-14 07:03:22,2025-02-14 07:04:10,NULL,"{""id"": 20, ""code"": ""TMJ""}","[{""id"": 1404, ""label"": ""2025 K1 Bailey""}]",NULL,[],[]
292724,post,华文拾趣《朱家故事》,"这个星期我们一起共读了绘本《朱家故事》，绘本里面朱太太太忙了！她既要洗碗，又要做饭，又要熨衣服，还要吸地板，负责照顾朱先生和两个儿子。当朱太太不在家时，家里变得脏脏的，乱乱的。这个周五我们讨论了，我们可以帮妈妈做些什么呢？我们可以帮妈妈叠衣服，可以帮妈妈洗碗等等，并尝试写一写妈妈这两个字。
",,,draft,2025-02-16 10:47:30,2025-02-14 07:05:28,2025-02-16 10:47:29,NULL,"{""id"": 1, ""code"": ""DNI00""}","[{""id"": 1300, ""label"": ""2025 K1 David McKee""}]",NULL,[],[]
292726,album,Octave Music Lesson ,-,,,published,2025-02-14 07:10:30,2025-02-14 07:09:54,2025-02-14 07:10:29,NULL,"{""id"": 20, ""code"": ""TMJ""}","[{""id"": 1404, ""label"": ""2025 K1 Bailey""}]",NULL,[],[]
292729,album,Weekly Photo Album (10 to 14 Feb),Enjoy! ,,,published,2025-02-14 07:22:48,2025-02-14 07:21:43,2025-02-14 07:22:47,NULL,"{""id"": 20, ""code"": ""TMJ""}","[{""id"": 1404, ""label"": ""2025 K1 Bailey""}]",NULL,[],[]
292730,post,Pass the Ball,"In a circle, educarer asked Cole to pass the ball towards his friends (the name she will mention). This activity allowed him to identify/recognise his friends by connecting their name to themselves.",,,published,2025-02-14 07:22:34,2025-02-14 07:22:16,2025-02-14 07:24:04,NULL,"{""id"": 1, ""code"": ""DNI00""}","[{""id"": 1302, ""label"": ""2025 Infant Karen Katz""}]",NULL,[],[]
292731,post,Animals in a Sensory Bin Exploration,"Look! My hands were busy manipulating the animals in the sensory bin. I saw the duck and I said “du duck” to my educarer. I also imitated my educarer as she sounded the tiger, “roar”.",,,published,2025-02-14 07:31:05,2025-02-14 07:30:56,2025-02-14 07:31:05,NULL,"{""id"": 1, ""code"": ""DNI00""}","[{""id"": 1302, ""label"": ""2025 Infant Karen Katz""}]",NULL,[],[]
292732,post,Playing with Bouncy Ball,"I enjoyed throwing, bouncing and chasing the bouncy ball during indoor and outdoor play. I can grab the ball with both hands and throw it on the ground. I was also able to run faster with good coordination and balance to chase the rolling ball. Yay!!!",,,published,2025-02-14 07:38:54,2025-02-14 07:38:46,2025-02-14 07:38:54,NULL,"{""id"": 1, ""code"": ""DNI00""}","[{""id"": 1302, ""label"": ""2025 Infant Karen Katz""}]",NULL,[],[]
292733,post,Water and Sponges Exploration,"I had fun exploring with sponges and water. The sponges absorbed the water, and when I squeezed the sponge, the water  came out and dripped. I tried to lift up the soaked sponge and I saw the water was dripping down.",,,published,2025-02-14 07:49:10,2025-02-14 07:48:58,2025-02-14 07:49:09,NULL,"{""id"": 1, ""code"": ""DNI00""}","[{""id"": 1302, ""label"": ""2025 Infant Karen Katz""}]",NULL,[],[]
292735,album,二月 第二周：光线探索,"活动目标:
通过精心的环境创设，发展视觉能力

活动过程：
老师准备每天都会使用的手电筒，向小朋友介绍「光」，小朋友在过程中探索光线移动的轨迹，进行视觉追踪。老师也准备了用玻璃纸制作成的形状探索板，当光照在玻璃纸上时产生了不同颜色的光线照映在墙上，小朋友们都发出了惊讶的声音也会想要向前摸一摸墙上的光线，快来看看我们的活动过程吧！",,,published,2025-02-14 08:12:55,2025-02-14 08:12:43,2025-02-14 08:12:54,NULL,"{""id"": 10, ""code"": ""DTE01""}","[{""id"": 1310, ""label"": ""2025 Infant Mozart""}]",NULL,[],[]
292736,album,二月 第二周：解救玩具,"活动目标：
发展身体动作的协调能力

活动过程：
小朋友们快看！盒子里有好多毛球和玩具，但是他们被困在里面了，快来一起帮帮忙把毛球和玩具拿出盒子吧！
通过活动过程发展幼儿的身体动作协调能力，坐着的时候可向前取物再恢复直立坐姿，而不跌到；趴着时，会用一手承重，另一手伸出去拿东西，爸爸、妈妈也可以在家中和小朋友一起尝试这个活动喔！",,,draft,2025-02-19 05:56:32,2025-02-14 08:13:18,2025-02-19 05:56:31,NULL,"{""id"": 10, ""code"": ""DTE01""}","[{""id"": 1310, ""label"": ""2025 Infant Mozart""}]",NULL,[],[]
292737,album,周活动——第一学期第六周,"10/02/2025——14/02/2025

  请查收本周的周活动",,,published,2025-02-14 08:15:45,2025-02-14 08:14:18,2025-02-14 08:15:44,NULL,"{""id"": 20, ""code"": ""TMJ""}","[{""id"": 1404, ""label"": ""2025 K1 Bailey""}]",NULL,[],[]
292739,album,二月 第二周 ：户外活动,"这一周我们一样去到小花园和小果园探索，这次我们在花园中看到了各式各样不同颜色的花朵，还发现香蕉树长出香蕉了，小朋友有了上周的经验这周更感到自在，想要下来走一走、也想坐下来探索自然环境。

快来看看我们这一周的户外体验吧！",,,published,2025-02-14 08:18:28,2025-02-14 08:18:17,2025-02-14 08:18:27,NULL,"{""id"": 10, ""code"": ""DTE01""}","[{""id"": 1310, ""label"": ""2025 Infant Mozart""}]",NULL,[],[]
292748,album,Eye Screening 2025,"The children had a new experience with the eye screening as they were introduced to the Snellen chart. They learned how the check-up works and took turns reading the letters to test their vision.
",,,published,2025-02-15 00:02:53,2025-02-14 08:52:37,2025-02-15 00:02:53,NULL,"{""id"": 1, ""code"": ""DNI00""}","[{""id"": 1301, ""label"": ""2025 K2 Debi Gliori""}]",NULL,[],[]
292749,album,No Bags Day,"It was a successful No-Bags Day! The children arrived at school carrying a variety of different items, showcasing their creativity and excitement. From baskets and suitcases to reusable shopping bags and even pillowcases. The day was filled with laughter and enthusiasm as they proudly shared their choices with classmates.
",,,published,2025-02-15 00:03:07,2025-02-14 08:54:55,2025-02-15 00:03:06,NULL,"{""id"": 1, ""code"": ""DNI00""}","[{""id"": 1301, ""label"": ""2025 K2 Debi Gliori""}]",NULL,[],[]
292751,album,February Week 2: Weekly Highlight,Who am eye?,,,published,2025-02-14 09:25:14,2025-02-14 09:24:58,2025-02-14 09:25:14,NULL,"{""id"": 20, ""code"": ""TMJ""}","[{""id"": 1402, ""label"": ""2025 N1 Kelly""}]",NULL,[],[]
292752,album,February Week 2,Activities of the week!,,,published,2025-02-14 09:35:03,2025-02-14 09:34:16,2025-02-14 09:35:03,NULL,"{""id"": 20, ""code"": ""TMJ""}","[{""id"": 1402, ""label"": ""2025 N1 Kelly""}]",NULL,[],[]
292768,album,Weekly Update,"Hi Parents!

This week, the children continued exploring the different parts of their bodies, focusing on body parts like legs, feet, toenails, ankles, stomach, and back. They were also able to recall the body parts we learned about last week and felt very proud when asked to point to them on their own bodies.

As part of our lesson, the children worked on a body craft using cut-out paper, while also exploring and identifying different shapes like circles, triangles, and rectangles. We’ll continue the craft next week and add more details, such as hair, eyes, nose, mouth, and ears!

Next week, we’ll begin learning about the five senses.",,,published,2025-02-14 11:15:40,2025-02-14 11:14:58,2025-02-14 11:15:39,NULL,"{""id"": 5, ""code"": ""DTH01""}","[{""id"": 1408, ""label"": ""2025 Nursery 1 Engagers""}]",NULL,[],[]
292773,album,I am 5!,Blessed Birthday! Wishing you a day full of happiness and a year full of blessings. Thank you for celebrating your special day with us :) ,,,published,2025-02-14 12:25:52,2025-02-14 12:25:39,2025-02-14 12:25:51,NULL,"{""id"": 20, ""code"": ""TMJ""}","[{""id"": 1430, ""label"": ""2025 K1 Bright""}]",NULL,[],[]
292774,album,《我的情绪小怪兽》,"教师准备好彩色颜料、海绵拍、保鲜膜、假眼睛、彩纸、棉棒若干。老师邀请幼儿一起制作情绪小怪兽。介绍材料，请幼儿自由选择自己喜欢的颜料，挤压在卡纸上，盖上塑料薄膜。在用小手或海绵拍按压拍打。在把保鲜膜撕开，使用棉棒给彩色怪兽造型，在粘贴小怪兽的眼睛嘴巴。一只只活泼可爱的小怪兽就做好了。
",,,draft,2025-02-14 12:33:14,2025-02-14 12:33:11,2025-02-21 04:46:09,NULL,"{""id"": 1, ""code"": ""DNI00""}","[{""id"": 1295, ""label"": ""2025 PG Rod Campbell""}]",NULL,[],[]
292775,album,weekly update,"Another fun week has passed for the little ones! They continued their body tracing activity, and this time, they were encouraged to color their tracings using crayons and hand stamps.

They also enjoyed a game with ""peek-a-boo friends,"" where they opened lids to reveal and identify pictures of their friends. As the children are still building relationships with their peers, this experience helped them recognize their friends within the classroom.

Additionally, the children explored different types of containers. Some were focused on opening the lids, while others enjoyed stacking them. It was amazing to see how engaged and focused the little ones were during this exploration. This activity is a great way to keep your little ones busy at home as well!

The children were also invited to participate in a gross motor activity, where they had fun popping bubbles by jumping and running.

Lastly, the little ones were introduced to a new rhyme titled “All of Me.” While listening to the rhyme, they were encouraged to perform different actions such as clapping their hands, hugging tightly, and more. You can find the rhyme in the album.",,,published,2025-02-15 11:06:47,2025-02-14 12:36:16,2025-02-15 11:06:47,NULL,"{""id"": 5, ""code"": ""DTH01""}","[{""id"": 1409, ""label"": ""2025 Playgroup Explorers""}]",NULL,[],[]
292776,album,Chinese New Year Celebration,Thank you all for coming and celebrating Chinese New Year with us!,,,published,2025-02-14 12:44:01,2025-02-14 12:42:47,2025-02-14 12:44:01,NULL,"{""id"": 5, ""code"": ""DTH01""}","[{""id"": 1409, ""label"": ""2025 Playgroup Explorers""}]",NULL,[],[]
292788,album,Apple pie,"教师为小朋友们带来一个有趣的故事。我们的小熊朋友发现自己的曲奇🍪被咬了一块，他想知道是谁吃了它的饼干，请小朋友们一起找一找！
教师分别出示不同的动物，观察它们的牙齿跟被咬曲奇是否一样呢？有小鸟🕊、有老虎🐅、有河马🦛等不同的动物，发现都不是这些动物吃的。
最后教师引导幼儿发现，曲奇上的牙印跟小熊自己的一样，原来是它在睡着的时候不小心吃了一口。在趣味的故事中，促进幼儿观察力的发展。",,,draft,2025-02-14 15:09:45,2025-02-14 15:09:25,2025-02-14 15:09:44,NULL,"{""id"": 1, ""code"": ""DNI00""}","[{""id"": 1296, ""label"": ""2025 N1 Giles Andreae""}]",NULL,[],[]
292789,album,Apple pie🍎,"教师为小朋友们带来一个有趣的故事。我们的小熊朋友发现自己的曲奇🍪被咬了一块，他想知道是谁吃了它的饼干，请小朋友们一起找一找！
教师分别出示不同的动物，观察它们的牙齿跟被咬曲奇是否一样呢？有小鸟🕊、有老虎🐅、有河马🦛等不同的动物，发现都不是这些动物吃的。
最后教师引导幼儿发现，曲奇上的牙印跟小熊自己的一样，原来是它在睡着的时候不小心吃了一口。在趣味的故事中，促进幼儿观察力的发展。",,,draft,2025-02-14 15:14:08,2025-02-14 15:13:56,2025-02-14 15:14:08,NULL,"{""id"": 1, ""code"": ""DNI00""}","[{""id"": 1297, ""label"": ""2025 N1 Marcus Pfister""}]",NULL,[],[]
292832,album,一起来贴贴纸,教师准备红色和蓝色的A3彩纸和这两种颜色的颜色贴纸，接着教师将彩纸固定在地上，教师向小朋友们介绍彩纸的颜色，接着示范如何将贴纸撕下贴在相同颜色的彩纸上，教师邀请感兴趣的幼儿一起参与。,,,published,2025-02-15 05:55:07,2025-02-15 05:54:56,2025-02-15 05:55:06,NULL,"{""id"": 16, ""code"": ""MBS""}","[{""id"": 1377, ""label"": ""2025 Playgroup Care""}]",NULL,[],[]
292834,album,鞭炮画,教师准备麻将纸、海绵和红色颜料邀请朋友们一起来做鞭炮画。教师先将麻将纸上画出鞭炮的引线，教师示范如何将海绵蘸取红色的颜料并印在引线上，接着邀请感兴趣的幼儿一起来参与制作鞭炮画。,,,published,2025-02-15 06:02:50,2025-02-15 06:02:40,2025-02-15 06:02:50,NULL,"{""id"": 16, ""code"": ""MBS""}","[{""id"": 1377, ""label"": ""2025 Playgroup Care""}]",NULL,[],[]
292835,album,钻山洞,教师准备儿童隧道的器材，教师示范并邀请幼儿一起来以爬行的方式穿过“山洞”到达终点。,,,published,2025-02-15 06:09:16,2025-02-15 06:09:08,2025-02-15 06:09:16,NULL,"{""id"": 16, ""code"": ""MBS""}","[{""id"": 1377, ""label"": ""2025 Playgroup Care""}]",NULL,[],[]
292837,album,好久不见 ，开心满满,"很开心再次回到班级中，昨天是我最近一段时间以来最最最开心的一天❤️ 很想念大家，我们从户外玩到室内，开心的度过了幸福而美好的一天！
再次感谢各位家长们一直以来对我的关心、问候与支持，我真的觉得很温暖。我将会用我收获到的爱，更好的回馈给小朋友们，在接下来我们将更好的去陪伴小朋友们成长😊🌈",,,published,2025-02-15 06:16:37,2025-02-15 06:16:18,2025-02-15 06:16:37,NULL,"{""id"": 1, ""code"": ""DNI00""}","[{""id"": 1300, ""label"": ""2025 K1 David McKee""}]",NULL,[],[]
292839,album,Learning with Playdough: Extending the Caterpillar! 🐛,"In this fun activity, children use playdough to create small round shapes to extend the body of a caterpillar, with its head already printed on the card. As they roll and count the playdough balls, they practice one-to-one correspondence and early counting skills. This activity also helps develop fine motor skills, and concentration. ",,,published,2025-02-15 07:25:19,2025-02-15 07:18:19,2025-02-15 07:25:19,NULL,"{""id"": 1, ""code"": ""DNI00""}","[{""id"": 1296, ""label"": ""2025 N1 Giles Andreae""}]",NULL,[],[]
292840,album,Creating Our Dramatic Corner: The Bee Hive Adventure! 🐝,"In this exciting painting activity, the children are stepping into the role of beekeepers! They’ll be painting a large box to represent a huge bee hive, using honeycomb patterns to bring the space to life. This is Phase One of creating their very own dramatic play corner, where they will soon become protectors of the bees in their imaginative world.

As the project unfolds, there will be plenty more fun additions to the dramatic play area, bringing even more opportunities for role-playing, and exploration. We can't wait to see how their dramatic play corner develops! 

Do stay tuned for more updates as this exciting adventure continues!",,,published,2025-02-15 07:39:57,2025-02-15 07:27:08,2025-02-15 07:39:56,NULL,"{""id"": 1, ""code"": ""DNI00""}","[{""id"": 1296, ""label"": ""2025 N1 Giles Andreae""}]",NULL,[],[]
292841,album,Exploring Visual Discrimination with Thinker Box! ,"This week, they are honing their visual discrimination skills—learning to observe and distinguish between different colours and patterns. This activity encourages them to pay close attention to details, helping to strengthen their cognitive abilities and problem-solving skills.

By engaging in this fun, hands-on activity, the children are not only improving their focus and attention to detail, but also laying the foundation for more complex tasks in the future. ",,,published,2025-02-15 07:47:49,2025-02-15 07:41:27,2025-02-15 07:47:48,NULL,"{""id"": 1, ""code"": ""DNI00""}","[{""id"": 1296, ""label"": ""2025 N1 Giles Andreae""}]",NULL,[],[]
292843,album,Butterfly Craft with Cake Filters! ,"Our little artists are having a blast creating their own beautiful butterflies using cake filters! The process starts with children scribbling various shapes and patterns onto the cake filter with colourful markers. Once the design is complete, they drop some water onto the filter paper, watching in awe as the ink spreads and creates a stunning, blended effect across the paper. 

The filter paper were then folded in a pleated manner, and voilà— they’ve got the wings of a butterfly! To complete their masterpiece, pipe cleaner were then added to form the butterfly's body, bringing their creation to life.

This craft activity not only sparks creativity but also introduces children to the fascinating concept of how colours can blend and spread when water is added. It's a fun, hands on way to develop their fine motor skills and understanding of cause and effect.",,,published,2025-02-15 08:07:08,2025-02-15 07:51:15,2025-02-15 08:07:08,NULL,"{""id"": 1, ""code"": ""DNI00""}","[{""id"": 1296, ""label"": ""2025 N1 Giles Andreae""}]",NULL,[],[]
292846,album,Diaper Bag Success!,"We’re excited to share that the children are now able to take their own diapers from their personal diaper bags! This small yet significant milestone allows them to feel a sense of self-reliance and independence as they begin to take ownership of their routines.

Thank you to all parents for preparing a separate diaper bag for your child. This thoughtful preparation has made it possible for the children to practice this new skill and take an active role in their daily care. It’s amazing to see them becoming more confident in managing their personal needs, and we’re so proud of their progress!",,,published,2025-02-15 08:19:48,2025-02-15 08:19:42,2025-02-15 08:20:25,NULL,"{""id"": 1, ""code"": ""DNI00""}","[{""id"": 1296, ""label"": ""2025 N1 Giles Andreae""}]",NULL,[],[]
292847,album,"🎉 Happy 3rd Birthday, Kieran! 🎂","Wishing the happiest of birthdays to our wonderful Kieran, who has now turned 3 years old! It’s been such a joy watching you grow, learn, and bring so much fun to our classroom.

Here’s to another year of amazing adventures, and plenty of smiles! 🥳🎁",,,published,2025-02-15 08:32:49,2025-02-15 08:32:44,2025-02-15 08:32:48,NULL,"{""id"": 1, ""code"": ""DNI00""}","[{""id"": 1296, ""label"": ""2025 N1 Giles Andreae""}]",NULL,[],[]
292848,album,第一学期第六周照片更新,"这一周小朋友们与老师一起学习了早期阅读的角落游戏，并且进行尝试。小朋友们在早期阅读区的听赏区进行听赏活动，小朋友们一边听故事的录音，一边翻阅早期阅读的图书，尝试跟读。
在庆祝新年的活动中，小朋友们与家长一起进行写“福”字的活动，包汤圆，煮汤圆，吃汤圆，让小朋友们很开心，最兴奋地是小朋友们和家长欣赏了舞狮表演，热闹又喜庆。",,,published,2025-02-15 08:44:22,2025-02-15 08:44:03,2025-02-15 08:44:21,NULL,"{""id"": 5, ""code"": ""DTH01""}","[{""id"": 1406, ""label"": ""2025 Kindergarten 1 Inventors""}]",NULL,[],[]
292849,album,Term 1 Week 4 Show and Tell,"This week, Max and Zac shared about their favourite item and favourite activities during the weekend. Max talks about his cat boy costume, and Zac shared that he enjoys playing with his ball with his family.
",,,draft,2025-02-15 09:04:48,2025-02-15 09:04:45,2025-02-15 09:06:28,NULL,"{""id"": 10, ""code"": ""DTE01""}","[{""id"": 1314, ""label"": ""2025 Nursery 2 Eric Carle""}]",NULL,[],[]
292855,post,体能活动中的竞技与合作,"小朋友们自由选择同伴，进行比赛
比赛规则：1.身体平躺将头顶的呼啦圈依次套在锥形标记上。
                  2.双脚和一只手支撑身体离开地面，单手将呼啦圈依次套在追星标记上。
                  3.和同伴一起将两个呼啦圈用肚子顶住呼啦圈移动至锥形标记处，并且不可以同手扶着，也不能坠落。

小朋友们能够理解游戏规则并且具有遵守规则的意识，看到小朋友犯规也能够提醒朋友和老师，当朋友落后的时候也主动的帮朋友喊加油。在最后的合作中小朋友也能够和对方沟通和商量，例如：“有点远、在那边、小心”等等。当所有活动完成的时候一起分享喜悦相互击掌。

通过游戏和活动小朋友们体验到在活动中的角色的转变，也感受到个人竞技和团队合作的不同，可以通过沟通，分享自我感受到方式培养幼儿的团队意识、表达能力和社交能力。",,,published,2025-02-15 10:38:54,2025-02-15 10:38:34,2025-02-15 10:38:53,NULL,"{""id"": 1, ""code"": ""DNI00""}","[{""id"": 1301, ""label"": ""2025 K2 Debi Gliori""}]",NULL,[],[]
292856,post,《逃家小兔》,"我们开启了新的绘本故事书《逃家小兔》，绘本讲述了一只小兔子对它的妈妈说：“我要跑走了！”妈妈却回答他“你要是跑走了，我就去追你，因为你是的我小宝贝呀！”。于是小兔子想象自己变声小鳟鱼，妈妈说，那我就变成捕鱼的人来抓你，小兔子变成石头，妈妈就变成爬山的人... ...无论小兔子变程什么，妈妈总能找到它，于是小兔子就只能乖乖的回家了。

老师和小朋友一起模仿故事中小兔子和兔妈妈的角色，当小朋友扮演想做鱼的小兔子时，老师便扮演捕鱼的兔妈妈，去抓小兔子。在游戏的过程中，小朋友们感受“逃”的意思和感受，并且能够匹配小兔子和妈妈扮演的角色，理解角色之间的因果关系。

小朋友分享：“因为兔妈妈很爱小兔子，所有无论小兔子变成什么，兔妈妈都能找到它。”、“兔妈妈很爱它”、“我们做太阳、老师做云朵，要把我们遮起来”等等。",,https://www.youtube.com/watch?v=AVMW-mR9n_k,published,2025-02-15 10:54:35,2025-02-15 10:54:19,2025-02-15 10:54:34,NULL,"{""id"": 1, ""code"": ""DNI00""}","[{""id"": 1301, ""label"": ""2025 K2 Debi Gliori""}]",NULL,[],[]
292860,post,English Speech and Drama 🎭,"For this week’s drama lesson, the children began with a movement game, pretending to be different animals while following the instructor’s singing and guidance. They crawled like cats, slithered like snakes, flew like birds, and even swam like sharks!
Next, they met a new friend, Holly the owl! The children were thrilled to have a new furry companion in class and eagerly played airplane games and hide-and-seek with Holly. They also practiced phonetic syllables starting with the “p” sound, reinforcing their early language skills.
To wrap up the lesson, they gathered for a short story-reading session, bringing a fun and engaging end to their imaginative adventure.",,,published,2025-02-15 12:33:53,2025-02-15 12:33:24,2025-02-15 12:33:52,NULL,"{""id"": 1, ""code"": ""DNI00""}","[{""id"": 1296, ""label"": ""2025 N1 Giles Andreae""}]",NULL,[],[]
292861,album,"Ready, Steady, Go! 🏃🏻‍♀️➡️","This week’s lesson built upon last week’s skills, focusing on soccer and kicking. As always, the children began with their warm up, practicing animal walks around cones. This activity not only gets them moving but also enhances their spatial awareness as they navigate around obstacles.
For the soccer component, the instructors introduced a new challenge, the running kick! In this activity, children practiced their gross motor skills by running a short distance and coordinating their movements to kick a ball off a cone. The excitement was contagious as they eagerly took on the challenge, laughing and smiling alongside their friends. It was a fantastic session filled with energy, growth, and fun!",,,published,2025-02-15 12:42:04,2025-02-15 12:36:50,2025-02-15 12:42:04,NULL,"{""id"": 1, ""code"": ""DNI00""}","[{""id"": 1296, ""label"": ""2025 N1 Giles Andreae""}]",NULL,[],[]
292862,album,第一学期第六周 活动照片,"Hi 家长们好！

首先温馨提示：关于庆祝华人新年活动照片和参观科技馆的照片已经放进Even Management ，家长们可以进去欣赏活动照片了。

幼儿们的学习旅程已经进入第六周，也开启了新的绘本故事《猜猜我有多爱你》的学习中，幼儿们在多次聆听故事后能大概明白故事内容，并能参与到老师提出的问题展开不同问题的讨论中，从而提升了他们对华文词语及句子的认识和理解。我们通过不同的有趣活动一起学习了词语：小兔子、大兔子、跳。

早期阅读进入第二周，幼儿们在老师的鼓励引导下正在尝试进入不同阅读角落，自主探索学习。有听赏区、说演区和读写区，还有有趣的不同活动。可以看出幼儿们都能积极的进行探索学习中。

幼儿们的华文拾趣逐渐展示出他们的想象力和创造力！

本周幼儿们在公园中欣赏落叶及拿着小桶收集喜欢的叶子和树枝，还赤脚走石头路体验感受脚底被按摩的不同感觉。幼儿们愉快的在大自然中体验感受，开心极了！
",,,published,2025-02-15 12:45:57,2025-02-15 12:45:36,2025-02-15 12:49:17,NULL,"{""id"": 5, ""code"": ""DTH01""}","[{""id"": 1407, ""label"": ""2025 Nursery 2 Reflectors""}]",NULL,[],[]
292863,post,亲子活动--与幼儿一起分享故事《猜猜我有多爱你》," Hi家长们好！

       从这个星期开始，我们将学习绘本《猜猜我有多爱你》。故事中的小兔子对大兔子说：“我好爱你”，而大兔子回应小兔子
   说：“我更爱你！”小兔子为了表示自己的爱会胜过大兔子的爱，它想尽办法，用各种身体动作、看得见的景物等来描述自己
   的爱意，直到它累得在大兔子的怀中睡着了……您可以参考以下网址来阅读电子故事，并与您的孩子一起分享故事内容。请
   点击：https://youtu.be/kYN2Nrd-CGM

",,,published,2025-02-15 12:52:38,2025-02-15 12:52:36,2025-02-15 12:53:52,NULL,"{""id"": 5, ""code"": ""DTH01""}","[{""id"": 1407, ""label"": ""2025 Nursery 2 Reflectors""}]",NULL,[],[]
292864,post,亲子活动--一起聆听歌曲《我长大了》,"Hi家长们好！

这首歌曲我们已经学完了，希望家长在家能与幼儿一起聆听一起唱此歌曲，幼儿们很喜欢！",,https://www.youtube.com/watch?v=T87mXejuR2c,published,2025-02-15 13:00:59,2025-02-15 13:00:58,2025-02-15 13:00:58,NULL,"{""id"": 5, ""code"": ""DTH01""}","[{""id"": 1407, ""label"": ""2025 Nursery 2 Reflectors""}]",NULL,[],[]
292897,album,Term 1 Week 6: Global Art,"Learning Objectives: 

•  Children will explore and create artworks inspired by global cultures, appreciating the talents and skills involved in creating them. 

Our classroom transformed into an ""International Art Museum,"" where the children explored various art styles from different cultures. They were introduced to famous artistic techniques such as Aboriginal dot painting, African tribal masks, Mexican papel picado, European impressionism and Abstract.

Through this experience, the children learned that art is not just about creating something beautiful but also a way to express ideas, emotions, and stories. They discussed the different skills required for each style—patience in creating intricate patterns, boldness in selecting colours, or storytelling through symbols.

Inspired by the artworks, the children were given an opportunity to create their own mini masterpieces. Many naturally gravitated towards impressionism, abstract painting, dot painting, and papel picado, experimenting with colours, textures, and patterns to bring their artistic visions to life.

Date of activity: 11th February 2025",,,published,2025-02-16 01:44:40,2025-02-16 01:44:27,2025-02-16 01:45:57,NULL,"{""id"": 10, ""code"": ""DTE01""}","[{""id"": 1316, ""label"": ""2025 Kindergarten 2 Elgar""}]",NULL,[],[]
292898,album,元宵节,老师向幼儿介绍今天是元宵节，通过故事让幼儿了解元宵节的由来，以及在元宵节这一天，人们会怎么庆祝元宵节。最后，老师带领幼儿一起煮汤圆、吃汤圆，感受节日气氛。,,,published,2025-02-16 02:44:35,2025-02-16 02:44:11,2025-02-16 02:44:35,NULL,"{""id"": 16, ""code"": ""MBS""}","[{""id"": 1382, ""label"": ""2025 Kindergarten 1 Gratitude""}]",NULL,[],[]
292901,album,击鼓传花识字游戏,幼儿总结出赶走生气的办法后，老师将相关词语展示在白板上，带领幼儿认读。当幼儿熟悉词语后，老师带领幼儿玩击鼓传花的游戏认读词语。当幼儿熟悉游戏规则后，幼儿可以来敲鼓，选词语。在游戏中，巩固幼儿认读词汇。,,,published,2025-02-16 03:44:16,2025-02-16 03:44:02,2025-02-16 03:44:15,NULL,"{""id"": 16, ""code"": ""MBS""}","[{""id"": 1382, ""label"": ""2025 Kindergarten 1 Gratitude""}]",NULL,[],[]
292903,album,木棒与瓶子,"木棒被幼儿细心地通过细小的瓶口放进瓶在，活动发展了幼儿的持续的参与-注意力和专注力。
",,,published,2025-02-16 04:03:26,2025-02-16 04:03:18,2025-02-16 04:03:26,NULL,"{""id"": 16, ""code"": ""MBS""}","[{""id"": 1376, ""label"": ""2025 Infant Joy""}]",NULL,[],[]
292904,album,舀小球,"
老师在一个盆中放入小球，给幼儿一个勺子，让幼儿把小球舀到另外一个盆中，活动促进婴幼儿粗大动作和精细动作技能的发展。
",,,published,2025-02-16 04:05:51,2025-02-16 04:05:41,2025-02-16 04:25:20,NULL,"{""id"": 16, ""code"": ""MBS""}","[{""id"": 1376, ""label"": ""2025 Infant Joy""}]",NULL,[],[]
292905,album,翻看书本,幼儿自己拿书本专心的翻看和触摸图书上的图片，老师在边上讲述书本上故事，发展幼儿对词语与图片、物体之间的意识，能指认图片和物体。,,,published,2025-02-16 04:09:34,2025-02-16 04:09:28,2025-02-16 04:09:34,NULL,"{""id"": 16, ""code"": ""MBS""}","[{""id"": 1376, ""label"": ""2025 Infant Joy""}]",NULL,[],[]
292907,album,敲打钢管：,击打钢管的叮当声音，让幼儿努力准确地击打钢管，活动发展了幼儿手眼的协调能力。,,,published,2025-02-16 04:11:08,2025-02-16 04:11:01,2025-02-16 04:11:07,NULL,"{""id"": 16, ""code"": ""MBS""}","[{""id"": 1376, ""label"": ""2025 Infant Joy""}]",NULL,[],[]
292908,album,敲敲琴,"让幼儿在音乐玩具上击打出不同的音符，培养幼儿对音乐与律动的兴趣和喜好。
",,,published,2025-02-16 04:13:13,2025-02-16 04:13:04,2025-02-16 04:13:13,NULL,"{""id"": 16, ""code"": ""MBS""}","[{""id"": 1376, ""label"": ""2025 Infant Joy""}]",NULL,[],[]
292910,album,盒子中的玩具：,"盒子中的玩具吸引幼儿十分专注地寻找自己喜欢的玩具，活动发展了幼儿有意向的行动。
",,,published,2025-02-16 04:17:41,2025-02-16 04:17:32,2025-02-16 04:17:41,NULL,"{""id"": 16, ""code"": ""MBS""}","[{""id"": 1376, ""label"": ""2025 Infant Joy""}]",NULL,[],[]
292911,album,叠上去：,"大块的积木被幼儿一一叠了上去，幼儿十分高兴，活动发展婴幼儿的平衡感。
",,,published,2025-02-16 04:19:48,2025-02-16 04:19:46,2025-02-16 04:19:48,NULL,"{""id"": 16, ""code"": ""MBS""}","[{""id"": 1376, ""label"": ""2025 Infant Joy""}]",NULL,[],[]
292912,album,穿越圈圈：,"幼儿不断地从圈环中钻过来，游戏发展了幼儿身体动作的协调能力。
",,,published,2025-02-16 04:22:16,2025-02-16 04:22:07,2025-02-16 04:22:15,NULL,"{""id"": 16, ""code"": ""MBS""}","[{""id"": 1376, ""label"": ""2025 Infant Joy""}]",NULL,[],[]
292913,album,木棒与瓶子,"木棒被幼儿细心地通过细小的瓶口放进瓶在，活动发展了幼儿的持续的参与-注意力和专注力。
",,,published,2025-02-16 04:24:20,2025-02-16 04:24:10,2025-02-16 04:24:20,NULL,"{""id"": 16, ""code"": ""MBS""}","[{""id"": 1376, ""label"": ""2025 Infant Joy""}]",NULL,[],[]
292915,album,T1W6活动,"小朋友们从这周开始学习第二本绘本故事《逃家小兔》。大家通读故事后，玩“故事接龙”游戏熟悉故事内容。在熟悉了故事内容基础上，大家讨论一些有关的问题，如“为什么小兔要离家出走呢？”、“小兔为什么要变成不同的东西逃走？”、“为什么妈妈总是能变成比小兔更厉害的东西来抓住小兔？”等等。在学说故事的同时，小朋友们还通过游戏的方式学认读词语和用词语说句子，并在“华文拾趣”本上画出自己最喜欢的故事画面。
这周，小朋友们在中巴鲁公园散步的时候，发现了一个好玩的问题。他们发现一棵大树的主干上“长”了很多和树枝上不同的树叶。回来后，大家就这个问题进行了一番讨论，通过仔细观察图片发现，原来这些树叶不是长在树干上，而是长在一根爬在树干的藤上。
在周五总结这周活动时，大家一起回顾了所学过内容，并在自己的“华文拾趣”本上用绘画的方式记录下来和大家分享。",,,published,2025-02-16 04:27:05,2025-02-16 04:26:54,2025-02-16 04:27:05,NULL,"{""id"": 5, ""code"": ""DTH01""}","[{""id"": 1405, ""label"": ""2025 Kindergarten 2 Risk-Takers""}]",NULL,[],[]
292916,album,舀小球,老师在一个盆中放入小球，给幼儿一个勺子，让幼儿把小球舀到另外一个盆中，活动促进婴幼儿粗大动作和精细动作技能的发展。,,,published,2025-02-16 04:27:46,2025-02-16 04:27:35,2025-02-16 04:27:45,NULL,"{""id"": 16, ""code"": ""MBS""}","[{""id"": 1376, ""label"": ""2025 Infant Joy""}]",NULL,[],[]
292917,album,对号入座,"让幼儿将不同形状的模块放进盒上对应的形状孔中，游戏培育了幼儿对物体永恒的概念。
",,,published,2025-02-16 04:29:31,2025-02-16 04:29:21,2025-02-16 04:29:31,NULL,"{""id"": 16, ""code"": ""MBS""}","[{""id"": 1376, ""label"": ""2025 Infant Joy""}]",NULL,[],[]
292918,album,快乐的学步幼儿班实习生活,.,,,published,2025-02-16 04:33:40,2025-02-16 04:33:21,2025-02-16 04:33:40,NULL,"{""id"": 16, ""code"": ""MBS""}","[{""id"": 1376, ""label"": ""2025 Infant Joy""}]",NULL,[],[]
292919,album,花园散步,.,,,published,2025-02-16 04:35:52,2025-02-16 04:35:41,2025-02-16 04:35:52,NULL,"{""id"": 16, ""code"": ""MBS""}","[{""id"": 1376, ""label"": ""2025 Infant Joy""}]",NULL,[],[]
292925,album,单脚跳识字游戏,幼儿用单脚跳的方式将字卡宝宝送回家，并能正确认读，鼓励幼儿使用词语造句。锻炼幼儿单脚向前跳，并保持身体平衡。,,,published,2025-02-16 04:49:31,2025-02-16 04:48:35,2025-02-16 04:49:30,NULL,"{""id"": 16, ""code"": ""MBS""}","[{""id"": 1382, ""label"": ""2025 Kindergarten 1 Gratitude""}]",NULL,[],[]
292926,post,Thread the pipe cleaner ,"“Sliding the pipe cleaner in and out of the basket hole was a bit challenging, but I managed to do it!”",,,published,2025-02-16 05:00:43,2025-02-16 05:00:40,2025-02-16 05:00:42,NULL,"{""id"": 1, ""code"": ""DNI00""}","[{""id"": 1302, ""label"": ""2025 Infant Karen Katz""}]",NULL,[],[]
292927,post,Arranging flowers,"“I use my sense of touch to explore the flower and place it back into the container, but I prefer it upside down since it’s easier for me to hold.”",,,published,2025-02-16 05:09:16,2025-02-16 05:09:10,2025-02-16 05:09:15,NULL,"{""id"": 1, ""code"": ""DNI00""}","[{""id"": 1302, ""label"": ""2025 Infant Karen Katz""}]",NULL,[],[]
292928,post,Paste the flower ,“I explored the flower before plucking it off with a bit of help and than press it onto the sticky contact paper.”,,,published,2025-02-16 05:12:45,2025-02-16 05:12:42,2025-02-16 05:12:44,NULL,"{""id"": 1, ""code"": ""DNI00""}","[{""id"": 1302, ""label"": ""2025 Infant Karen Katz""}]",NULL,[],[]
292929,album,Meeting Sally at the Playground 🎭,"During the 'Dramaland' portion of their English speech and drama enrichment class, the children met Sally, a lonely girl at the playground who was looking for friends to play with. They eagerly volunteered to be her friends and played fun games with her.",,,draft,2025-02-16 05:14:18,2025-02-16 05:14:05,2025-02-16 05:49:32,NULL,"{""id"": 18, ""code"": ""OMB01""}","[{""id"": 1284, ""label"": ""2025 N1 Christie Matheson""}]",NULL,[],[]
292930,post,Let’s count and stacked,"“My educarer stacked the wooden blocks while counting 1, 2, 3. Then, I knocked them all down! I tried stacking them back up too, but knocking the tower down was more fun.”",,,published,2025-02-16 05:16:34,2025-02-16 05:16:32,2025-02-16 05:16:34,NULL,"{""id"": 1, ""code"": ""DNI00""}","[{""id"": 1302, ""label"": ""2025 Infant Karen Katz""}]",NULL,[],[]
292932,album,Dressing Up Myself 👚👖👕,"Our Learning Corner turned into a mini fashion studio as the children practiced dressing up independently! They explored different clothes, learned how to put on shirts, pants and socks, trying out new outfits. This activity not only encourages self-reliance but also promotes problem-solving and creativity, all while having fun with their peers!",,,published,2025-02-16 05:23:17,2025-02-16 05:22:58,2025-02-16 05:25:21,NULL,"{""id"": 18, ""code"": ""OMB01""}","[{""id"": 1284, ""label"": ""2025 N1 Christie Matheson""}]",NULL,[],[]
292933,album,ThinkersBox,"Exploring through pictures and patterns! The children engaged in fun activities that challenged their thinking, pointing at animals, shapes, and objects named by the teacher. Also, completing colour patterns using paper balls and cups. It’s amazing to see their critical thinking and problem-solving skills grow with every task!",,,published,2025-02-16 05:43:37,2025-02-16 05:42:56,2025-02-17 14:21:06,NULL,"{""id"": 18, ""code"": ""OMB01""}","[{""id"": 1284, ""label"": ""2025 N1 Christie Matheson""}]",NULL,[],[]
292937,album,Octaves,"During this week's session, the children had so much fun with Jack-in-the-Box. The teacher showed the children a Jack-in-the-Box toy; then they pretended to be Jack. they went into an imaginary box while the teacher sang the verse, and then Pop! Ta-da!! They jumped out and danced around!",,,published,2025-02-16 06:03:11,2025-02-16 06:02:45,2025-02-17 05:51:17,NULL,"{""id"": 18, ""code"": ""OMB01""}","[{""id"": 1284, ""label"": ""2025 N1 Christie Matheson""}]",NULL,[],[]
292944,album,Hello My Friend,"During this activity, the teacher played music and let the children walk around the classroom. When the music stopped, each child searched for a partner and say “Hi/Hello _______! (partner’s name). The activity was repeated until everyone has been partnered with all the children in the class. The children were encouraged to choose a different partner in every round. ",,,published,2025-02-17 14:19:49,2025-02-16 06:52:01,2025-02-17 14:19:48,NULL,"{""id"": 18, ""code"": ""OMB01""}","[{""id"": 1284, ""label"": ""2025 N1 Christie Matheson""}]",NULL,[],[]
292946,album,Shuffle Me! -Sorting Shapes and Colours,"The children were assigned a shape/colour during lesson time. They shuffled between each other as a song was played. When the music stopped, they quickly gathered friends with the same shape/colour and moved to their 'home' (a hula-hoop). A challenged was introduced, and the assigned colour/shape was placed on the children's back. They were not able to see what shape/colour they were assigned to and it motivated them to communicate with each other to regroup accordingly. Well done everyone!",,,published,2025-02-16 07:37:45,2025-02-16 07:37:30,2025-02-16 07:37:44,NULL,"{""id"": 18, ""code"": ""OMB01""}","[{""id"": 1286, ""label"": ""2025 N2 Kevin Henkes""}]",NULL,[],[]
292947,album,Observing Our Fingerprints,Exploring the sense of sight by observing our fingerprints. We observed shapes and lines! The children were amazed by how our fingerprints looked like when observed closely. The children then added illustrations to the fingerprints and created a masterpiece!,,,draft,2025-02-16 07:44:30,2025-02-16 07:44:06,2025-02-16 07:44:29,NULL,"{""id"": 18, ""code"": ""OMB01""}","[{""id"": 1286, ""label"": ""2025 N2 Kevin Henkes""}]",NULL,[],[]
292948,album,Fun in the sun- Outdoor Walk!,We love being outdoors!,,,published,2025-02-16 07:49:40,2025-02-16 07:49:17,2025-02-21 06:01:08,NULL,"{""id"": 18, ""code"": ""OMB01""}","[{""id"": 1286, ""label"": ""2025 N2 Kevin Henkes""}]",NULL,[],[]
292949,album,Walking on a Balance Beam,"During outdoor play, we have been engaging the children in attempting to balance on a beam and walking forward without falling on the ground. We are so proud of how they have been persevering and not giving up when they face challenges!",,,published,2025-02-16 08:19:50,2025-02-16 08:19:30,2025-02-16 08:19:50,NULL,"{""id"": 18, ""code"": ""OMB01""}","[{""id"": 1284, ""label"": ""2025 N1 Christie Matheson""}]",NULL,[],[]
292950,album,Rondo All Turca (Turkish March) by Mozart 💃🕺,"Obj: Children will explore different body movements as they listen to the music.

Description:
Children listened to the music for the first time and think about some actions that they would like to do. As the teacher played the song again, children took turns to dance and move with the music.  

The Experience: 
The children shared that the music was fast and most of them started jumping, swaying and dancing to the music. They enjoyed this activity and were brave to stand as a small group to ‘perform’ for their friends. ",,,published,2025-02-16 08:35:01,2025-02-16 08:34:36,2025-02-16 08:35:00,NULL,"{""id"": 16, ""code"": ""MBS""}","[{""id"": 1381, ""label"": ""2025 Nursery 2 Love""}]",NULL,[],[]
292951,album,Shapes Sorting 🔵🔺🟩,"Obj : Sort objects by one attribute (e.g. colour, shape, or size)

Description:
Children worked together as a group to help sort the mixed up shapes into three groups. To extend their sorting, children worked in smaller groups to sort the shapes into colours as well. 

The Experience: 
“Sorting means all the same together,” some of the children responded. The children had fun working together to sort out the shapes and cheered on one another for completing the sorting activity. 
",,,published,2025-02-16 08:39:29,2025-02-16 08:38:52,2025-02-16 08:39:28,NULL,"{""id"": 16, ""code"": ""MBS""}","[{""id"": 1381, ""label"": ""2025 Nursery 2 Love""}]",NULL,[],[]
292952,album,Eagle and Chick 🦅🐥🐓,"Obj: Children will be able to walk backwards and sideways.
 
Description: 
Children took turns to be the role of an eagle - to catch the chicks, Mother Hen - to protect the chicks and a chick - to follow the Mother Hen. 

Activity: 
Children understood the objective of the roles and were able to play their role! :) They hide and ran around the stage while playing their different roles. ",,,published,2025-02-16 08:43:22,2025-02-16 08:42:47,2025-02-16 08:43:22,NULL,"{""id"": 16, ""code"": ""MBS""}","[{""id"": 1381, ""label"": ""2025 Nursery 2 Love""}]",NULL,[],[]
292953,album,Bird Footprint Hop Game,"The children were invited to hop, step, or tiptoe along the path, following the footprints just like different birds would! It was interesting to see how they were able to change their direction as they moved along the path!
",,,published,2025-02-16 08:44:20,2025-02-16 08:43:55,2025-02-16 08:44:19,NULL,"{""id"": 18, ""code"": ""OMB01""}","[{""id"": 1284, ""label"": ""2025 N1 Christie Matheson""}]",NULL,[],[]
292954,album,Octaves,"During this session, Ms. Maggie engaged the children in musical experiences while exploring with interesting toys such as a spinning wooden top, a jack-in-a-box and spinners. Learning music is made more fun with the exploration that the children can do with the toys' movement!",,,published,2025-02-16 08:57:36,2025-02-16 08:57:25,2025-02-17 05:49:47,NULL,"{""id"": 18, ""code"": ""OMB01""}","[{""id"": 1284, ""label"": ""2025 N1 Christie Matheson""}]",NULL,[],[]
292955,album,ThinkerBox,"In Thinkerbox, we continue to engage in activities that strengthen our thinking and analytical skills. We practiced matching colours to their designated positions on a board and worked on identifying specific animals within a chart filled with various animals. These activities challenged our observation skills and attention to detail.",,,published,2025-02-16 09:10:27,2025-02-16 09:10:08,2025-02-16 09:10:26,NULL,"{""id"": 1, ""code"": ""DNI00""}","[{""id"": 1297, ""label"": ""2025 N1 Marcus Pfister""}]",NULL,[],[]
292956,album,Happy 3rd Birthday Kaylee!! 🥳,"Happiest birthday to our dear friend Kaylee! She celebrated her third birthday at school with her friends, enjoying the delicious blossom cakes lovingly prepared by her mummy and daddy. Hope you had a great one! 🥳







",,,published,2025-02-16 09:16:45,2025-02-16 09:16:34,2025-02-16 09:16:45,NULL,"{""id"": 1, ""code"": ""DNI00""}","[{""id"": 1297, ""label"": ""2025 N1 Marcus Pfister""}]",NULL,[],[]
292957,album,Octaves Music Lesson,The children had fun exploring the different types of musical instruments as they sang along with the music teacher during the lesson.,,,published,2025-02-16 09:51:23,2025-02-16 09:51:12,2025-02-16 09:51:22,NULL,"{""id"": 18, ""code"": ""OMB01""}","[{""id"": 1283, ""label"": ""2025 Playgroup Emma Dodd""}]",NULL,[],[]
292958,album,本周动态分享,很开心可以和大家一起度过一个欢乐的元宵节，我们的新年也正式结束了，本周在我和我的身体的章节，我们来到了认知自己的五官和身体部位的步骤，通过游戏、绘本、儿歌等等方式带领幼儿认识自己的身体部位的名称，《身体音阶歌》和《头肩膀膝盖》这两首儿歌成为孩子们十分喜欢的两首儿歌，现在很多幼儿已经能够准确的指出自己的身体部位了，在本周的《从头动到脚》故事的阅读中，孩子们会在跟着故事情节大喊：“这个我会！”并跟随故事情节做出相应的动作，我们从更多不同的故事书中找到不同的五官，也找到自己的五官。在下周我们会慢慢的开始进行“我的五种感官”的主题，为孩子们提供更多的材料，帮助孩子们体会自己的五种感官，增加对自己的认知。,,,published,2025-02-16 09:59:14,2025-02-16 09:58:34,2025-02-16 09:59:14,NULL,"{""id"": 5, ""code"": ""DTH01""}","[{""id"": 1408, ""label"": ""2025 Nursery 1 Engagers""}]",NULL,[],[]
292959,album,Sheep Shearing Fine Motor,"In this activity, children practiced fine motor skills by picking up soft cotton balls and pushing them through holes in a cardboard sheep model designed to resemble a woolly coat. They explored different techniques, such as using their fingertips, or pinching with both hands.",,,published,2025-02-16 09:58:47,2025-02-16 09:58:40,2025-02-16 09:58:47,NULL,"{""id"": 18, ""code"": ""OMB01""}","[{""id"": 1283, ""label"": ""2025 Playgroup Emma Dodd""}]",NULL,[],[]
292960,album,Buzz..Buzz... Little Bumble Bee! 🐝,"We learned a new song to enhance our exploration of bees! With its simple, cute, and catchy tune, we quickly picked up the lyrics and dance moves. The song has become a favourite, and we often request to hear it throughout the day. You can join in the fun and sing along with us at home by following this link: https://www.youtube.com/watch?v=8rSa6QL4aPY&ab_channel=CedarmontKidsVEVO.

In addition to singing, we discovered fascinating facts about bees! We learned that they live in beehives, create honeycombs, and play a vital role in transferring pollen from flowers to make honey. To bring this to life, we took on the role of little bees, carefully carrying pollen from flowers to the hive. Using tweezers, we picked up small pompoms, transferring them with precision before placing them into the individual holes of the honeycomb. This hands-on activity not only deepened our understanding of bees but also helped strengthen our fine motor skills and hand-eye coordination. 🐝",,,published,2025-02-16 10:02:02,2025-02-16 10:01:37,2025-02-16 10:02:01,NULL,"{""id"": 1, ""code"": ""DNI00""}","[{""id"": 1297, ""label"": ""2025 N1 Marcus Pfister""}]",NULL,[],[]
292961,album,RSGK - Running kick ⚽,"In RSGK, we practiced our running kick, focusing on coordination, balance, and accuracy. We began by warming up our legs with dynamic movements before progressing to the main activity. Taking turns, we ran towards the ball with controlled speed and aimed to kick it forward using the inside of our foot. Throughout the session, we encouraged one another, celebrating successful kicks and making adjustments when needed. This activity not only helped us develop our gross motor skills but also built our confidence in handling sports equipment and understanding movement dynamics.







",,,published,2025-02-16 10:12:04,2025-02-16 10:11:46,2025-02-16 10:12:04,NULL,"{""id"": 1, ""code"": ""DNI00""}","[{""id"": 1297, ""label"": ""2025 N1 Marcus Pfister""}]",NULL,[],[]
292966,album,Sculpting a chair ,"Building on the famous artist of the week - Pablo Picasso and his sculpture 'The Chair', the children attempted to use cardboard to create a chair of their own! We started by doing a planning guide, drawing out a 2D image of their chair and naming it before getting to creating! 
There were lots of challenges, frustration, difficulties.. But I'm proud to say that the K2 children overcome these odds and created a chair that they're proud of! :)",,,published,2025-02-16 13:20:50,2025-02-16 13:20:42,2025-02-16 13:20:49,NULL,"{""id"": 18, ""code"": ""OMB01""}","[{""id"": 1288, ""label"": ""2025 K2 Peter H.Reynolds""}]",NULL,[],[]
292967,album,Creating complex patterns,"After recapping patterns with children, they were invited to create their complex patterns (ABB, AAB) by illustrating and extending the patterns on the fabric that they've chosen on a piece of paper. ",,,published,2025-02-16 13:22:13,2025-02-16 13:22:06,2025-02-16 13:22:12,NULL,"{""id"": 18, ""code"": ""OMB01""}","[{""id"": 1288, ""label"": ""2025 K2 Peter H.Reynolds""}]",NULL,[],[]
292968,album,每周活动分享,"Hi，大家好呀，又到了和大家分享宝贝们本周精彩活动的时刻！本周我们继续围绕“我的身体”这一兴趣主题，开展了一系列丰富多彩且富有意义的活动，孩子宝贝们在欢乐中学习，在探索中成长。
在本周的活动中，我们和宝贝们一起深入了解了自己的身体。通过生动有趣的儿歌《头、肩膀、膝盖、脚》和《一根小手指》，大家一边欢快地唱着歌，一边用小手准确地指出自己身体的各个部位。每一次的互动都充满了欢声笑语，宝贝们在轻松愉快的氛围中，认识了头、肩膀、膝盖、脚、肚子、手指和脚趾等身体部位，对自己的身体有了更直观的认识。
我们还一起探索了身体能够做出的各种动作。从简单的伸展、弯曲，到复杂的蹦跳、旋转，宝贝们尽情地展示着自己身体的灵活性。在这个过程中，他们不仅锻炼了肌肉力量，还提高了身体的协调性和平衡感。
精细动作的训练也是本周的重点内容之一。我们准备了不同颜色洞洞的纸盒，以及不同颜色的绒球，让幼儿用手捏住绒球，把绒球塞进洞洞里面。也准备了各种大小不同的瓶子，带领幼儿玩拧瓶盖游戏。 宝贝们全神贯注地用小手完成每一个动作，虽然一开始可能会有些笨拙，但在不断的尝试和练习中，他们的小手越来越灵活，精细动作能力得到了很大的提升。
本周的美工活动中，我们为宝贝们们准备了喷壶、彩色颜料和厚纸巾，让他们用独特的方式进行美术创作。孩子们发挥自己的想象力，将彩色颜料装入喷壶，然后对着纸巾喷射。瞬间，一幅幅色彩斑斓、充满创意的美术作品就诞生了。看着自己的作品，孩子们脸上洋溢着自豪和喜悦的笑容。
天气晴朗的日子里，我们带着孩子们来到二楼的户外游乐场，开启了一场清凉的玩水之旅。我们一起在水池里捞小鱼，一起撩水嬉戏，感受着水花飞溅的快乐，笑声回荡在整个游乐场。除了玩水，我们还一起把水灌入各色水壶去浇花。我们也一起玩起了泡泡。当五彩斑斓的泡泡在阳光下飞舞时宝贝们兴奋地追逐着、欢呼着。他们用小手去抓泡泡，看着泡泡在手中破裂，感受着大自然的奇妙。在这个过程中，宝贝们不仅享受了户外的新鲜空气和阳光，还培养了观察力和想象力。
通过本周的活动，宝贝们在身体认知、动作发展、创造力等方面都取得了很大的进步。让我们一起期待下周精彩继续吧！
",,,published,2025-02-16 13:31:43,2025-02-16 13:30:54,2025-02-16 13:31:43,NULL,"{""id"": 5, ""code"": ""DTH01""}","[{""id"": 1409, ""label"": ""2025 Playgroup Explorers""}]",NULL,[],[]
292969,album,Write-a-note Friday!,"The children are so thrilled for their very first field trip in K2!  What better way to channel their excitement than to write a note for the parents to prepare for the trip! 

We discussed the details to write, and the children spent a good amount of time focusing and copy-writing the words. They were also introduced to the process of underlining important details using a marker :-) ",,,published,2025-02-16 13:31:08,2025-02-16 13:31:04,2025-02-16 13:31:08,NULL,"{""id"": 18, ""code"": ""OMB01""}","[{""id"": 1288, ""label"": ""2025 K2 Peter H.Reynolds""}]",NULL,[],[]
292970,post,Blend of the week: /gr/ ,The /gr/ beginning consonant blend will be introduced and recapped for two weeks! :-) ,,,published,2025-02-16 13:32:03,2025-02-16 13:32:00,2025-02-16 13:32:02,NULL,"{""id"": 18, ""code"": ""OMB01""}","[{""id"": 1288, ""label"": ""2025 K2 Peter H.Reynolds""}]",NULL,[],[]
292976,album,Owl Babies Craft,"In reference to the storybook read to the children about owls, they were invited to create their own owls through pompom ball painting. Once the paint dried, the children were provided with with cotton, round bottle caps, triangular foam stickers and twigs to glue the features of the owl. ",,,published,2025-02-16 15:16:58,2025-02-16 15:16:38,2025-02-16 15:16:57,NULL,"{""id"": 18, ""code"": ""OMB01""}","[{""id"": 1284, ""label"": ""2025 N1 Christie Matheson""}]",NULL,[],[]
292978,album,Feather Exploration,"To learn and discover more about a feature that birds have, the children were provided with coloured feathers to explore with. We had so much fun trying to blow the feathers and watch them float in the air. It always didn't work on their first try but their constant attempts eventually helped them find the right strategy to blow the feathers away!",,,published,2025-02-16 15:24:10,2025-02-16 15:23:57,2025-02-16 15:24:09,NULL,"{""id"": 18, ""code"": ""OMB01""}","[{""id"": 1284, ""label"": ""2025 N1 Christie Matheson""}]",NULL,[],[]
292979,album,ThinkersBox ,"This is their first session of the ThinkersBox enrichment class and the children had so much fun listening and following simple instructions such as putting their black mats in different positions like over their heads, on their floor or in front of them like a steering wheel. ",,,published,2025-02-16 16:00:25,2025-02-16 16:00:10,2025-02-17 06:44:09,NULL,"{""id"": 18, ""code"": ""OMB01""}","[{""id"": 1284, ""label"": ""2025 N1 Christie Matheson""}]",NULL,[],[]
292980,album,Happy 3rd Birthday Clara!,Thank you for spending your special day with your friends and teachers! :),,,published,2025-02-16 16:10:20,2025-02-16 16:10:15,2025-02-16 16:10:19,NULL,"{""id"": 18, ""code"": ""OMB01""}","[{""id"": 1284, ""label"": ""2025 N1 Christie Matheson""}]",NULL,[],[]
292983,album,第一学期第六周：字卡游戏,"活动目标：
1.幼儿能发展身体各种协调能力模仿各种动作。
2.幼儿乐意参与认读游戏,能够认读词语:爬山、捕鱼、园丁、大石头、追、抓、躲。

活动介绍：
教师出示字卡，教导幼儿认识，并通过“数数冻结”游戏来进行词语模仿，从而更加深入理解词汇含义。最后我们还一起玩“找朋友”的游戏，将呼啦圈分散在地面上，并在每一个呼啦圈里放置一张字卡，老师和小朋友一起边唱找朋友的歌曲一边找寻老师说的字卡，并在倒计时结束之前找到进入到对应呼啦圈里。通过游戏来对所学词汇进行巩固。",,,published,2025-02-16 23:41:58,2025-02-16 23:33:26,2025-02-16 23:44:12,NULL,"{""id"": 10, ""code"": ""DTE01""}","[{""id"": 1316, ""label"": ""2025 Kindergarten 2 Elgar""}]",NULL,[],[]
292985,post,Term 1 Week 6,"Last week, the children continued to explore all about themselves. We prepared a variety of activities that encouraged them to explore their identities and express their creativity. One of the activities was a hand painting, where the children closely observed the lines and shapes on their hands. This activity helped them develop an awareness of their own bodies.

Another experience involved drawing portraits of themselves. Using actual photographs as references, the children were able to capture their unique features and expressions, allowing them to reflect on their individuality in a fun and meaningful way.

In addition to these activities, we introduced the letter sound ""H,"" represented by the imaginative Letterland character, Harry Hat Man. The children created their very first origami paper hats. 
",,,published,2025-02-16 23:59:16,2025-02-16 23:58:50,2025-02-16 23:59:15,NULL,"{""id"": 5, ""code"": ""DTH01""}","[{""id"": 1407, ""label"": ""2025 Nursery 2 Reflectors""}]",NULL,[],[]
292993,album,二月 第二周：光影游戏,"活动目标：
1.通过活动使幼儿初步了解光与影的关系。
2.培养自我概念和认同感，如：能使用代词“我”和“我的...”

活动介绍：
在草地上做完热身运动后教师先给小朋友们介绍了什么是影子，又指出了自己的影子。鼓励他们找一找自己的影子。然后教师先做出动作让幼儿模仿，观察自己的影子随着动作的变化。比如伸手，影子会变长；蹲下，影子会缩短，通过影子的变化来模仿不同的姿势。过程中鼓励幼儿分享，说一说：“我的影子”和“朋友的影子”等。


此活动于星期五进行。",,,published,2025-02-17 06:39:44,2025-02-17 00:50:28,2025-02-17 06:39:44,NULL,"{""id"": 10, ""code"": ""DTE01""}","[{""id"": 1313, ""label"": ""2025 Nursery 1 Taro Gomi""}]",NULL,[],[]
292994,album,二月 第二周：光影游戏,"活动目标：
1.通过活动使幼儿初步了解光与影的关系。
2.培养自我概念和认同感，如：能使用代词“我”和“我的...”

活动介绍：
在草地上做完热身运动后教师先给小朋友们介绍了什么是影子，又指出了自己的影子。鼓励他们找一找自己的影子。然后教师先做出动作让幼儿模仿，观察自己的影子随着动作的变化。比如伸手，影子会变长；蹲下，影子会缩短，通过影子的变化来模仿不同的姿势。过程中鼓励幼儿分享，说一说：“我的影子”和“朋友的影子”等。


此活动于星期五进行。",,,published,2025-02-17 06:37:52,2025-02-17 00:55:24,2025-02-17 06:38:55,NULL,"{""id"": 10, ""code"": ""DTE01""}","[{""id"": 1312, ""label"": ""2025 Nursery 1 Lois Ehlert""}]",NULL,[],[]
292995,album,Term 1 Week 6,"Dear Parents,

The teacher showed the children famous artworks from around the world, such as Aboriginal dot paintings, Japanese ukiyo-e prints, African tribal masks, Mexican papel picado, and European impressionist paintings. The teacher introduced the concept of art as a reflection of people’s unique talents and abilities, discussing the skills needed to create each type of artwork (e.g., patience for intricate patterns, storytelling through symbols, or boldness in choosing colours). The children were given a small sheet of paper and chose one piece of art that inspired them. They created a mini-artwork that highlighted their ability to draw detailed patterns, mix colours, or tell a story through work. 

For Math Mind, the children translated the complex pattern they had created using beads. They were given the opportunity to show and talk about the pattern they had created. They exchanged their friendship pattern bracelets with their friends. The activity concluded with a discussion on how making choices, like selecting beads, allows for creativity and personal expression while still adhering to pattern rules.



Kind regards,
Teacher Karen",,,published,2025-02-17 02:56:14,2025-02-17 02:26:28,2025-02-17 02:56:14,NULL,"{""id"": 5, ""code"": ""DTH01""}","[{""id"": 1405, ""label"": ""2025 Kindergarten 2 Risk-Takers""}]",NULL,[],[]
292998,album,Chinese New Year Celebration,"Dear Parents,

Thank you for celebrating the CNY with us!

Kind regards,
K2 Teachers",,,published,2025-02-17 03:07:55,2025-02-17 03:07:38,2025-02-17 03:07:54,NULL,"{""id"": 5, ""code"": ""DTH01""}","[{""id"": 1405, ""label"": ""2025 Kindergarten 2 Risk-Takers""}]",NULL,[],[]
292999,post,World Wildlife Day in collaboration with Lee Kong Chian Museum,"Dear Parents,

Gentle reminders for our fieldtrip to Lee Kong Chian Museum tomorrow, 18 February:

Time: 9:30am to 12: 30pm 
          (Please be in school by 9:00am, bus will depart by 9:30am)

Attire: Formal Uniform 
           (Boys with checkered shirt and bottom, Girls in checkered dress)

To Bring: 
          Jacket, water bottle with sling


Kind regards,
Teacher Karen

",,,published,2025-02-17 03:16:41,2025-02-17 03:16:38,2025-02-17 03:16:40,NULL,"{""id"": 5, ""code"": ""DTH01""}","[{""id"": 1405, ""label"": ""2025 Kindergarten 2 Risk-Takers""}]",NULL,[],[]
293001,post,我是只小小鸟,"歌词：
我是只小小鸟
飞就飞叫就叫
自由逍遥
我不知有忧愁
我不知有烦恼
只是爱欢笑
",,https://youtu.be/pzTau11pYf0?feature=shared,published,2025-02-17 05:11:05,2025-02-17 05:11:05,2025-02-17 05:11:05,NULL,"{""id"": 18, ""code"": ""OMB01""}","[{""id"": 1284, ""label"": ""2025 N1 Christie Matheson""}]",NULL,[],[]
293002,post,布谷鸟,"这是幼儿们这周学习的儿歌，爸爸和妈妈可以在家和幼儿一起练习。
歌词：
我是森林中的布谷鸟
家住在美丽的半山腰
看太阳落下去又回来 
世界太多美妙
蝴蝶跳着动人的舞蹈
她的秘密没有人知道
美丽的白云悄悄哭泣 
那是雨水的味道
清晨的阳光照大地
美丽的天空还有多高
布谷鸟 在声声叫
唱着动人的歌谣
歌声唱给那悲伤地人 
把一切都忘掉
要飞到天涯海角
我是勇敢的小鸟
哪里有永恒的微笑
给我温暖的怀抱
",,https://youtu.be/VFfj1oL2wIg?feature=shared,published,2025-02-17 05:13:52,2025-02-17 05:13:51,2025-02-17 05:13:52,NULL,"{""id"": 18, ""code"": ""OMB01""}","[{""id"": 1284, ""label"": ""2025 N1 Christie Matheson""}]",NULL,[],[]
293004,album,二月 第一周 制作我喜欢的脸,"
活动目标：
1.感受手工制作的快乐。
2.初步了解面部的基本名称：眼睛、鼻子、耳朵、嘴巴、头发。

活动过程：

教师通过图画或实物展示面部的基本部位，如眼睛、鼻子、耳朵、嘴巴、头发等，引导幼儿认识。然后，提供卡纸、胶水、毛球、塑料眼睛和彩笔等材料，鼓励孩子们制作自己的面部作品。幼儿通过画、撕拉、粘贴等方式制作眼睛、鼻子、嘴巴、耳朵和头发等部位，教师在制作过程中帮助他们记住部位名称。最后，孩子们展示作品，分享制作过程，教师鼓励他们用简单的语言说出各个部位的名称。通过活动，幼儿不仅享受动手制作的乐趣，还能初步掌握面部的基本部位名称。


活动时间：2025年2月5-7日
",,,published,2025-02-17 05:19:57,2025-02-17 05:19:50,2025-02-17 05:19:56,NULL,"{""id"": 10, ""code"": ""DTE01""}","[{""id"": 1311, ""label"": ""2025 Playgroup Michael Rosen""}]",NULL,[],[]
293007,album,二月 第二周 我会丢球,"活动目标：
1. 提高幼儿的手眼协调能力和投掷技能。
2. 培养幼儿在活动中参与的积极性和集体合作意识。

活动过程：

活动开始时，教师将小球散落在活动区域的地面上，并在呼啦圈内粘上纸胶带作为投掷目标。幼儿们按顺序轮流捡起地上的小球，举起手将球投掷到呼啦圈内。每次投掷后，教师鼓励孩子们继续拾起球并反复投掷，帮助他们练习手眼协调和投掷的动作。通过不断的练习，幼儿能够提高投掷准确性和动作的连贯性，同时在活动中体验到运动的乐趣和成就感。


活动时间：2025年2月11日
",,,published,2025-02-17 05:27:53,2025-02-17 05:27:46,2025-02-17 05:27:53,NULL,"{""id"": 10, ""code"": ""DTE01""}","[{""id"": 1311, ""label"": ""2025 Playgroup Michael Rosen""}]",NULL,[],[]
293012,album,Fingerprint observation,"As part of their ongoing exploration of themselves and their uniqueness, the children were invited to observe their fingerprints. They began by pressing their fingers onto an ink pad and making prints on a sheet of paper. Using magnifying glasses, they carefully observed the  details, noticing the swirls, loops, and lines in their fingerprints.

Afterward, the teacher encouraged them to compare their prints with their friends and share how each one was unique. Questions such as, “What do you see in your fingerprint?” and “How do your fingerprints look different from your friend's?” guided their observations and sharing",,,draft,2025-02-17 05:37:54,2025-02-17 05:37:32,2025-02-17 05:37:54,NULL,"{""id"": 1, ""code"": ""DNI00""}","[{""id"": 1298, ""label"": ""2025 N2 Eric Carle""}]",NULL,[],[]
293034,album,二月第三周，抓一抓。,"活动目标：发展精细动作如：能用五指抓物品。
今天活动老师拿了五颜六色的球，逗孩子伸手去抓球来玩。
较小孩子会趴着伸手去抓球来玩。
较大孩子可以·坐着伸手去抓球来玩。
通过此活动再次让孩子认识颜色与均衡发展孩子的五指能力。
",,,published,2025-02-17 06:34:09,2025-02-17 06:33:53,2025-02-17 06:34:09,NULL,"{""id"": 10, ""code"": ""DTE01""}","[{""id"": 1310, ""label"": ""2025 Infant Mozart""}]",NULL,[],[]
293053,album,第一学期 第六周-  绘画作品《如果妈妈不在家》,"活动目标：
1. 幼儿绘画和书写时能正确地握笔。
2. 幼儿能够用铅笔、蜡笔、马克笔等工具进行创作。


活动介绍：

      小朋友们阅读了绘本《朱家故事》后，大家一起想象：如果妈妈不在家，会发生什么有趣或特别的事情呢？老师请小朋友们用画画的方式来表达自己的想法。

      有的小朋友画出房间变得乱七八糟，有的小朋友画了扫地机器人帮忙清理，还有的小朋友说爸爸会把家里打扫得干净！大家用马克笔、彩色笔描绘出自己心中的画面，在隔天再和大家分享自己的作品。",,,published,2025-02-17 15:16:32,2025-02-17 15:16:21,2025-02-17 15:17:11,NULL,"{""id"": 10, ""code"": ""DTE01""}","[{""id"": 1315, ""label"": ""2025 Kindergarten 1 Darwin""}]",NULL,[],[]
293054,album,K2 Potter's Weekly Photos - February 17th to February 21st,Here are some photos of our K2 Potter friends from this week!,,,published,2025-02-19 05:19:08,2025-02-17 15:29:17,2025-02-20 06:01:33,NULL,"{""id"": 20, ""code"": ""TMJ""}","[{""id"": 1432, ""label"": ""2025 K2 Potter""}]",NULL,[],[]
293057,post,学数数,这是几个？老师为我一个一个数了起来，一个葡萄，两粒水果，全部有三个水果。,,,published,2025-02-17 23:13:21,2025-02-17 23:13:18,2025-02-17 23:13:20,NULL,"{""id"": 1, ""code"": ""DNI00""}","[{""id"": 1302, ""label"": ""2025 Infant Karen Katz""}]",NULL,[],[]
293059,post,能干的我,我在学习自己脱袜子了，看！我会一点了！,,,published,2025-02-17 23:25:18,2025-02-17 23:25:14,2025-02-17 23:25:18,NULL,"{""id"": 1, ""code"": ""DNI00""}","[{""id"": 1302, ""label"": ""2025 Infant Karen Katz""}]",NULL,[],[]
293062,album,Octaves,"During Octaves lesson, children learned about Chinese New Year. They played the drum, learning about soft and loud (following the lion dance drum beat). They also played the cymbals and even had a chance to move the mini lion. ",,,published,2025-02-18 00:07:14,2025-02-18 00:06:27,2025-02-18 00:07:13,NULL,"{""id"": 16, ""code"": ""MBS""}","[{""id"": 1379, ""label"": ""2025 Nursery 1 Grace""}]",NULL,[],[]
293063,album,Sort the emotions,"Since we are learning about feelings and emotions, children are tasked to sort the different pictures based on the feelings - happy, sad and angry. Teacher encourage conversations like: ‘what makes you happy?’, ‘how do you make an angry face?’, ‘what makes you sad and what do you do?’",,,published,2025-02-18 00:16:48,2025-02-18 00:16:18,2025-02-18 00:16:47,NULL,"{""id"": 16, ""code"": ""MBS""}","[{""id"": 1379, ""label"": ""2025 Nursery 1 Grace""}]",NULL,[],[]
293067,album,周活动 -- 第一学期第七周,这里是孩子们本周在游乐场的活动的精彩瞬间，请您查收。,,,published,2025-02-18 02:59:06,2025-02-18 02:58:37,2025-02-19 05:16:30,NULL,"{""id"": 20, ""code"": ""TMJ""}","[{""id"": 1371, ""label"": ""2025 N2 Donaldson""}]",NULL,[],[]
293072,post,Did you see that origami hat your child brought home last week? ,"Here’s our exciting game plan moving forward! We’re inviting all our N2 children to create a special craft that represents the letter they’ve learned each week and take it home with them.

It’s a great opportunity for you to reinforce those letter sounds at home, helping your child really internalize what they’ve learned.

By sending home a craft each week, we hope to spark fun conversations between you and your child about their learning in the centre. 

Thank you! 
",,,published,2025-02-18 04:39:59,2025-02-18 04:39:56,2025-02-18 04:40:30,NULL,"{""id"": 5, ""code"": ""DTH01""}","[{""id"": 1407, ""label"": ""2025 Nursery 2 Reflectors""}]",NULL,[],[]
293082,album,Jasmine's 4th Birthday Celebration,"Jasmine celebrated her 4th birthday on 14 February with her mum, sister, teachers and friends.",,,published,2025-02-18 05:35:16,2025-02-18 05:35:11,2025-02-18 05:35:16,NULL,"{""id"": 10, ""code"": ""DTE01""}","[{""id"": 1314, ""label"": ""2025 Nursery 2 Eric Carle""}]",NULL,[],[]
293085,album,February NFP: Funny Nature Hair,The children were invited to make a craft by pasting the leaves and grass as their hair.,,,published,2025-02-18 05:43:40,2025-02-18 05:43:29,2025-02-18 05:43:39,NULL,"{""id"": 10, ""code"": ""DTE01""}","[{""id"": 1314, ""label"": ""2025 Nursery 2 Eric Carle""}]",NULL,[],[]
293092,album,趣味运动,分享开心的运动时刻！,,,draft,2025-02-18 06:15:57,2025-02-18 06:15:31,2025-02-18 06:15:57,NULL,"{""id"": 18, ""code"": ""OMB01""}","[{""id"": 1287, ""label"": ""2025 K1 Jo Empson""}]",NULL,[],[]
293096,album,比高矮,"我们来比较，快来说一说：
＿＿比＿＿高。＿＿比＿＿矮。",,,draft,2025-02-18 06:37:49,2025-02-18 06:23:26,2025-02-18 06:37:49,NULL,"{""id"": 18, ""code"": ""OMB01""}","[{""id"": 1287, ""label"": ""2025 K1 Jo Empson""}]",NULL,[],[]
293097,album,February Week 3: Water Play,"

Learning objectives: 
1. Foster fine motor development (pick up objects using pincer grasp, hold crayon to scribble, fasten/unfasten zippers/buttons, screw/unscrew bottle caps, etc.)
2. Foster a beginning interest and curiosity in the natural environment through observation, exploration and play.

Today, the children had a wonderful and engaging experience during our outdoor exploration. They participated in a fun water play activity, where they were completely engrossed in the experience. The children utilised various tools provided to pour, splash, and explore the water.  It was a joyful and educational moment for all, and we are so happy to see them enjoying nature and learning through play.

Date of activity: 18 February 2025",,,published,2025-02-18 06:24:31,2025-02-18 06:24:14,2025-02-18 06:24:30,NULL,"{""id"": 10, ""code"": ""DTE01""}","[{""id"": 1311, ""label"": ""2025 Playgroup Michael Rosen""}]",NULL,[],[]
293102,album,《周二音乐律动》,今天下午我们迎来了音乐律动课，小朋友们跟随着老师的音乐一起互动问好。小朋友们学习使用表情互动，用微笑的脸表示自己很开心。在音乐律动中，小朋友们感受节拍节奏。并学会使用沙锤敲敲自己的腿、肚子、胳膊等等身体部位。在节拍和律动中认识自己的身体名称。我们用纱巾做游戏，和小朋友们躲猫猫、擦地板、摇摆舞动纱巾。最后小朋友们一起模仿小动物在课室里探索，真是活力满满的一节课。,,,draft,2025-02-18 09:10:38,2025-02-18 09:10:32,2025-02-18 09:10:38,NULL,"{""id"": 1, ""code"": ""DNI00""}","[{""id"": 1295, ""label"": ""2025 PG Rod Campbell""}]",NULL,[],[]
293104,album,丢沙包游戏,幼儿采用丢沙包的方式来认读和识字。 ,,,published,2025-02-18 09:48:34,2025-02-18 09:47:59,2025-02-18 09:48:33,NULL,"{""id"": 16, ""code"": ""MBS""}","[{""id"": 1383, ""label"": ""2025 Kindergarten 2 Unity""}]",NULL,[],[]
293107,album,第一学期  第六周：《比一比》,"活动目标：
1.参照要求把三个或更多的多西排序。
2.能完全理解1个口头指示完成任务。

活动过程：
教师出示大小不同的物品，请幼儿观察并讨论物品的大小差异，随后教师通过示范将三样物品按照从大到小的顺序排列，边操作边使用“最大”“最小”“大一点”“小一点”等语言进行讲解。接着，幼儿分组合作尝试对提供的物品进行排序，教师在一旁给予指导和鼓励，最后各组幼儿展示排序成果并分享自己的排序方法，教师总结活动内容，鼓励幼儿在日常生活中应用所学技能，如将玩具按大小排序。",,,published,2025-02-18 10:51:42,2025-02-18 10:30:27,2025-02-18 10:51:41,NULL,"{""id"": 10, ""code"": ""DTE01""}","[{""id"": 1314, ""label"": ""2025 Nursery 2 Eric Carle""}]",NULL,[],[]
293124,post,Revisiting Letterland,"This week, a laptop was used to recap Letterland, where the children discussed as a group and selected a few letters they wanted to review. The Nemo and Teddy groups each picked different letters to focus on and followed the activities closely. For example, the children sounded out various letters, traced both lowercase and uppercase letters, and looked for and named objects that begin with the letter sound. Moving forward, let's continue supporting the children's interest in Letterland to make their journey into word blending more engaging and less overwhelming!",,,published,2025-02-21 11:40:26,2025-02-18 13:53:20,2025-02-21 11:40:25,NULL,"{""id"": 1, ""code"": ""DNI00""}","[{""id"": 1300, ""label"": ""2025 K1 David McKee""}]",NULL,[],[]
293129,album,Replicating sounds of nature in the classroom ,"Using materials in the classroom, the children had to recreate sounds that they hear in nature. Using books, stationery and other materials found in the classroom, the children had the opportunity to be creative to recreate sounds like rain and walking. ",,,published,2025-02-19 02:54:39,2025-02-19 02:54:17,2025-02-19 02:54:38,NULL,"{""id"": 16, ""code"": ""MBS""}","[{""id"": 1383, ""label"": ""2025 Kindergarten 2 Unity""}]",NULL,[],[]
293130,album,21 little horsies ,"At the courtyard, the children were engaged in an obstacle course where they had to gallop through. This activity allows the children to practice body awareness and sense of coordination as they engage different parts of the body to move in a specific way (gallop).",,,published,2025-02-19 03:13:17,2025-02-19 03:12:05,2025-02-19 03:13:16,NULL,"{""id"": 16, ""code"": ""MBS""}","[{""id"": 1383, ""label"": ""2025 Kindergarten 2 Unity""}]",NULL,[],[]
293131,album,Corre corre la guarca~,"Who looks back, will get bopped!

The children were introduced to a popular childhood game that might be familiar to you too! Originated from Chile, this nostalgic game have also been played by many of us at some point in our childhood and now, this is introduced to our little ones :0) The children had to practise turn-taking and good sportsmanship in the activity.",,,published,2025-02-19 03:22:29,2025-02-19 03:21:27,2025-02-19 03:22:29,NULL,"{""id"": 16, ""code"": ""MBS""}","[{""id"": 1383, ""label"": ""2025 Kindergarten 2 Unity""}]",NULL,[],[]
293132,album,Five stones 🪨🪨🪨🪨🪨,"In line with the children's learning of cultures around the world, they were introduced to another nostalgic game, 5 stones! As it requires a lot of coordination, the children were tasked to practice throwing and catching 1 stone first. The children marvelled and were mildly shocked that these were games played by their grandparents (and maybe parents too? 😆)",,,draft,2025-02-19 03:28:57,2025-02-19 03:28:36,2025-02-19 03:28:57,NULL,"{""id"": 16, ""code"": ""MBS""}","[{""id"": 1383, ""label"": ""2025 Kindergarten 2 Unity""}]",NULL,[],[]
293135,album,Cultural dance showcase~ 🤟,"On Valentine's day, the children put up a cultural dance showcase which they had planned and choreographed (with little adult support!!). After being grouped, the children had many discussions on their song choice, dance moves and overall performance. Everyone had fun and were certainly very proud of themselves for pulling it off! 👏👏👏

Please find the link for the videos of their performances!",,https://drive.google.com/drive/folders/1-LmNsnMAZqunp67VjHFNLqImlTwTfyjH,published,2025-02-19 04:00:24,2025-02-19 03:59:52,2025-02-19 04:04:48,NULL,"{""id"": 16, ""code"": ""MBS""}","[{""id"": 1383, ""label"": ""2025 Kindergarten 2 Unity""}]",NULL,[],[]
293136,album,Weekly Highlight: Term 1 Week 7!,"This week, we worked with Numicon tiles to form Numicon towers as we practiced forming complex patterns and counting up to 30!",,,published,2025-02-19 04:11:41,2025-02-19 04:10:40,2025-02-19 04:11:41,NULL,"{""id"": 20, ""code"": ""TMJ""}","[{""id"": 1432, ""label"": ""2025 K2 Potter""}]",NULL,[],[]
293141,album,February Week 3: Enrichment,"Julia Gabriel, Octaves, Mathstro & Sports",,,published,2025-02-19 05:27:52,2025-02-19 05:26:53,2025-02-21 04:55:36,NULL,"{""id"": 20, ""code"": ""TMJ""}","[{""id"": 1402, ""label"": ""2025 N1 Kelly""}]",NULL,[],[]
293143,album,Show & Tell!,The children brought an item related to their 5 senses and were invited to do a show and tell with their peers.,,,published,2025-02-19 05:43:46,2025-02-19 05:43:11,2025-02-19 05:43:45,NULL,"{""id"": 18, ""code"": ""OMB01""}","[{""id"": 1286, ""label"": ""2025 N2 Kevin Henkes""}]",NULL,[],[]
293144,post,Alexandra Park Connector ,"Dear Parents, 

Tomorrow, the children are embarking on their very first Alexandra Park Connector walk! We’ve been sharing about road safety for a while now, and it’s time for some real-life observations of pedestrians and drivers in action!

During our walk, we’ll be observing from a distance and then sharing our fun findings together.

We plan to leave the center by 9.15am. If you happen to be running late, no worries! Just send your child to the centre for a quick health check, and if time allows, you can drop them off at the park connector. Otherwise, they can join the K2 class until we’re back.

Dress Code: LSH uniform and covered shoes (and yes, crocs are allowed—children wanted me to say that :p)

Looking forward to a fantastic day!

Regards,
Debra",,,published,2025-02-19 05:44:31,2025-02-19 05:44:28,2025-02-19 05:44:30,NULL,"{""id"": 5, ""code"": ""DTH01""}","[{""id"": 1407, ""label"": ""2025 Nursery 2 Reflectors""}]",NULL,[],[]
293145,album,Term 1 Week 8 Album: Ribbon Race,"Objectives:
- Children will sequence objects by comparing their lengths
- Children will practise controlled hand movements by handling and arranging materials of different lengths.

Activity: Ribbon Race 

Teacher have prepared ribbons or strips of fabric in various lengths. It was scattered around the play area. Children pretended to be racers who must line up for a ""Ribbon Race."" The children was able to gather the ribbons and arrange them in order from shortest to longest. Through the teacher's encouragement and appreciation by praising their effort, they were able to confidently complete the task. 

The children also discussed how each ribbon is unique, building their self-assurance in making decisions. (Develop self-awareness: Develop positive self-concept: Develop confidence in carrying out simple tasks).

This activity was conducted on 26 February 2025. ",,,published,2025-02-28 05:59:23,2025-02-19 05:44:57,2025-02-28 05:59:23,NULL,"{""id"": 10, ""code"": ""DTE01""}","[{""id"": 1314, ""label"": ""2025 Nursery 2 Eric Carle""}]",NULL,[],[]
293147,album,Asher's 4th Birthday!,Thank you Asher's mummy and daddy for preparing such a fun Numberblocks themed party for Florence friends to enjoy. We appreciate your generosity and wish Asher a fantastic birthday! :),,,published,2025-02-19 05:50:52,2025-02-19 05:50:22,2025-02-19 05:50:51,NULL,"{""id"": 20, ""code"": ""TMJ""}","[{""id"": 1403, ""label"": ""2025 N2 Florence""}]",NULL,[],[]
293148,album,二月 第三周 ：颜料探索,"活动目标：
通过活动和游戏，初步发展婴幼儿对颜色探索，触觉体验和手眼协调。

活动过程：
老师提供透明拉链袋、颜料、白纸，将不同颜色的颜料滴在白纸上，然后把白纸放进塑胶袋里封好，让幼儿用手按压、推移颜色，观察颜色的混合过程。",,,published,2025-02-19 05:59:59,2025-02-19 05:56:57,2025-02-19 06:03:59,NULL,"{""id"": 10, ""code"": ""DTE01""}","[{""id"": 1310, ""label"": ""2025 Infant Mozart""}]",NULL,[],[]
293150,album,精彩活动：第一学期 第七周,请家长们查阅本周精彩活动！,,,published,2025-02-19 06:05:50,2025-02-19 06:04:31,2025-02-19 06:05:50,NULL,"{""id"": 20, ""code"": ""TMJ""}","[{""id"": 1432, ""label"": ""2025 K2 Potter""}]",NULL,[],[]
293151,album,精彩活动 -- 第一学期第七周,"17/02 -- 21/02/2025
   
    本周是N2 Donaldson 第一学期第七周,本周的主要内容是：师生重读绘本《猜猜我有多爱你》，在对绘本有一定的了解之后。幼儿用蜡笔、卡纸、铅笔等材料，通过涂涂画画和使用符号、图画的方式把自己最爱的画面画出来；并鼓励幼儿尝试用华语表达自己的想法， 邀请幼儿轮流分享他们各自的作品内容，鼓励其他幼儿认真聆听，在其他同伴分享后给予掌声表示鼓励和感谢。",,,published,2025-02-19 06:04:48,2025-02-19 06:04:39,2025-02-19 15:34:54,NULL,"{""id"": 20, ""code"": ""TMJ""}","[{""id"": 1371, ""label"": ""2025 N2 Donaldson""}]",NULL,[],[]
293153,album,Term 1 Week 7: Family Science Fun: Making Ice Cream Together ,"Objectives: 
1) Children will illustrate and describe the changes they observed during the experiment
2) Children will use descriptive words (e.g., “cold,” “melting,” “shaking”) to explain each step of the process and the results of the experiment.

The children participated in a hands-on science experiment that replicated a fun family activity: making ice cream. The experiment demonstrated how liquids turn into solids through freezing. The children combined cream, sugar, and vanilla in a small resealable plastic bag and then placed it inside a larger bag filled with ice and salt. They shake the bags for a few minutes to create ice cream. The children received mixed results; some of their ice cream froze, and they enjoyed a yummy treat, while some did not shake the bag enough; hence, it could not harden as intended. Nevertheless, all the children enjoyed their ice cream/milk shake and said it was yummy and creamy! 

This activity was conducted on 18th of February 2025.
",,,published,2025-02-19 06:07:44,2025-02-19 06:07:22,2025-02-19 06:07:43,NULL,"{""id"": 10, ""code"": ""DTE01""}","[{""id"": 1315, ""label"": ""2025 Kindergarten 1 Darwin""}]",NULL,[],[]
293155,album,What's your height?,"The children engaged in a comparison of their heights this week. They began by measuring their heights with the help of their friends, using a string to represent their height. These strings were then put up on display for the children to have conversations about who was tall, taller, and tallest within their group. When we noticed that the strings could not remain straightened out for us to make an accurate comparison, the children were provided with colourful playdough, which they added to the ends of their strings. This allowed the children to see the lengths of their strings more clearly and then make more accurate comparisons",,,draft,2025-02-19 06:16:38,2025-02-19 06:14:21,2025-02-19 06:16:37,NULL,"{""id"": 1, ""code"": ""DNI00""}","[{""id"": 1298, ""label"": ""2025 N2 Eric Carle""}]",NULL,[],[]
293178,album,二月第三周活动：探索自然-树叶,"活动目标：初步培养对自然环境的感知与理解

活动过程：在室内的自然角落探索幼儿们对叶子很感兴趣，老师到户外收集一些树上自然掉落的树叶，先清洗然后展示给幼儿，告诉幼儿这是“树叶”，是自然环境不可缺少的，让幼儿触摸抓握，幼儿还很喜欢用手指弯折柔软的树叶，老师收集的树叶有三种颜色：红.黄.绿，在玩乐的同时幼儿也学习了三种颜色。",,,draft,2025-02-19 06:58:38,2025-02-19 06:58:30,2025-02-19 06:58:37,NULL,"{""id"": 10, ""code"": ""DTE01""}","[{""id"": 1310, ""label"": ""2025 Infant Mozart""}]",NULL,[],[]
293183,album,Term 1 Week 7 Weekly Highlight,'Love You Forever' Story Leaves,,,published,2025-02-19 07:15:24,2025-02-19 07:14:39,2025-02-19 07:15:23,NULL,"{""id"": 20, ""code"": ""TMJ""}","[{""id"": 1430, ""label"": ""2025 K1 Bright""}]",NULL,[],[]
293186,album,精彩活动——第一学期第七周,"17/02/2025——19/02/2025

  本周K1 Bailey的精彩活动围绕幼儿的运动能力和语言表达能力展开。通过模仿青蛙跳跃，幼儿学习了从高处往下跳并双脚着地的基本技能，发展了身体协调能力，并通过分组游戏增强合作意识。同时，幼儿通过学习儿歌《小青蛙要回家》，在游戏情境中运用语言，提高了表达能力和记忆力。教师通过不断调整“荷叶”间距，帮助幼儿逐步提升跳跃能力，增加挑战性，使其在探索中成长。本次活动将运动与语言结合，让幼儿在趣味游戏中获得综合发展。",,,published,2025-02-19 07:25:46,2025-02-19 07:25:23,2025-02-19 07:25:46,NULL,"{""id"": 20, ""code"": ""TMJ""}","[{""id"": 1404, ""label"": ""2025 K1 Bailey""}]",NULL,[],[]
293187,album,"""I love my Dad"" storytelling","The children were introduced to ""I love my Dad"" by Anna Walker. They were introduced to all the different activities that Ollie the zebra did with daddy in the story. The children were able to identify activities like riding a bicycle, climbing trees, cooking, and reaching up the sky! ",,,draft,2025-02-19 07:46:42,2025-02-19 07:46:37,2025-02-19 07:46:41,NULL,"{""id"": 1, ""code"": ""DNI00""}","[{""id"": 1295, ""label"": ""2025 PG Rod Campbell""}]",NULL,[],[]
293188,album,Exploring Nature around us,"During outdoor time today, the children were fascinated with leaves, flowers, and petals found on the floor. We explored the colours of the leaves and petals as some were green, while some were withering. We also found the tree that was bearing the flower that had fallen on the ground. The children looked up and pointed at the tree where we found flowers. ",,,draft,2025-02-19 07:54:55,2025-02-19 07:54:35,2025-02-19 07:54:55,NULL,"{""id"": 1, ""code"": ""DNI00""}","[{""id"": 1295, ""label"": ""2025 PG Rod Campbell""}]",NULL,[],[]
293195,post,"""Ice Cubes Exploration""","Jovelle reached out cautiously and touched the ice cubes with her hands. When she felt the coldness, she quickly dropped the ice cubes. With the educarer’s encouragement, she reached out for the ice cubes again and examined it closely. She turned it over and watched the ice cubes melt in her hands. She also used the spoon to chase the ice cubes as it was slippery, she continued to transfer them to a bowl.
",,,published,2025-02-19 09:16:20,2025-02-19 09:16:15,2025-02-19 09:16:20,NULL,"{""id"": 1, ""code"": ""DNI00""}","[{""id"": 1302, ""label"": ""2025 Infant Karen Katz""}]",NULL,[],[]
293196,post,"""Threading Exploration""","As the educarer allowed Matthias to manipulate the materials in his own way. With guidance, he made attempts to push the animal bead through the wooden needle. He continued when the educarer held the wooden needle and slowly pushed the animal bead in. He managed to thread 2 animal beads with assistance and continued to explore the activity for a little while more.
",,,published,2025-02-19 09:24:19,2025-02-19 09:24:13,2025-02-19 09:24:18,NULL,"{""id"": 1, ""code"": ""DNI00""}","[{""id"": 1302, ""label"": ""2025 Infant Karen Katz""}]",NULL,[],[]
293197,album,华文演绎课,"老师为幼儿们复习《狮子》儿歌，鼓励幼儿随着儿歌音乐一起唱和做动作。

老师也为幼儿复习故事《是谁吃了我的大饼？》，鼓励幼儿回想故事中有哪些动物，并鼓励幼儿跟着儿歌音乐一起模仿动物的动作。如：小兔子跳。鳄鱼张开嘴巴。此外，老师也鼓励幼儿们轮流上台扮演小动物，跟着老师一起复述问句：‘’xxx, 是不是你咬了我的大饼？‘’ 来询问是不是这个动物吃了小熊的大饼，接着再鼓励扮演动物的幼儿跟着老师一起复述‘’不是我，我的牙齿xxx的。‘’来回应小熊。",,,published,2025-02-24 00:39:42,2025-02-19 09:31:15,2025-02-24 00:39:42,NULL,"{""id"": 18, ""code"": ""OMB01""}","[{""id"": 1284, ""label"": ""2025 N1 Christie Matheson""}]",NULL,[],[]
293198,album,How Tall Am I?,"After listening to the story Titch by Pat Hutchins, the children were invited to share how they had grown since they were babies. They enthusiastically expressed their thoughts, saying, ""I am bigger,"" ""I grow tall,"" ""I'm not a baby,"" and ""I am a big boy/girl.""

Building on this discussion, the teacher introduced an activity where the children would measure their height using a piece of string. Each child was guided to lie down on the floor while the teacher assisted in cutting a string that matched their height.

Next, the children were provided with Numicon pieces, and their peers were encouraged to help measure their height by placing the pieces one by one from head to toe, counting the total number together. As part of their ongoing exploration of the question ""How Tall Am I?""The children used their measured strings to compare heights. They observed differences in length, engaged in discussions about who was taller or shorter, and shared their observations. Finally, they placed their strings beneath their photographs as a visual representation of their height.",,,draft,2025-02-19 09:32:38,2025-02-19 09:32:03,2025-02-19 09:32:37,NULL,"{""id"": 1, ""code"": ""DNI00""}","[{""id"": 1298, ""label"": ""2025 N2 Eric Carle""}]",NULL,[],[]
293199,post,"""Reaching for the Sound Rattles""","The educarer aligned the sound rattles around Ali and when his eyes fixated on one of the sound rattles, he stretched out his hands and squirmed his body to reach. When the educarer encouraged him to get another rattle by making the rattle sound, he turned his head and reached out for the rattle. He moved his body sideways and grabbed towards his face. He chewed the rattle with his sensory motor and explored with his little fingers to manipulate. He continued to move his body to explore the other sound rattles.
",,,published,2025-02-19 09:32:39,2025-02-19 09:32:33,2025-02-19 09:32:39,NULL,"{""id"": 1, ""code"": ""DNI00""}","[{""id"": 1302, ""label"": ""2025 Infant Karen Katz""}]",NULL,[],[]
293200,album,Nature's Parade,"The children were encouraged to collect natural materials, such as leaves, sticks, and flowers of various sizes, during outdoor. Afterwards, they were invited to look at their collected items and identify which were small/short and which were big/long. Following this, the children engaged in sequencing the items from smallest to largest, carefully arranging them and sharing their arrangements with their peers.",,,draft,2025-02-19 09:34:48,2025-02-19 09:34:15,2025-02-19 09:34:47,NULL,"{""id"": 1, ""code"": ""DNI00""}","[{""id"": 1298, ""label"": ""2025 N2 Eric Carle""}]",NULL,[],[]
293202,post,"""Throwing Balls in the Basket""","Jovelle searched for balls to throw them into the basket and when she found a ball, she walked towards the basket. While holding the ball, she aimed and threw the ball in! She clapped her hands and smiled. When the teacher asked her to find more balls, she looked around and saw her friends holding on to the balls and watched them throw the balls into the basket. She continued this fun activity with her friends and they took turns to throw the balls into the basket.

",,,published,2025-02-19 09:44:39,2025-02-19 09:44:30,2025-02-19 09:44:39,NULL,"{""id"": 1, ""code"": ""DNI00""}","[{""id"": 1302, ""label"": ""2025 Infant Karen Katz""}]",NULL,[],[]
293203,post,"""Scarves Exploration""","Ali expressed his joy upon seeing the scarves above him and tried to reach them with his hands. When the educarer moved the scarves from side to side, he turned his head to look and observe the flowing scarves. When the educarer tossed the scarves and it fell gently on his face, he froze and when the educarer pulled away the scarves to uncover his face, he smiled widely and grabbed onto the scarves. He had so much fun pulling and tugging the scarves and giggled when he tightly held onto the scarves.",,,published,2025-02-19 09:55:30,2025-02-19 09:55:21,2025-02-19 09:55:29,NULL,"{""id"": 1, ""code"": ""DNI00""}","[{""id"": 1302, ""label"": ""2025 Infant Karen Katz""}]",NULL,[],[]
293204,album,"Ready, Steady, Go Kids!","19/02/2025
  
  请查收体育课活动照片！",,,published,2025-02-19 09:55:59,2025-02-19 09:55:29,2025-02-19 09:55:59,NULL,"{""id"": 20, ""code"": ""TMJ""}","[{""id"": 1404, ""label"": ""2025 K1 Bailey""}]",NULL,[],[]
293206,post,"""Playdough Exploration with Friends""","Matthias explored the playdough by manipulating with his hands and used the tools provided to shape the playdough. He pound the playdough with a wooden pestle and made poking action on the playdough with a straw and wooden stick. He seemed to be more focused and curious while exploring the playdough with a group of friends. 
",,,published,2025-02-19 10:01:50,2025-02-19 10:01:38,2025-02-19 10:01:50,NULL,"{""id"": 1, ""code"": ""DNI00""}","[{""id"": 1302, ""label"": ""2025 Infant Karen Katz""}]",NULL,[],[]
293208,album,《彩色望眼镜》,"老师准备好了彩色望眼镜，投放在课室区角里，幼儿在自由探索的过程认识颜色和圆形等特征，体验颜色的变化。
",,,draft,2025-02-19 12:16:18,2025-02-19 12:16:14,2025-02-19 12:19:44,NULL,"{""id"": 1, ""code"": ""DNI00""}","[{""id"": 1295, ""label"": ""2025 PG Rod Campbell""}]",NULL,[],[]
293209,post,Birthday Celebration in PG Campbell!,Happy Birthday!,,,published,2025-02-19 13:10:54,2025-02-19 13:10:41,2025-02-19 13:10:54,NULL,"{""id"": 20, ""code"": ""TMJ""}","[{""id"": 1397, ""label"": ""2025 PG Campbell""}]",NULL,[],[]
293210,album,二月第三周精彩活动,快和爸爸妈妈一起来看看我们的照片吧！,,,published,2025-02-21 06:01:29,2025-02-19 13:23:08,2025-02-21 06:01:29,NULL,"{""id"": 20, ""code"": ""TMJ""}","[{""id"": 1395, ""label"": ""2025 PG Kale""}]",NULL,[],[]
293212,album,Ready Steady Go Kids ,6/2/25,,,published,2025-02-19 13:44:51,2025-02-19 13:44:19,2025-02-19 13:44:51,NULL,"{""id"": 20, ""code"": ""TMJ""}","[{""id"": 1401, ""label"": ""2025 N1 Rosen""}]",NULL,[],[]
293213,album,February Week 2 Weekly Highlight,"This week, our little ones had a blast working together to create and decorate a giant birthday cake! The activity was not only fun, but it also encouraged teamwork, creativity, and collaboration. As they painted the cake and added vibrant decorations, the children learned the value of working together towards a shared goal.
",,,published,2025-02-19 13:53:47,2025-02-19 13:53:28,2025-02-19 13:53:47,NULL,"{""id"": 20, ""code"": ""TMJ""}","[{""id"": 1401, ""label"": ""2025 N1 Rosen""}]",NULL,[],[]
293214,album,February Week 2 ,10/2/25- 14/2/25,,,published,2025-02-19 22:55:52,2025-02-19 14:17:34,2025-02-19 22:55:51,NULL,"{""id"": 20, ""code"": ""TMJ""}","[{""id"": 1401, ""label"": ""2025 N1 Rosen""}]",NULL,[],[]
293215,album,二月第三周 活动集锦,这是本周部分活动的照片，请浏览！,,,draft,2025-02-20 05:50:10,2025-02-19 22:21:14,2025-02-21 05:46:12,NULL,"{""id"": 20, ""code"": ""TMJ""}","[{""id"": 1402, ""label"": ""2025 N1 Kelly""}]",NULL,[],[]
293217,album,精彩活动   二月第三周  叠叠高,"      教师提供小型方块积木，鼓励幼儿使用拇指、食指和中指拿取积木层层叠放，尝试能够搭叠的越高越好。
    通过活动发展幼儿的精细动作，从而实现婴幼儿身体健康，并掌握控制身体的能力[感知动作 - 精细动作和粗大动作]的学习成果。

",,,published,2025-02-21 05:46:46,2025-02-19 23:19:30,2025-02-21 05:46:45,NULL,"{""id"": 20, ""code"": ""TMJ""}","[{""id"": 1402, ""label"": ""2025 N1 Kelly""}]",NULL,[],[]
293225,album,Weekly Highlight; Term 1 Week 7,"Discovering new talents through the story, 'The Dot' by Peter Reynolds.",,,published,2025-02-20 09:06:13,2025-02-20 04:38:37,2025-02-20 09:06:12,NULL,"{""id"": 20, ""code"": ""TMJ""}","[{""id"": 1433, ""label"": ""2025 K2 Robinson""}]",NULL,[],[]
293226,album,第一学期 第七周-  比高矮,"活动目标：
1. 幼儿能比较两个人之间的高矮。
2. 幼儿学习句式：桌子比椅子高；椅子比桌子矮。


活动介绍：

      老师请小朋友们观察《朱家故事》的图画，看看谁最高，谁最矮。接着，老师拿出班上的两个物品，请大家仔细观察并进行高矮比较。当小朋友们对“高”和“矮”有了基本的概念后，老师教大家使用句子：“___比___高。” 和 “___比___矮。”

      随后，小朋友们在教室里找一样物品，与朋友一起比较高矮，并尝试把它们放入句子里，比如：“杯子比乐高高。” 或 “印章比梨矮。” 等。",,,published,2025-02-23 11:42:03,2025-02-20 04:42:24,2025-02-23 11:42:03,NULL,"{""id"": 10, ""code"": ""DTE01""}","[{""id"": 1315, ""label"": ""2025 Kindergarten 1 Darwin""}]",NULL,[],[]
293229,album,测算长度123,教师引导幼儿观察地上的三长直线，说说哪个长，哪个短，随后请幼儿将木板挪上去，盖住直线，数一数每条直线上有几块木板，分别是一块、两块、三块，尝试伸出手指比一比1、2、3.,,,published,2025-02-20 05:05:12,2025-02-20 05:04:33,2025-02-20 05:05:12,NULL,"{""id"": 16, ""code"": ""MBS""}","[{""id"": 1379, ""label"": ""2025 Nursery 1 Grace""}]",NULL,[],[]
293231,album,二月精彩相册（三）,"二月开始早期阅读
有趣的贴纸活动
Galaxy Kids操作
音乐课
体能课",,,published,2025-02-20 08:55:08,2025-02-20 05:07:58,2025-02-20 08:55:07,NULL,"{""id"": 20, ""code"": ""TMJ""}","[{""id"": 1432, ""label"": ""2025 K2 Potter""}]",NULL,[],[]
293232,album,找-找：身体部位在哪里,教师鼓励幼儿对着镜子来找一找自己的五官和身体部位，例如：眼睛、鼻子、嘴巴、耳朵、肩膀、膝盖等，观察自己的五官和表情。,,,published,2025-02-20 05:09:30,2025-02-20 05:09:02,2025-02-20 05:09:30,NULL,"{""id"": 16, ""code"": ""MBS""}","[{""id"": 1379, ""label"": ""2025 Nursery 1 Grace""}]",NULL,[],[]
293233,album,橡皮泥捏一捏,教师引导幼儿观察图片上的小人，了解小人五官的位置，指一指五官分别在哪里，随后用手将橡皮泥揉圆，压扁，再按压到纸杯上来制作纸杯小人的眼睛。,,,published,2025-02-20 05:14:22,2025-02-20 05:13:53,2025-02-20 05:14:22,NULL,"{""id"": 16, ""code"": ""MBS""}","[{""id"": 1379, ""label"": ""2025 Nursery 1 Grace""}]",NULL,[],[]
293237,album,我们的精彩瞬间,我们一起玩气球、玩游乐场、上数学课等，度过了许多美好时光！,,,published,2025-02-20 05:18:56,2025-02-20 05:18:19,2025-02-20 05:18:56,NULL,"{""id"": 16, ""code"": ""MBS""}","[{""id"": 1379, ""label"": ""2025 Nursery 1 Grace""}]",NULL,[],[]
293239,album,Octaves Music (T1W7),请欣赏本周孩子们参与音乐活动的照片！,,,published,2025-02-20 05:32:26,2025-02-20 05:31:44,2025-02-20 05:32:25,NULL,"{""id"": 20, ""code"": ""TMJ""}","[{""id"": 1433, ""label"": ""2025 K2 Robinson""}]",NULL,[],[]
293240,album,每周精彩活动——（第一学期——第七周--我最喜欢的画面),"幼儿能运用蜡笔画出绘本《猜猜我有多爱你》中自己最喜爱的画面。
幼儿乐意在纸上涂涂画画，绘画中能够控制笔的方向。
运用不同的绘画工具进行艺术创作。
喜欢涂涂画画，能画出较直、横的线，基本能控制笔的方向。

",,,published,2025-02-20 05:32:08,2025-02-20 05:31:49,2025-02-20 05:32:08,NULL,"{""id"": 20, ""code"": ""TMJ""}","[{""id"": 1403, ""label"": ""2025 N2 Florence""}]",NULL,[],[]
293248,album,"Ready, Steady, Go Kids (T1W7)",本周孩子们继续练习了高尔夫击球，请欣赏！,,,published,2025-02-20 06:04:33,2025-02-20 06:03:54,2025-02-20 06:04:32,NULL,"{""id"": 20, ""code"": ""TMJ""}","[{""id"": 1433, ""label"": ""2025 K2 Robinson""}]",NULL,[],[]
293250,post,K1 Term 1 Week 7 Weekly Updates ,"For this week, children picked up new skills within their rock climbing lesson. Instead of climbing upwards, they climbed sideways as well. 

Children continued to revise the core book [Love you forever] as they attempted to copy draw the various pages of the book as well as copy-write a short sentence on the content of the book.

Lastly, children were challenged further as they sorted shape building blocks in accordance with the different number of numicon that was given to them.",,,published,2025-02-20 11:44:01,2025-02-20 06:08:10,2025-02-20 11:44:00,NULL,"{""id"": 5, ""code"": ""DTH01""}","[{""id"": 1406, ""label"": ""2025 Kindergarten 1 Inventors""}]",NULL,[],[]
293258,album,亲子活动--我和我的家人,"Hi 家长们好！

这是幼儿们的亲子活动--我和我的家人活动的材料和说明，今天幼儿们会带回家，希望家长能抽出时间和幼儿一起进行制作。

温馨提示：记得在制作过程中拍照发给老师，以便幼儿在展示和分享时，有更多的话题与同伴进行交流，促进幼儿们的语言表达能力及自信心！多谢家长积极支持与配合！",,,published,2025-02-20 06:33:22,2025-02-20 06:33:20,2025-02-20 06:33:22,NULL,"{""id"": 5, ""code"": ""DTH01""}","[{""id"": 1407, ""label"": ""2025 Nursery 2 Reflectors""}]",NULL,[],[]
293262,album,二月第三周精彩活动,彩色小水珠在画纸上滴下来了，快一起来看看我们创作的作品吧！,,,published,2025-02-20 06:39:57,2025-02-20 06:39:28,2025-02-20 06:39:56,NULL,"{""id"": 20, ""code"": ""TMJ""}","[{""id"": 1397, ""label"": ""2025 PG Campbell""}]",NULL,[],[]
293274,album,二月第二周：摘苹果🍎,"活动目标
发展精细动作，如：能用五指抓物品❤️
活动过程：
老师准备了树的图案，贴上双面胶，将小毛球贴在上面，让孩子们把小毛球摘下。从而锻炼孩子们的抓握能力🤩",,,draft,2025-02-20 07:17:28,2025-02-20 07:17:24,2025-02-20 07:17:49,NULL,"{""id"": 10, ""code"": ""DTE01""}","[{""id"": 1310, ""label"": ""2025 Infant Mozart""}]",NULL,[],[]
293279,album,Octaves,nil,,,published,2025-02-20 08:58:48,2025-02-20 08:58:19,2025-02-20 08:58:48,NULL,"{""id"": 20, ""code"": ""TMJ""}","[{""id"": 1430, ""label"": ""2025 K1 Bright""}]",NULL,[],[]
293280,album,Weekly Highlight: Term 1 Week 6 ,"This week, the children began exploring the topic ""My Feelings and Emotions"" by engaging in a book sorting activity that encouraged the children to observe, categorise, and share their thoughts on various books. ",,,published,2025-02-20 09:41:38,2025-02-20 09:06:33,2025-02-28 05:12:03,NULL,"{""id"": 20, ""code"": ""TMJ""}","[{""id"": 1371, ""label"": ""2025 N2 Donaldson""}]",NULL,[],[]
293284,album,Activities this week (Term 1 Week 7),17/2 -21/2,,,published,2025-02-20 09:44:07,2025-02-20 09:42:32,2025-02-20 09:44:07,NULL,"{""id"": 20, ""code"": ""TMJ""}","[{""id"": 1433, ""label"": ""2025 K2 Robinson""}]",NULL,[],[]
293285,album,Weekly Highlight: Term 1 Week 7 (Twister Ball),-,,,published,2025-02-21 05:31:39,2025-02-20 09:45:41,2025-02-21 05:31:39,NULL,"{""id"": 20, ""code"": ""TMJ""}","[{""id"": 1403, ""label"": ""2025 N2 Florence""}]",NULL,[],[]
293286,album,第一学期第七周精彩活动,请欣赏本周精彩活动《小青蛙要回家》,,,published,2025-02-21 05:57:21,2025-02-20 09:54:17,2025-02-21 05:57:21,NULL,"{""id"": 20, ""code"": ""TMJ""}","[{""id"": 1430, ""label"": ""2025 K1 Bright""}]",NULL,[],[]
293289,album,Term 1 Week 7,Activities of the week,,,published,2025-02-20 10:13:00,2025-02-20 10:12:23,2025-02-20 10:12:59,NULL,"{""id"": 20, ""code"": ""TMJ""}","[{""id"": 1430, ""label"": ""2025 K1 Bright""}]",NULL,[],[]
293293,post,Let’s scoop. ,“Using different scoops to pick up the Pom Pom or ping pong ball and transfer it into a smaller bowl.”,,,published,2025-02-20 12:30:01,2025-02-20 12:29:57,2025-02-20 12:30:01,NULL,"{""id"": 1, ""code"": ""DNI00""}","[{""id"": 1302, ""label"": ""2025 Infant Karen Katz""}]",NULL,[],[]
293294,post,Little stars,"“Finding the star in the book while the educator hands us a star prop, which comes in both big and small sizes too.”",,,published,2025-02-20 12:32:24,2025-02-20 12:32:20,2025-02-20 12:32:24,NULL,"{""id"": 1, ""code"": ""DNI00""}","[{""id"": 1302, ""label"": ""2025 Infant Karen Katz""}]",NULL,[],[]
293295,post,Throw or kick the ball ,“Practicing overhead throws and kicking the ball in any direction I aim.”,,,published,2025-02-20 12:34:30,2025-02-20 12:34:26,2025-02-20 12:34:29,NULL,"{""id"": 1, ""code"": ""DNI00""}","[{""id"": 1302, ""label"": ""2025 Infant Karen Katz""}]",NULL,[],[]
293296,post,Natural materials ,"“Exploring natural materials using tongs, a ladder, and a scoop, with tongs being the most fascinating.”",,,published,2025-02-20 12:36:59,2025-02-20 12:36:55,2025-02-20 12:36:58,NULL,"{""id"": 1, ""code"": ""DNI00""}","[{""id"": 1302, ""label"": ""2025 Infant Karen Katz""}]",NULL,[],[]
293297,post,Tea break with the playgroup. ,"“Transitioning to tea time with our new friends and teacher, we had so much fun exploring the classroom, dancing, and scribbling together.”",,,published,2025-02-20 12:40:58,2025-02-20 12:40:48,2025-02-20 12:40:58,NULL,"{""id"": 1, ""code"": ""DNI00""}","[{""id"": 1302, ""label"": ""2025 Infant Karen Katz""}]",NULL,[],[]
293301,post,Numicon Art Stamping ,"After introducing Numicon to the children, a great way to spark their curiosity and interest is through art stamping! They were encouraged to choose their desired Numicon pieces and stamp them onto their paper. This allows them to explore Numicon in a different way beyond counting while also encouraging them to count the holes formed on their paper.",,,published,2025-02-21 11:41:11,2025-02-20 14:41:01,2025-02-21 11:41:11,NULL,"{""id"": 1, ""code"": ""DNI00""}","[{""id"": 1300, ""label"": ""2025 K1 David McKee""}]",NULL,[],[]
293302,post,Introducing Numicon,"The children were introduced to Numicon this week! The Numicon pieces were passed around to help the children familiarize themselves with them by seeing, touching, and counting them. Each child selected a Numicon piece they liked, where they counted the circles and used other Numicon pieces to add up to that number. This experience exposed them to number bonds, which they will be learning in the coming weeks. As Numicon is still new to the children, they are continuing to familiarize themselves with the shapes, colours, and number of holes on the pieces.",,,published,2025-02-21 11:41:41,2025-02-20 14:43:22,2025-02-21 11:41:40,NULL,"{""id"": 1, ""code"": ""DNI00""}","[{""id"": 1300, ""label"": ""2025 K1 David McKee""}]",NULL,[],[]
293307,album,Term 1 Week 7 Photos: Everything Is Going To Be Alright,"The children were introduced to the song “Everything Is Going To Be Alright” by Super Simple. This song helps the children to learn about the simple strategy of taking a moment to stop and breathe when feeling emotions such as anger, fear, shyness and sadness. The children were encouraged to come up with actions that accompany the lyrics in the song!",,,published,2025-02-21 05:32:15,2025-02-20 23:15:28,2025-02-21 05:32:15,NULL,"{""id"": 20, ""code"": ""TMJ""}","[{""id"": 1403, ""label"": ""2025 N2 Florence""}]",NULL,[],[]
293310,album,Weekly Photo Album (17 to 21 Feb),Enjoy the album of the week! ,,,published,2025-02-21 01:02:29,2025-02-21 01:00:46,2025-02-21 01:02:29,NULL,"{""id"": 20, ""code"": ""TMJ""}","[{""id"": 1404, ""label"": ""2025 K1 Bailey""}]",NULL,[],[]
293312,album,《制作我的家庭相框》,"老师提前准备彩色粘土、装饰品若干。邀请幼儿一起制作我的家庭相框。老师介绍材料粘土和装饰品。示范制作相框的过程，引导幼儿动手创作。幼儿在制作的过程中，感知粘土软软的触感，在按压在纸板上进行装饰的过程的软和硬的对比。在自由创作的过程中，体验手工活动的乐趣。
",,,draft,2025-02-21 04:39:25,2025-02-21 04:39:22,2025-02-21 04:39:25,NULL,"{""id"": 1, ""code"": ""DNI00""}","[{""id"": 1295, ""label"": ""2025 PG Rod Campbell""}]",NULL,[],[]
293313,album,《我不再吃手了》,茶点后，一个小朋友对这本绘本产生兴趣。我们一起阅读绘本，一起了解每天吃手指的危害。小女孩因为喜欢嘬手指，手指上长出一个神秘的茧子。这个圆圆的茧子，在人看不到的时候，会说话还有人一样的脸。小朋友们很好奇、还有一些害怕。当老师讲到因为吃手指，手指的怪兽越嘬茧子越大时，有的小朋友害怕的摇头、向后退。小朋友们在倾听故事的过程中，都认识到了吃手指是不好的行为。,,,draft,2025-02-21 05:08:09,2025-02-21 05:08:06,2025-02-21 05:08:09,NULL,"{""id"": 1, ""code"": ""DNI00""}","[{""id"": 1295, ""label"": ""2025 PG Rod Campbell""}]",NULL,[],[]
293315,album,孔雀和蜂鸟,"教师带领幼儿阅读绘本《孔雀与蜂鸟》，引导他们认识孔雀和蜂鸟的身体特征及其差异，例如孔雀体型较大，雄鸟拥有长达自身两倍的尾屏，而蜂鸟则是世界上最小的鸟类。教师鼓励幼儿跟随自己复述相关的身体特征名称，如羽冠、尾屏、爪子等，加深对不同鸟类身体特征的理解。
",,,published,2025-02-24 00:39:05,2025-02-21 05:12:01,2025-02-24 00:39:04,NULL,"{""id"": 18, ""code"": ""OMB01""}","[{""id"": 1284, ""label"": ""2025 N1 Christie Matheson""}]",NULL,[],[]
293316,album,February Week 3: Weekly Highlight,Miffy has a boo boo!,,,published,2025-02-21 05:13:30,2025-02-21 05:13:04,2025-02-21 05:13:29,NULL,"{""id"": 20, ""code"": ""TMJ""}","[{""id"": 1402, ""label"": ""2025 N1 Kelly""}]",NULL,[],[]
293317,album,小鸟拼图,"教师将不同种类的鸟类图片制作成四、五或六片拼图，并鼓励幼儿根据拼图的底板（如鸟的颜色、身体部位的位置等）进行观察和判断，拼凑完整的鸟类图片。
",,,published,2025-02-24 00:38:00,2025-02-21 05:14:06,2025-02-24 00:37:59,NULL,"{""id"": 18, ""code"": ""OMB01""}","[{""id"": 1284, ""label"": ""2025 N1 Christie Matheson""}]",NULL,[],[]
293320,album,二月日记（17/02/2025_21/02/2025),二月第三周的照片来咯！快和爸爸妈妈一起来看看吧！,,,published,2025-02-21 05:20:05,2025-02-21 05:18:04,2025-02-21 05:20:04,NULL,"{""id"": 20, ""code"": ""TMJ""}","[{""id"": 1397, ""label"": ""2025 PG Campbell""}]",NULL,[],[]
293326,album,February Week 3,Activities of the week!,,,published,2025-02-21 05:24:58,2025-02-21 05:23:27,2025-02-21 05:24:58,NULL,"{""id"": 20, ""code"": ""TMJ""}","[{""id"": 1402, ""label"": ""2025 N1 Kelly""}]",NULL,[],[]
293330,album,Term 1 Week 7 Photos: Nature Size Parade,"This week, we incorporated an element of nature while learning about size and order! During our outdoor walk, Florence friends were encouraged to pick up leaves of different sizes and tasked to sort them in a simple collage art piece!",,,published,2025-02-21 05:33:50,2025-02-21 05:32:21,2025-02-21 05:33:50,NULL,"{""id"": 20, ""code"": ""TMJ""}","[{""id"": 1403, ""label"": ""2025 N2 Florence""}]",NULL,[],[]
293331,album,每周活动分享,"尊敬的家长您好：
接下来的两周，我们将和幼儿一起探索五官。体验活动中，教师和幼儿一起欣赏绘本《脸，各种各样的脸》，从绘本当中让幼儿初步了解我们的脸上有眼睛，鼻子，嘴巴还有耳朵这些器官。同时通过儿歌《一根小手指》 和幼儿一边唱儿歌，一边指着自己的五官，以此来加深对五官词汇的认知。 
我们在墙上提供了可互动的五官粘贴画，便于幼儿在自由探索的时候做粘贴活动。从幼儿粘贴的过程当中可以看得出来一些幼儿能够理解五官的位置，把正确的五官按照位置排列。 有的幼儿能够做到把眼睛放在一起，嘴巴和鼻子的位置呈现颠倒状态， 她们对五官的位置还有些模糊。
根据幼儿的反应，教师会在今后的活动当中继续在这方面给予幼儿帮助和支持。角落活动当中，教师为幼儿提供了锻炼手指小肌肉的游戏，鼓励幼儿用绒球喂毛毛虫吃饭，让幼儿锻炼手指按压的技能，以及用吸管来插入瓶子洞口，与此来锻炼他们手眼的协调能力； 同时为幼儿提供泡沫，让幼儿挤压泡沫锻炼他们的手指灵活性等等。
这一周也是幼儿去公园游玩的一周，幼儿在公园里面散步同时享受了玩沙的时间。幼儿现在可以排着队进行散步，看得出来他们走路也越来越稳了， 很棒！ 
下一周我们会继续的为幼儿提供不同的活动来帮助幼儿了解五官以及锻炼他们手指小肌肉的活动。",,,published,2025-02-21 05:35:20,2025-02-21 05:34:24,2025-02-21 05:42:51,NULL,"{""id"": 5, ""code"": ""DTH01""}","[{""id"": 1409, ""label"": ""2025 Playgroup Explorers""}]",NULL,[],[]
293334,album,Matthew 的生日派对🎉,Matthew在学校与老师朋友们一起庆祝了他的生日，谢谢Matthew爸爸妈妈为小朋友们准备的礼物以及美味的蛋糕🎂，让我们一起祝Matthew 小朋友生日快乐🎈,,,published,2025-02-21 05:38:27,2025-02-21 05:38:22,2025-02-21 05:39:02,NULL,"{""id"": 18, ""code"": ""OMB01""}","[{""id"": 1288, ""label"": ""2025 K2 Peter H.Reynolds""}]",NULL,[],[]
293335,album,February Week 3 Weekly Highlight: Rocket Fuel!,"Objectives: Foster fine motor development

The children were engaged in fueling up the rocket! 

Small bottles which represent “rocket” and colourful pom poms that represent “fuel” are provided and children are encouraged to pick up and drop the “fuel” into the rocket till it has been completely filled. As they carefully grasp and maneuver the pom poms, they develop hand-eye coordination and dexterity. The vibrant colors of the pom poms add an element of excitement, making the task both visually stimulating and rewarding. As the bottles fill up, the children counted down together and flew it up high!",,,published,2025-02-21 05:39:58,2025-02-21 05:39:32,2025-02-21 05:39:58,NULL,"{""id"": 20, ""code"": ""TMJ""}","[{""id"": 1395, ""label"": ""2025 PG Kale""}]",NULL,[],[]
293337,album,Talking Tess and the Letter 't',"Venturing into Letterland again! We met Talking Tess, the sound she makes, and her catchy song. There are many words that begin with the 't' sound. Like the word- tiger! We met a tiger who lost its stipes and helped him by tracing letter 't' stripes on its body.",,,draft,2025-02-21 05:41:30,2025-02-21 05:41:06,2025-02-21 05:41:30,NULL,"{""id"": 18, ""code"": ""OMB01""}","[{""id"": 1286, ""label"": ""2025 N2 Kevin Henkes""}]",NULL,[],[]
293338,post,Weekly Highlight (Screwing and Unscrewing nuts and bolts),February Week 3,,,published,2025-02-21 05:43:04,2025-02-21 05:42:53,2025-02-21 05:45:11,NULL,"{""id"": 20, ""code"": ""TMJ""}","[{""id"": 1397, ""label"": ""2025 PG Campbell""}]",NULL,[],[]
293339,post,Alexandra Park Connector Walk,"Hi Parents,

On Thursday, the children embarked on their first walk to Alexandra Park Connector, and it was a success! They followed their teachers closely, remained quiet, and stayed alert while crossing the roads.

During the walk, we took time to observe the traffic lights—watching them change from red to green—and discussed how both pedestrians and motorists responded. The children quickly noticed that some people crossed the road even when the light was red. They were eager to intervene, which led to a discussion about road safety. 

We explained that while crossing on a red light is unsafe, it is not our place to correct others directly. Instead, we focused on reinforcing safe road habits for the children themselves. This was also an opportunity for them to learn the term ""jaywalking,"" and some even shared that their parents do it too (oops!). We encouraged children to gently remind family members to practice safe road habits.

As we continued observing the traffic lights, the children noticed how the lights transitioned from red to green, followed by a flashing green light with a countdown. They learned that the flashing green light signals that they should speed up slightly, as the light will soon turn red.

On our way to the park, we introduced the concept of shared spaces, explaining that the boardwalk is used by everyone. Since we were a large group, we reminded the children to be considerate by giving way to others and expressing gratitude when others made space for us. Through this, we reinforced the importance of good manners in public spaces.

In this album, you will find photos of children observing traffic lights, watching children play from Alexandra Primary School, and greeting two safety officers who were on the boat (which they attempted to chase after). 

Though it was just a short walk to Alexandra Park Connector, it provided the children with many authentic learning opportunities.

We hope that you can also reinforce safe road habits when out with your child. Starting young helps them develop lifelong habits to keep themselves safe.

Thank you!

Regards,
Debra",,,published,2025-02-21 05:47:34,2025-02-21 05:47:24,2025-02-21 05:47:34,NULL,"{""id"": 5, ""code"": ""DTH01""}","[{""id"": 1407, ""label"": ""2025 Nursery 2 Reflectors""}]",NULL,[],[]
293340,album,February Week 3 Photo Album,"17 Feb - 21 Feb

Enjoy the photos! (:",,,published,2025-02-21 05:51:05,2025-02-21 05:50:20,2025-02-21 05:51:05,NULL,"{""id"": 20, ""code"": ""TMJ""}","[{""id"": 1395, ""label"": ""2025 PG Kale""}]",NULL,[],[]
293345,album,续编故事,老师引导幼儿一起回忆绘本中奥莉薇的兴趣，鼓励幼儿发挥自己的想象力来续编奥莉薇的故事。老师为幼儿提供了马克笔、彩色铅笔、图画纸、等材料鼓励幼儿创作四页小书，鼓励幼儿将续编的故事内容记录下来。,,,published,2025-02-21 10:28:54,2025-02-21 05:58:30,2025-02-21 10:28:54,NULL,"{""id"": 18, ""code"": ""OMB01""}","[{""id"": 1288, ""label"": ""2025 K2 Peter H.Reynolds""}]",NULL,[],[]
293347,album,快乐的音乐课,        孩子们在音乐游戏中，感受三分音符和休止符，每次的音乐课孩子们的非常地享受，非常喜欢看到孩子们的笑脸。,,,draft,2025-02-21 12:13:11,2025-02-21 06:00:00,2025-02-21 12:13:10,NULL,"{""id"": 1, ""code"": ""DNI00""}","[{""id"": 1300, ""label"": ""2025 K1 David McKee""}]",NULL,[],[]
293348,album,二月日记（17/02/2025-21/02/2025）,快和爸爸妈妈一起来看看我们的照片吧！,,,published,2025-02-21 06:01:06,2025-02-21 06:00:24,2025-02-21 06:01:05,NULL,"{""id"": 20, ""code"": ""TMJ""}","[{""id"": 1395, ""label"": ""2025 PG Kale""}]",NULL,[],[]
293349,post,焦点绘本：《逃家小兔》,小朋友们学习了新绘本《逃家小兔》中相关的字词：山上、捕鱼、大石头、追、抓、躲，爸爸妈妈们可以在家利用空余时间跟孩子一起复习这些字词。另外，  也可以通过以下的链接跟孩子一起欣赏故事《逃家小兔》。,,https://youtu.be/AVMW-mR9n_k?feature=shared,published,2025-02-21 10:29:21,2025-02-21 06:03:14,2025-02-21 10:29:20,NULL,"{""id"": 18, ""code"": ""OMB01""}","[{""id"": 1288, ""label"": ""2025 K2 Peter H.Reynolds""}]",NULL,[],[]
293352,post,你的家庭成员有哪些？,        《朱家故事》中，家里有爸爸，妈妈，哥哥，弟弟。那你家里都有谁呢？你的家庭成员有哪些，请你说一说，并画出你的家庭成员。孩子们也分享自己与家人在一起的快乐时光。,,,draft,2025-02-21 12:12:45,2025-02-21 06:09:08,2025-02-21 12:12:44,NULL,"{""id"": 1, ""code"": ""DNI00""}","[{""id"": 1300, ""label"": ""2025 K1 David McKee""}]",NULL,[],[]
293357,album,Term 1 Week 7 Weekly Highlight: Numicon Animal Parade,It was wonderful to see them so engaged in learning while working together! We encourage you to ask your child about their painted habitat and the animals they grouped—let them share their discoveries with you at home! 😊,,,published,2025-02-21 06:11:42,2025-02-21 06:11:34,2025-02-21 06:11:41,NULL,"{""id"": 20, ""code"": ""TMJ""}","[{""id"": 1404, ""label"": ""2025 K1 Bailey""}]",NULL,[],[]
293358,album,Let's Kick the Ball,"The children learn to use their foot to kick the ball. They managed to give a slight push with their foot. 

This activity encourages the the children to foster their gross motor development. ",,,published,2025-02-21 06:11:46,2025-02-21 06:11:37,2025-02-21 06:11:46,NULL,"{""id"": 16, ""code"": ""MBS""}","[{""id"": 1377, ""label"": ""2025 Playgroup Care""}]",NULL,[],[]
293362,album,Where do I put my shoes?,One of our self-help skills activity for this month is stowing away our shoes on our own. The children did amazingly in identifying their names and placing their shoes in their shoe cubby. ,,,published,2025-02-21 06:16:29,2025-02-21 06:16:24,2025-02-21 06:16:28,NULL,"{""id"": 16, ""code"": ""MBS""}","[{""id"": 1377, ""label"": ""2025 Playgroup Care""}]",NULL,[],[]
293363,post,早期阅读教具,    绘本《高高的矮矮的》中，有出现爷爷，姐姐，妹妹，弟弟的角色，孩子们用彩色的圆片，找到颜色对应的字，在游戏中巩固了对这4个字的认识。,,,draft,2025-02-21 12:15:45,2025-02-21 06:16:25,2025-02-21 12:15:45,NULL,"{""id"": 1, ""code"": ""DNI00""}","[{""id"": 1300, ""label"": ""2025 K1 David McKee""}]",NULL,[],[]
293366,album,How big is my hand?,"The children explored measuring sizes by using buttons. We used buttons to see how big their hands are. Ms Huda assisted to draw their hands on a piece of paper before we attempted the activity. 

The children were fostering beginning Numeracy concepts through free exploration.

Words introduced: big, many, little",,,published,2025-02-21 06:21:29,2025-02-21 06:21:22,2025-02-21 06:21:29,NULL,"{""id"": 16, ""code"": ""MBS""}","[{""id"": 1377, ""label"": ""2025 Playgroup Care""}]",NULL,[],[]
293367,album,参观国家美术馆（一）,通过参观美术作品，再次理解家庭的爱、关怀和尊重。,,,draft,2025-02-21 06:22:51,2025-02-21 06:22:38,2025-02-21 06:22:50,NULL,"{""id"": 18, ""code"": ""OMB01""}","[{""id"": 1287, ""label"": ""2025 K1 Jo Empson""}]",NULL,[],[]
293369,album,第一学期第七周精彩活动,"Objective(s)/目标:
幼儿能用华语表达出自己心中兔妈妈和小兔子的样子。
用制作小书的方式记录他们的想法和创意。
",,,published,2025-02-21 06:26:47,2025-02-21 06:25:59,2025-02-21 06:26:46,NULL,"{""id"": 20, ""code"": ""TMJ""}","[{""id"": 1433, ""label"": ""2025 K2 Robinson""}]",NULL,[],[]
293370,album,Faces of PG Care! ,"The current faces of PG Care! 

Oh what fun we had at the playground on a very beautiful day. ",,,published,2025-02-21 06:28:46,2025-02-21 06:28:41,2025-02-21 06:28:45,NULL,"{""id"": 16, ""code"": ""MBS""}","[{""id"": 1377, ""label"": ""2025 Playgroup Care""}]",NULL,[],[]
293371,album,My Self-Portrait,"The children made a self-portrait of themselves on a OHP sheet pasted against a face mirror. They identified their eyes, nose, mouth, and ears as they scribble. ",,,published,2025-02-21 06:35:22,2025-02-21 06:35:15,2025-02-21 06:35:22,NULL,"{""id"": 16, ""code"": ""MBS""}","[{""id"": 1377, ""label"": ""2025 Playgroup Care""}]",NULL,[],[]
293372,album,Dancing Ribbon Rings,The children danced to ribbon dance songs using their ribbon rings. ,,,published,2025-02-21 06:38:26,2025-02-21 06:38:20,2025-02-21 06:38:25,NULL,"{""id"": 16, ""code"": ""MBS""}","[{""id"": 1377, ""label"": ""2025 Playgroup Care""}]",NULL,[],[]
293374,album,参观国家美术馆（二）,通过参观美术作品，再次理解家庭的爱、关怀和尊重。,,,draft,2025-02-21 06:40:12,2025-02-21 06:39:57,2025-02-21 06:40:12,NULL,"{""id"": 18, ""code"": ""OMB01""}","[{""id"": 1287, ""label"": ""2025 K1 Jo Empson""}]",NULL,[],[]
293387,album,第一学期第七周,2月17-2月21日,,,published,2025-02-21 07:11:51,2025-02-21 07:10:04,2025-02-21 07:11:51,NULL,"{""id"": 20, ""code"": ""TMJ""}","[{""id"": 1433, ""label"": ""2025 K2 Robinson""}]",NULL,[],[]
293390,album,Weekly Highlight: Term 1 Week 7 (Twister Ball),-,,,published,2025-02-21 07:28:56,2025-02-21 07:27:53,2025-02-21 07:28:56,NULL,"{""id"": 20, ""code"": ""TMJ""}","[{""id"": 1371, ""label"": ""2025 N2 Donaldson""}]",NULL,[],[]
293391,album,Term 1 Week 7 Photos: Everything Is Going To Be Alright,"The children were introduced to the song “Everything Is Going To Be Alright” by Super Simple. This song helps the children to learn about the simple strategy of taking a moment to stop and breathe when feeling emotions such as anger, fear, shyness and sadness. The children were also encouraged to come up with actions that accompany the lyrics in the song!",,,published,2025-02-21 07:34:50,2025-02-21 07:34:22,2025-02-21 07:34:50,NULL,"{""id"": 20, ""code"": ""TMJ""}","[{""id"": 1371, ""label"": ""2025 N2 Donaldson""}]",NULL,[],[]
293395,post,水果串串,看！这是我的水果串串，有橘子🍊，香蕉🍌，草莓🍓，好多种水果！,,,published,2025-02-21 07:46:49,2025-02-21 07:46:41,2025-02-26 23:07:29,NULL,"{""id"": 1, ""code"": ""DNI00""}","[{""id"": 1302, ""label"": ""2025 Infant Karen Katz""}]",NULL,[],[]
293396,post,好饿的毛毛虫,＂啊，张开嘴巴我喂你吃东西＂看！毛毛虫吃饱了。,,,published,2025-02-21 07:54:54,2025-02-21 07:54:46,2025-02-21 07:54:54,NULL,"{""id"": 1, ""code"": ""DNI00""}","[{""id"": 1302, ""label"": ""2025 Infant Karen Katz""}]",NULL,[],[]
293398,post,神秘箱子,神秘箱子里有什么？看我把手伸进去，拿出了一个橘子🍊！,,,published,2025-02-21 08:13:32,2025-02-21 08:13:25,2025-02-21 08:13:32,NULL,"{""id"": 1, ""code"": ""DNI00""}","[{""id"": 1302, ""label"": ""2025 Infant Karen Katz""}]",NULL,[],[]
293399,post,水果贴纸,看我在树上贴上草莓，苹果和橘子的贴纸,,,published,2025-02-21 08:18:14,2025-02-21 08:18:08,2025-02-21 08:18:14,NULL,"{""id"": 1, ""code"": ""DNI00""}","[{""id"": 1302, ""label"": ""2025 Infant Karen Katz""}]",NULL,[],[]
293402,album,二月第三周（17/02 - 21/02）精彩活动 ,这是本周精彩活动的照片，请查看！,,,published,2025-02-21 09:19:09,2025-02-21 09:18:28,2025-02-21 09:35:23,NULL,"{""id"": 20, ""code"": ""TMJ""}","[{""id"": 1401, ""label"": ""2025 N1 Rosen""}]",NULL,[],[]
293404,album,二月第三周（17/02 - 21/02）其他活动 ！,这是本周其他活动的照片，请查看,,,published,2025-02-21 09:34:30,2025-02-21 09:32:26,2025-02-21 12:49:40,NULL,"{""id"": 20, ""code"": ""TMJ""}","[{""id"": 1401, ""label"": ""2025 N1 Rosen""}]",NULL,[],[]
293405,album,周活动——第一学期第七周,"17/02/2025——21/02/2025

  请查收本周的周活动照片！",,,published,2025-02-21 09:38:12,2025-02-21 09:36:51,2025-02-21 09:38:12,NULL,"{""id"": 20, ""code"": ""TMJ""}","[{""id"": 1404, ""label"": ""2025 K1 Bailey""}]",NULL,[],[]
293406,album,Weekly Update,"Hello Parents!

This week, we continued our arts and crafts focused on “My Body.” We added details like eyes, nose, mouth, and hair, using torn newspaper. Some children had fun tearing the paper, which is great for developing fine motor skills. You can try this activity at home if your child enjoys it – it will keep them busy for about 10 minutes. All you need is some newspaper (easier to tear), glue, and a piece of paper to paste the torn pieces!

We also discussed how our eyes, nose, ears, and mouth help us every day. We used phrases like, ""I use my eyes to see the birds,"" ""I use my ears to listen to the birds singing,"" ""I use my mouth to taste and eat my food!"" and ""I use my nose to smell yummy food!"" This helps the children remember the phrases and expand their vocabulary while learning to speak in short sentences.

Additionally, the children have been very imaginative in their pretend play. For example, they might say, “We are riding the bus to go to work/office” (using kitchen plates as they pretend to drive a car), “Mummy will fetch you later, okay?” “This is your coffee. I made you coffee,” or “There’s a fire! I am a fireman!” (using tubes in the playground to pretend to spray water).",,,published,2025-02-21 10:37:36,2025-02-21 09:39:35,2025-02-21 10:43:32,NULL,"{""id"": 5, ""code"": ""DTH01""}","[{""id"": 1408, ""label"": ""2025 Nursery 1 Engagers""}]",NULL,[],[]
293407,post,数概念——区分奇数偶数,"老师通过游戏的方式：单脚跳在奇数上，双脚跳在偶数上。向幼儿介绍1-8之间的奇数与偶数。

本次活动结合了思考、观察、体能训练，促进幼儿的全面发展。",,,published,2025-02-21 09:55:29,2025-02-21 09:55:08,2025-02-21 09:56:16,NULL,"{""id"": 1, ""code"": ""DNI00""}","[{""id"": 1301, ""label"": ""2025 K2 Debi Gliori""}]",NULL,[],[]
293416,album,Finding my family!,"As we are moving towards a new interest on ""My family"", the children were invited to view their family photos that were displayed in the classroom. The teacher prompted them to point out and verbalise the different family members in their family (e.g. Daddy, mummy, brother, sister, and myself.). The children had fun looking at their family photo, and most of them would visit the photos daily during exploratory time 🥰 Thank you for sending your wonderful family photos!",,,draft,2025-02-21 11:35:10,2025-02-21 11:35:07,2025-02-21 11:35:10,NULL,"{""id"": 1, ""code"": ""DNI00""}","[{""id"": 1295, ""label"": ""2025 PG Rod Campbell""}]",NULL,[],[]
293418,album,Threading straws,"The children were introduced to threading straws through a pipe cleaner this week. They were concentrating very hard as they watched intently at their fingers and pipe cleaners as they thread the straws. While engaging in the activity, they were also introduced to the colours of the straw they had picked up. 

Through this activity, the children were able to hone their fine motor skills and eye-hand coordination. Well done, PGs! ",,,draft,2025-02-21 12:47:53,2025-02-21 12:47:45,2025-02-21 12:49:37,NULL,"{""id"": 1, ""code"": ""DNI00""}","[{""id"": 1295, ""label"": ""2025 PG Rod Campbell""}]",NULL,[],[]
293423,album,本周动态分享,在本周，我们进行了以五种感官为主题的活动，通过对不同环境，不同材料的探索，带领幼儿体会五种感觉，在教室里，我听到老师讲故事，听到儿歌音乐，我看到书上的图案，我摸到粗糙的沙子，我尝到酸酸的柠檬，我闻到公园里花朵的香气，每时没刻，这些感觉构成了孩子们认识的世界，这周我们在一日生活的每个瞬间都将这种感官提炼出来，让孩子们更了解自己的神奇的身体，尽情的感受这个世界，下周我们会还会将继续体会五种感官，并且有一位家长朋友带领幼儿共同分享有趣的活动，期待我们下周的精彩活动吧！,,,published,2025-02-21 13:15:37,2025-02-21 13:15:09,2025-02-21 13:15:37,NULL,"{""id"": 5, ""code"": ""DTH01""}","[{""id"": 1408, ""label"": ""2025 Nursery 1 Engagers""}]",NULL,[],[]
293424,album,Show & Tell - Games,"The children participated in a show-and-tell session, where they displayed increasing confidence by standing in front of their peers and introducing themselves. As they discussed their project works, they also shared the challenges they encountered while creating their games. They enjoyed doing activity with their family members and looking forward to do more! 
",,,published,2025-02-22 02:27:53,2025-02-21 13:20:58,2025-02-22 02:27:53,NULL,"{""id"": 1, ""code"": ""DNI00""}","[{""id"": 1301, ""label"": ""2025 K2 Debi Gliori""}]",NULL,[],[]
293428,album,Show & Tell - Games (part 2),"The children participated in a show-and-tell session, where they displayed increasing confidence by standing in front of their peers and introducing themselves. As they discussed their project works, they also shared the challenges they encountered while creating their games.",,,published,2025-02-22 02:28:07,2025-02-21 13:29:23,2025-02-22 02:28:07,NULL,"{""id"": 1, ""code"": ""DNI00""}","[{""id"": 1301, ""label"": ""2025 K2 Debi Gliori""}]",NULL,[],[]
293436,album,绘本《手心的魔法》🪄,"教师为小朋友们带来一个神奇的东西，藏在手心里面，让我们走进绘本故事，一起来看看是什么呢？

教师讲述这个绘本故事，有个小朋友跟我们差不多的年纪，去幼儿园会哭哭，她的妈妈在她的手心画了一个笑脸，之后这个小朋友再次去幼儿园的时候比之前开心多了，因为有了妈妈放在手心的魔法。引导我们的宝贝每天早上来幼儿园的时候可以开开心心的来，在他们的手心画上魔法笑脸😊
当然，妈妈给小朋友的手心魔法可不是只有笑脸哦，还有哭脸和不开心，告诉孩子们如果遇到不开心可以发泄出来，释放不开心，这样又会变得开心起来～🤩

这个故事引导幼儿开始学会用外界的暗示来开心的面对我们上学的每一天，并且也拥有发泄情绪的权利。",,,draft,2025-02-21 14:29:03,2025-02-21 14:28:49,2025-02-21 14:29:03,NULL,"{""id"": 1, ""code"": ""DNI00""}","[{""id"": 1296, ""label"": ""2025 N1 Giles Andreae""}]",NULL,[],[]
293437,album,说说我们的华文名字,"教师为小朋友们准备了每个人的头像和英文名中文名，今天我们一起来看看宝贝们能知道自己的华文名字吗？

教师请小朋友们先看照片，这是谁呀，有好多小朋友会抢答说出这个朋友的英文名，那么他/她的中文名会知道吗，经过引导和教师重复示范，小朋友们有认真聆听和重复其他有幼儿的华文名字，宝贝们都很棒👍👍，最后教师说出一个华文名字，请这个小朋友举手示意，可以把姓名头像卡片带回家哦，小朋友们都很积极，回家后也希望和爸爸妈妈说一说自己的华文名字。",,,draft,2025-02-21 14:51:34,2025-02-21 14:51:26,2025-02-21 14:51:33,NULL,"{""id"": 1, ""code"": ""DNI00""}","[{""id"": 1296, ""label"": ""2025 N1 Giles Andreae""}]",NULL,[],[]
293441,album,寻找小蜗牛🐌,"活动开展如下：经过倾听绘本和制作蜗牛的壳，幼儿对蜗牛的兴趣仍然存在，我们一起去户外找一找蜗牛在哪里呢！

教师引导幼儿想一想，蜗牛喜欢在什么地方玩呢？是飞飞的高高还是爬爬的低低的地方，小朋友们现在知道是爬的低低，所以我们一起蹲下来找一找看一看，转动闪亮的小眼睛搜索蜗牛的踪迹🤩。
过程中宝贝们找的特别认真，用小手指出来，让其他朋友一起看看，我们想要找到更多，不过由于最近的天气晴朗，没有下雨☔，所以蜗牛不爱出来呢，没关系，下次我们再来跟蜗牛打招呼把！

在活动中，锻炼幼儿的观察能力和细心耐心的品质，还能初步了解蜗牛在什么天气条件下爱出来玩。",,,draft,2025-02-21 15:04:49,2025-02-21 15:04:34,2025-02-21 15:04:49,NULL,"{""id"": 1, ""code"": ""DNI00""}","[{""id"": 1296, ""label"": ""2025 N1 Giles Andreae""}]",NULL,[],[]
293444,album,《夹出毛毛虫》,"教师为小朋友准备了有洞洞的纸盒，上面放置了一些“毛毛虫”，并且提供一些镊子可以让幼儿使用。
教师先做示范，使用镊子夹住毛毛虫，让它能够出来。再请小朋友们依次尝试，在刚开始的时候会出现对不准的情况，经过鼓励，宝贝们可以夹住毛毛虫啦，再多进行几次尝试，宝贝们的动作越来越快，夹的又快又准，很棒哦👍👍

在活动中锻炼幼儿的手眼协调能力，发展手指的精细动作。",,,draft,2025-02-21 15:22:14,2025-02-21 15:21:59,2025-02-21 15:22:13,NULL,"{""id"": 1, ""code"": ""DNI00""}","[{""id"": 1297, ""label"": ""2025 N1 Marcus Pfister""}]",NULL,[],[]
293446,album,《行进的毛毛虫》,"教师为幼儿准备了若干呼啦圈⭕️和障碍物🔺️，我们一起来体验一下毛毛虫如何从小小变大大行进的。
首先教师做示范，和其中一个小朋友配合串成一条短短的毛毛虫行进，幼儿都很感兴趣，开始正式活动。
我们的毛毛虫队伍变长了一点，有三个小朋友，大家开始行进的时候没有着急走的很快，遇到障碍物知道要避开，和前后的朋友配合的很好😊。随后我们增加难度，四个小朋友五个小朋友一起串成一条长长的毛毛虫，需要有幼儿注意前后朋友走路的速度，不能太快可能会摔倒，也不能过慢可能会在转弯处停住，需要保持均匀的速度。整体我们的宝贝做的特别好，出发前拿好自己的呼啦圈，出发后在行进过程中顺顺利利，转弯的时候大家一起配合，为小朋友点赞🥰🥰🥰

在活动中锻炼了幼儿的团队协作能力，学会和其他朋友一起完成任务。",,,draft,2025-02-21 15:38:46,2025-02-21 15:38:25,2025-02-21 15:38:45,NULL,"{""id"": 1, ""code"": ""DNI00""}","[{""id"": 1297, ""label"": ""2025 N1 Marcus Pfister""}]",NULL,[],[]
293447,album,户外活动-寻找树叶🍂🍃,"到了我们呼吸呼吸新鲜空气的时间⏰️，教师带领幼儿去大自然里走一走，在过程中我们听到了鸟声，叽叽喳喳，还循着声音看到了好几个黑色的小鸟在树上。目光往下移动，请我们的小朋友看看地上有没有树叶呢？
转动闪亮的眼睛找一找哪里有树叶，很快小朋友们找到一个又一个，并捡起来让大家看一看，每个宝贝都找到自己想要捡的树叶，最后我们让树叶“回家”，掉落的叶子还可以成为土壤新的养分哦

在过程中锻炼幼儿的观察能力，促进孩子们寻找关键事物的能力！",,,draft,2025-02-21 15:48:54,2025-02-21 15:48:41,2025-02-21 15:48:53,NULL,"{""id"": 1, ""code"": ""DNI00""}","[{""id"": 1297, ""label"": ""2025 N1 Marcus Pfister""}]",NULL,[],[]
293449,album,Loose Parts Bunny Run,"In this activity, children explore placing various loose parts into tunnels decorated as bunnies, with different tunnel sizes inviting experimentation with shapes and dimensions. They enjoy using heavier objects like large stones, noticing the sounds produced as they roll through. This activity fosters hand-eye coordination, spatial awareness, and problem-solving as children determine which objects fit. It also encourages sensory exploration through different textures, weights, and sounds, promoting curiosity and engagement in open-ended play.",,,published,2025-02-21 16:14:48,2025-02-21 16:14:37,2025-02-21 16:15:13,NULL,"{""id"": 18, ""code"": ""OMB01""}","[{""id"": 1283, ""label"": ""2025 Playgroup Emma Dodd""}]",NULL,[],[]
293450,album,Scoop and Play Exploration,"In this activity, children used various types of spoons and ladles to scoop colourful plastic balls, strengthening their hand-eye coordination and fine motor skills. This playful exploration helps develop the dexterity needed for self-feeding as they grow. Through this activity, children enhance their grip control, refine wrist movements, and build confidence in using utensils, supporting their independence in daily tasks.",,,published,2025-02-21 16:23:06,2025-02-21 16:22:53,2025-02-21 16:24:04,NULL,"{""id"": 18, ""code"": ""OMB01""}","[{""id"": 1283, ""label"": ""2025 Playgroup Emma Dodd""}]",NULL,[],[]
293454,post,Activities of the Week!,February Week 3,,,published,2025-02-21 23:27:47,2025-02-21 23:27:34,2025-02-21 23:30:59,NULL,"{""id"": 20, ""code"": ""TMJ""}","[{""id"": 1397, ""label"": ""2025 PG Campbell""}]",NULL,[],[]
293500,album,"""Here is the beehive""","The song ""Here is the Beehive"" provides a wonderful opportunity for young children to learn about numbers, vocabulary, and rhymes in a playful and engaging way. As children listen to the song, they are introduced to counting through the imagery of bees. The song’s lyrics encourage them to count up to five bees, helping to reinforce number recognition and the concept of counting in a fun, interactive manner.

After hearing the song, children are invited to engage with felt bee props that they can manipulate. As they move the felt bees according to the lyrics, they deepen their understanding of the song’s content, reinforcing their number skills and fine motor skills through hands-on play. Each bee corresponds to a specific line in the song, helping children physically connect the numerical values with the lyrics and the bees they move.

Additionally, this activity introduces vocabulary related to bees and nature. Words like ""hive,"" ""buzz,"" and ""fly"" expand the children’s language skills. Repeating the song and interacting with the felt bees also introduces them to rhyming patterns, as they become more familiar with the rhythm and melody of the song.

Overall, this experience supports early childhood development by fostering an understanding of numbers, enriching vocabulary, and encouraging auditory learning through rhyme and repetition.

Please find the link to the song in the post.",,https://www.youtube.com/watch?v=V5Bs9xydba0,published,2025-02-22 03:29:12,2025-02-22 03:17:26,2025-02-22 03:29:11,NULL,"{""id"": 1, ""code"": ""DNI00""}","[{""id"": 1296, ""label"": ""2025 N1 Giles Andreae""}]",NULL,[],[]
293511,post,《猜猜我有多爱你》角色扮演 - 兔妈妈和小兔子,绘本阅读《猜猜我有多爱你》中的角色幼儿们都能够基本了解，幼儿们尝试使用头饰和动作表达故事中的内容，幼儿们分别制作简易的头饰表达自己想要扮演的角色分别饰演了兔妈妈和小兔子，有的幼儿学着妈妈的动作表达自己对小兔子的爱，有的幼儿跟随妈妈的动作模仿自己对兔妈妈的爱，幼儿们能初步了解表达爱的不同方式，例如：我伸长手臂的高度代表我有多么爱妈妈；我对妈妈的爱就像河流一样长；我倒立在树旁代表我爱妈妈从头到脚趾。,,,draft,2025-02-22 03:36:36,2025-02-22 03:36:12,2025-02-22 03:36:36,NULL,"{""id"": 1, ""code"": ""DNI00""}","[{""id"": 1298, ""label"": ""2025 N2 Eric Carle""}]",NULL,[],[]
293515,album,✨ Creating the Bee Hive Dramatic Corner: Phase 2! ✨,"The children have been hard at work in phase 2 of building their very own bee hive dramatic corner! To make this space even more inviting and magical, they’ve decorated the door frame with rich brown paper, giving it a rustic, beehive-like appearance. Additionally, beautiful bees have been to the decorations, bringing the space to life!

But that's not all; fairy lights have been strung up, creating an enchanting illusion of honey glowing and illuminating from the hive. The children are now surrounded by the warm, inviting glow of their imaginative world!

Stay tuned as the children continue their creative journey. Next, they’ll be working on their very own bee keeper outfits to complete the dramatic corner and bring the hive experience to life! We can’t wait to see their transformation into little bee keepers and watch their imaginations soar!",,,published,2025-02-22 03:41:31,2025-02-22 03:41:16,2025-02-22 03:41:31,NULL,"{""id"": 1, ""code"": ""DNI00""}","[{""id"": 1296, ""label"": ""2025 N1 Giles Andreae""}]",NULL,[],[]
293517,post,探索声音 - 击打瓶子,幼儿们能够在各种不同的乐器中探索到不同的声音，那么其他材质的物品可以发出声音吗？幼儿们使用各种不同的工具，例如：汤匙，筷子，叉子，木棍等等进行击打瓶子的动作，听一听能够发出哪些声音，从活动中幼儿们从不同的角度来探索声音的奥秘，例如：一个空瓶子和一个装水的瓶子在击打过后能够发出怎样的声音？这些声音一样吗？幼儿们在老师的引导下说一说自己的看法并了解音乐的旋律。,,,draft,2025-02-22 03:45:07,2025-02-22 03:44:52,2025-02-22 03:45:06,NULL,"{""id"": 1, ""code"": ""DNI00""}","[{""id"": 1298, ""label"": ""2025 N2 Eric Carle""}]",NULL,[],[]
293521,album,Sneak Peek of the Bee Hive!,"The children couldn’t wait to share a sneak preview of the bee hive they’ve been working so hard on! While it's not quite finished yet, they’re already buzzing with excitement as they pose inside their almost completed dramatic corner. From the brown paper and bee cut-outs to the twinkling fairy lights, you can already feel the magic starting to come together!

Stay tuned for more as the bee hive continues to bloom! ",,,published,2025-02-22 03:54:49,2025-02-22 03:54:39,2025-02-22 03:54:49,NULL,"{""id"": 1, ""code"": ""DNI00""}","[{""id"": 1296, ""label"": ""2025 N1 Giles Andreae""}]",NULL,[],[]
293523,post,早期阅读《晚安》听觉体验,幼儿们使用耳机来进行早期阅读《晚安》的听觉体验，在活动中，幼儿们能认真专注的聆听阅读本中的内容，并跟随老师一起边听边点读，从而在听觉的体验中幼儿们跟能够结合声音来与书本中的词句来理解音字结合。,,,draft,2025-02-22 03:59:13,2025-02-22 03:59:03,2025-02-22 12:21:54,NULL,"{""id"": 1, ""code"": ""DNI00""}","[{""id"": 1298, ""label"": ""2025 N2 Eric Carle""}]",NULL,[],[]
293531,album,Creepy Crawlies Puppet Theatre,"The children have been diving into the world of puppet theatre, bringing their very own creepy crawlies to life! Each child was given a set of puppets to choose from, and they eagerly picked their favourite creepy crawler, whether it was a wiggly worm, a busy ant, or a spooky spider! 

Once they selected their characters, the fun really began! They animated their puppets, creating stories and coordinating with their friends to build exciting adventures. From team-ups between ants and ladybugs to daring journeys through the grass, the children worked together to weave their own tales and share their creativity with each other.

This activity is a great way for the children to develop their imagination, storytelling skills, and teamwork. It’s incredible to watch them work together, using their puppets to create dynamic, interactive play scenarios. ",,,published,2025-02-22 04:09:36,2025-02-22 04:09:16,2025-02-22 04:09:36,NULL,"{""id"": 1, ""code"": ""DNI00""}","[{""id"": 1296, ""label"": ""2025 N1 Giles Andreae""}]",NULL,[],[]
293532,album,第一学期第七周照片更新,这一周小朋友们同老师一起讨论了“如果妈妈不在家，我会帮忙做什么？”小朋友们说出很多自己可以帮忙做的事情，并且用绘画的形式表现出来，在老师的引导下，小朋友们将自己的绘画作品进行线条图形装饰，并且做成画轴 的形式进行展示。这一周我们也去了户外公园进行游戏，老师在早期阅读中还带小朋友们进行了装饰文字的游戏。,,,published,2025-02-22 04:09:53,2025-02-22 04:09:37,2025-02-22 04:09:52,NULL,"{""id"": 5, ""code"": ""DTH01""}","[{""id"": 1406, ""label"": ""2025 Kindergarten 1 Inventors""}]",NULL,[],[]
293540,album,Nature's Parade,"The children were invited to collect twigs and leaves during their outdoor time for an activity. They worked closely with their friends to gather the materials, talking excitedly about finding similar twigs or leaves. Back in class, the children were encouraged to observe the twigs and leaves, comparing them to find out which pieces were small/short, and which were big/long. They then engaged in a sequencing activity, where they worked in groups to place their twigs or leaves in order, from smallest to biggest, or shortest to longest.",,,draft,2025-02-22 04:37:00,2025-02-22 04:34:54,2025-02-22 04:37:00,NULL,"{""id"": 1, ""code"": ""DNI00""}","[{""id"": 1298, ""label"": ""2025 N2 Eric Carle""}]",NULL,[],[]
293544,album,Journal Reflection,"For this week's journal reflection, the children were asked, ""What would you like to do on the weekends?"" The children shared that on Saturdays and Sundays, they would not come to school. When asked what else they would like to do on these days, some children shared that they would like to play with mummy and daddy, go swimming, or find lots of animals, while some others shared their creative imaginations of playing with monsters and dinosaurs!",,,draft,2025-02-22 04:50:00,2025-02-22 04:49:35,2025-02-22 04:49:59,NULL,"{""id"": 1, ""code"": ""DNI00""}","[{""id"": 1298, ""label"": ""2025 N2 Eric Carle""}]",NULL,[],[]
293552,album,二月 第三周：户外体验-看马,"今天的户外活动我们去D'Resort 的马场看马，他们的名字叫Soniya和Ah Mui。
我们看到他们在草地奔跑还有吃草，好开心。

快来看看我们今天的照片吧！",,,published,2025-02-22 05:34:10,2025-02-22 05:33:57,2025-02-22 06:47:44,NULL,"{""id"": 10, ""code"": ""DTE01""}","[{""id"": 1310, ""label"": ""2025 Infant Mozart""}]",NULL,[],[]
293554,album,二月 第三周：你一半我一半,"活动目标：
通过谈话、歌曲、故事和儿歌，培养聆听和理解能力。

活动过程：
老师准备绘本《你一半我一半》和水果模型，向幼儿描述故事内容，配合故事内容鼓励幼儿使用水果模型模仿故事情节进行“你一半我一半”的活动，在过程中培养幼儿聆听故事、学习分享。",,,published,2025-02-22 05:49:10,2025-02-22 05:49:03,2025-02-22 05:49:10,NULL,"{""id"": 10, ""code"": ""DTE01""}","[{""id"": 1310, ""label"": ""2025 Infant Mozart""}]",NULL,[],[]
293558,album,February Week 3 ,Octaves and Ready Steady Go Kids enrichment classes,,,published,2025-02-22 07:41:42,2025-02-22 06:04:42,2025-02-22 08:17:01,NULL,"{""id"": 20, ""code"": ""TMJ""}","[{""id"": 1401, ""label"": ""2025 N1 Rosen""}]",NULL,[],[]
293559,album,二月 第三周：摇一摇拉一拉,"活动目标：
婴幼儿是自信、好奇和投入的学习者。

活动过程：
老师将物品藏在纸杯中并用橡皮筋和纸巾将纸杯盖住，鼓励幼儿摇一摇猜一猜纸杯里有什么东西，幼儿可以用手指将纸巾戳破也可以尝试将纸巾从橡皮筋拉出来，通过活动过程培养幼儿的好奇心及促进幼儿精细动作发展。",,,published,2025-02-22 06:11:35,2025-02-22 06:11:24,2025-02-22 06:11:34,NULL,"{""id"": 10, ""code"": ""DTE01""}","[{""id"": 1310, ""label"": ""2025 Infant Mozart""}]",NULL,[],[]
293565,post,Teaching Respect and Patience in Our Classroom,"Dear Parents,

In addition to our regular lessons, we also focus on building essential life skills, such as respect and patience. We watched a video showing different ways people demonstrate respect, followed by a discussion on how we can show respect to one another. One key takeaway was the golden rule: Treat others the way you want to be treated.

To reinforce patience and respectful communication, we introduced a technique, holding the hand of the person we want to speak to while waiting for our turn. This helps children practice waiting patiently and respecting ongoing conversations.

We appreciate your support in reinforcing these values at home.

Warmest Regards, 
K2 Teachers",,,published,2025-03-14 11:41:38,2025-02-22 06:47:07,2025-03-14 11:41:38,NULL,"{""id"": 1, ""code"": ""DNI00""}","[{""id"": 1301, ""label"": ""2025 K2 Debi Gliori""}]",NULL,[],[]
293567,album,第一学期 第七周：《我最喜爱的故事页面》,"活动目标：
1.运用不同的绘画工具进行艺术创作。
2.为幼儿提供机会赞赏和鼓励同伴，重视他人的努力与贡献。


活动过程：
通过阅读绘本《猜猜我有多爱你》，引导幼儿观察不同画面中兔子的变化，并请他们分享自己最喜欢的画面及原因。接着，幼儿使用蜡笔、彩色铅笔等材料，将最喜欢的画面通过绘画方式表达出来。在展示作品后，教师鼓励幼儿共同收拾材料，培养责任感。最后，幼儿围坐交流，分享自己使用的工具、颜色，并讨论小兔子和大兔子的不同之处，进一步加深对绘本内容的理解与体验。
",,,published,2025-02-22 07:25:23,2025-02-22 07:25:10,2025-02-22 07:25:56,NULL,"{""id"": 10, ""code"": ""DTE01""}","[{""id"": 1314, ""label"": ""2025 Nursery 2 Eric Carle""}]",NULL,[],[]
293571,album,February Week 3 Weekly Highlight,"After listening to the story, ""Pete the Cat and the Perfect Pizza Party"", the children were invited to create their own pizzas by choosing and adding various ""toppings."" This activity is a wonderful opportunity for the children to express their creativity and imagination, allowing them to explore different combinations and engage in hands-on learning while having fun. Additionally, it helped to foster their fine motor skills as they carefully picked up and placed the various materials onto their ""pizzas.""",,,published,2025-02-22 07:50:12,2025-02-22 07:48:29,2025-02-22 12:46:08,NULL,"{""id"": 20, ""code"": ""TMJ""}","[{""id"": 1401, ""label"": ""2025 N1 Rosen""}]",NULL,[],[]
293597,album,第一学期第七周活动照片,"Hi 家长们好！

本周老师与幼儿一起多次温习绘本故事后，幼儿们选择了自己喜欢的故事画面，并尝试使用不同彩笔进行绘画创作，然后进行了展示分享。幼儿们在绘画过程中能看出非常乐意在画纸上面涂涂画画，大部分幼儿能够控制笔的方向。也能够用简单的华语分享自己的作品。

老师与幼儿进行讨论关于兔子的种类和不同颜色的兔子，发现幼儿们对不同颜色的兔子特别感兴趣，并能说出非常多颜色的兔子。他们学习了句式：兔子是白色的。也鼓励幼儿能在句式中用不同颜色替换白色，也可以用不同物品替换兔子。最后幼儿们很有兴趣的画出来自己喜欢的小兔子。

幼儿们还展示分享了从家里带来的玩具兔子和故事书。幼儿在展示分享中能在老师的鼓励引导下使用华语进行分享。

我们学校二楼的种植园基本已经布置好了！幼儿们在户外活动时，可以随时进行观察及照顾这些植物花卉及蔬菜等，促进了幼儿们的感官体验和探索精神，激发了幼儿们对自然科学的兴趣。

",,,published,2025-02-22 10:08:38,2025-02-22 10:08:22,2025-02-23 03:44:11,NULL,"{""id"": 5, ""code"": ""DTH01""}","[{""id"": 1407, ""label"": ""2025 Nursery 2 Reflectors""}]",NULL,[],[]
293600,album,T1W7活动,"这周，小朋友们对故事书《逃家小兔》进行的深入的学习和讨论。
学习句型：如果你变成......，我就变成......
利用故事图片讲故事
故事创编和剪贴画《逃家小兔》等。
此外，小朋友们还参观了“lee kong chian museum”认识环境保护对野生动物的重要性。",,,published,2025-02-22 10:35:19,2025-02-22 10:18:13,2025-02-22 10:35:18,NULL,"{""id"": 5, ""code"": ""DTH01""}","[{""id"": 1405, ""label"": ""2025 Kindergarten 2 Risk-Takers""}]",NULL,[],[]
293605,album,February Week 3 ,17/2/25-21/2/25,,,published,2025-02-22 12:05:21,2025-02-22 12:04:23,2025-02-22 12:55:05,NULL,"{""id"": 20, ""code"": ""TMJ""}","[{""id"": 1401, ""label"": ""2025 N1 Rosen""}]",NULL,[],[]
293628,album,weekly update,"The little ones continued exploring body parts, focusing on the features of their faces. We finished the body tracing activity from last week, with each child pasting their picture onto the traced outline. They were introduced to the different parts of the face and encouraged to create their own faces using their pictures, pasting them onto a face template. They were also invited to add yarn or strings to represent hair.
The children were active, developing their gross motor skills as they practiced walking and balancing on the balance beam. To enhance their fine motor skills, they explored using tongue depressors, pulling them out of Styrofoam and placing them back in.

They also engaged with various musical instruments while listening to the song ""Head, Shoulders, Knees, and Toes.""

At Tiong Bahru Park, the children were absorbed in sensory exploration as they played with the sand.

Happy Weekend!",,,published,2025-02-23 10:58:40,2025-02-22 13:28:23,2025-02-23 10:58:39,NULL,"{""id"": 5, ""code"": ""DTH01""}","[{""id"": 1409, ""label"": ""2025 Playgroup Explorers""}]",NULL,[],[]
293650,album,English Speech and Drama ,"During their English Speech and Drama enrichment class, children brought to life everyday activities like eating, sleeping, reading, and playing, showcasing moments shared at home with their loved ones. They dramatised building houses and doing household tasks in different parts of the home, fostering creativity, imagination and teamwork. At the end of the session, children received stickers for their amazing performance!",,,published,2025-02-22 14:32:02,2025-02-22 14:31:21,2025-02-22 14:32:01,NULL,"{""id"": 18, ""code"": ""OMB01""}","[{""id"": 1284, ""label"": ""2025 N1 Christie Matheson""}]",NULL,[],[]
293653,album,Colourful Peacock Craft,"After reading ‘Birds of a Feather’ by Sita Singh, the children brought the story to life by creating a peacock craft. They started by selecting colorful feathers and pipe cleaners, each child choosing their favorite shades for the peacock's vibrant tail. The feathers and pipe cleaners were carefully attached to an ice cream stick with glue, creating a stunning tail.",,,published,2025-02-22 15:31:22,2025-02-22 15:29:20,2025-02-22 15:31:21,NULL,"{""id"": 18, ""code"": ""OMB01""}","[{""id"": 1284, ""label"": ""2025 N1 Christie Matheson""}]",NULL,[],[]
293654,album,Fun in the Outdoors,"Even in the heart of the city, the children are finding moments of connection with nature! On their outdoor exploration, they tuned into the sounds of birds, explored dried leaves, twigs, and fallen flowers, and soaked in the warmth of the morning sunlight and wind. A beautiful reminder that nature is always around us.",,,published,2025-02-22 15:48:33,2025-02-22 15:48:03,2025-02-22 15:48:33,NULL,"{""id"": 18, ""code"": ""OMB01""}","[{""id"": 1284, ""label"": ""2025 N1 Christie Matheson""}]",NULL,[],[]
293655,album,Bird Feathers Colour Matching and Sorting,"Feathers of different colours were hidden around the classroom and the children were invited to search for the hidden feathers. They were encouraged to count the number of feathers they found and sort them according to colour. They matched and poked the feathers onto the premade bird dough. 
",,,published,2025-02-22 16:01:54,2025-02-22 16:00:15,2025-02-22 16:01:54,NULL,"{""id"": 18, ""code"": ""OMB01""}","[{""id"": 1284, ""label"": ""2025 N1 Christie Matheson""}]",NULL,[],[]
293684,album,Happy Birthday Freya!,Thank you for celebrating your special day with us! :),,,published,2025-02-23 01:28:52,2025-02-23 01:28:48,2025-02-23 01:28:51,NULL,"{""id"": 18, ""code"": ""OMB01""}","[{""id"": 1284, ""label"": ""2025 N1 Christie Matheson""}]",NULL,[],[]
293689,album,Term 1 Week 7: Our KidZania Plan!,"Learning Objectives: 

• To help children understand different occupations and their roles in society.
• To develop decision-making skills by voting on key areas of interest.
• To introduce the concept of financial literacy by exploring earning and spending money.

In preparation for our upcoming trip to KidZania, the children participated in a class discussion to decide on five key areas they would like to visit. Using a voting process, they selected the top occupations they were most excited to explore. If time permits, they will have the opportunity to visit additional areas with teachers or parents.

Through this discussion, the children learned about different jobs, whether each role allows them to earn or spend money, and how these experiences align with their interests. To extend their learning, they illustrated their chosen occupations, which we will be compiling into a special parent-child booklet.


Date of activity: 20th February 2025",,,published,2025-02-23 01:51:53,2025-02-23 01:51:48,2025-03-11 13:22:46,NULL,"{""id"": 10, ""code"": ""DTE01""}","[{""id"": 1316, ""label"": ""2025 Kindergarten 2 Elgar""}]",NULL,[],[]
293691,album,CNY Performance (Pasir Ris Central),"Our long-awaited Chinese New Year performance took place last Saturday, and the children’s hard work truly shone on stage! After weeks of dedicated practice, they delivered a fantastic performance that made us all proud.

We were also honored to have MP Desmond Tan join us for the celebration. A big thank you to all the children for their wonderful efforts and to our supportive parents for cheering them on!",,,published,2025-02-23 02:03:39,2025-02-23 02:03:26,2025-02-23 02:03:39,NULL,"{""id"": 10, ""code"": ""DTE01""}","[{""id"": 1316, ""label"": ""2025 Kindergarten 2 Elgar""}]",NULL,[],[]
293693,album,ThinkersBox,"During this class, the children were invited to use toy counters to follow different lines and search for matching images of boys and girls. ",,,published,2025-02-23 02:29:11,2025-02-23 02:29:03,2025-02-23 02:29:11,NULL,"{""id"": 18, ""code"": ""OMB01""}","[{""id"": 1284, ""label"": ""2025 N1 Christie Matheson""}]",NULL,[],[]
293738,album,Reading of ‘The Very Hungry Caterpillar’ and ‘The Very Busy Spider’ 🐛🕷️,"This week, we revisited Eric Carle’s stories, focusing on creepy crawlies, which the children are very interested in. Since they recently watched a live performance of these stories at the Victoria Theatre, they were excited to remember the different animals that visited the spider and the foods the caterpillar ate. They eagerly shared their thoughts and answered questions during storytime, helping to build their love for stories and confidence in speaking and listening. 📚",,,published,2025-02-23 05:29:16,2025-02-23 05:29:11,2025-02-23 05:29:15,NULL,"{""id"": 1, ""code"": ""DNI00""}","[{""id"": 1296, ""label"": ""2025 N1 Giles Andreae""}]",NULL,[],[]
293740,album,Creating a colourful ladybug garden! 🐞,"This week, for our craft activity, the children created their own ladybugs using paper plates and paint. They were excited to choose from a variety of colours, including orange, green, and red, and were already discussing their choices even before the activity started. After painting their ladybugs, they used sponge tools dipped in black paint to stamp spots onto the wings. The final result was a vibrant and colourful ladybug garden, which is now proudly displayed in our classroom! This activity encouraged the children’s creativity and love for art while allowing them to explore colours and different painting techniques.",,,published,2025-02-23 05:42:23,2025-02-23 05:42:13,2025-02-23 05:42:23,NULL,"{""id"": 1, ""code"": ""DNI00""}","[{""id"": 1296, ""label"": ""2025 N1 Giles Andreae""}]",NULL,[],[]
293761,album,Hot and Cold,"The teacher prepared two bottles and filled it up with both warm and iced water. Upon receiving, Isaac picked up both bottles and explored with it. When Isaac hold up a bottle, the teacher would let him know that it's cold and he would imitate the word ""cold"". 

This activity develop connection between words, picture, objects (naming pictures and objects)
",,,published,2025-02-23 07:56:01,2025-02-23 06:35:00,2025-02-23 07:56:01,NULL,"{""id"": 16, ""code"": ""MBS""}","[{""id"": 1376, ""label"": ""2025 Infant Joy""}]",NULL,[],[]
293763,album,Transition to Playgroup week 2 - Getting to know my new classmates!,The teacher brought Isaac to the Playgroup class and introduced him to his new teachers and friends! ,,,published,2025-02-23 07:56:21,2025-02-23 06:38:31,2025-02-23 07:56:20,NULL,"{""id"": 16, ""code"": ""MBS""}","[{""id"": 1376, ""label"": ""2025 Infant Joy""}]",NULL,[],[]
293764,album,Transition to Playgroup week 1- Trying out childcare's menu!,The teacher brought food from the childcare and introduced it to Isaac. ,,,published,2025-02-23 07:55:39,2025-02-23 06:44:02,2025-02-23 07:55:38,NULL,"{""id"": 16, ""code"": ""MBS""}","[{""id"": 1376, ""label"": ""2025 Infant Joy""}]",NULL,[],[]
293769,album,Outdoor Play,"Isaac went to the playground with his peers and explored the area and the facilities!

This activity develop a beginning understanding of the physical properties of materials through exploration.",,,published,2025-02-23 07:55:22,2025-02-23 07:05:58,2025-02-23 07:55:21,NULL,"{""id"": 16, ""code"": ""MBS""}","[{""id"": 1376, ""label"": ""2025 Infant Joy""}]",NULL,[],[]
293774,album,T1W7: Growth Timeline,"The children talked about their photos, from infancy to preschool years. They shared their experiences, and at the end of the activity, they brainstormed and discussed what they can do as they grow.

Learning objectives:
- Begin to verbalise what they observe with regards to their growth milestones.
- Children will talk about events from the past


The activity was conducted from 17 to 21 of February.",,,published,2025-02-23 07:24:49,2025-02-23 07:24:45,2025-02-23 07:24:48,NULL,"{""id"": 10, ""code"": ""DTE01""}","[{""id"": 1314, ""label"": ""2025 Nursery 2 Eric Carle""}]",NULL,[],[]
293776,album,T1W7 Show and Tell,Children shared and talked their activities during weekends.,,,published,2025-02-23 07:29:29,2025-02-23 07:29:26,2025-02-23 07:29:29,NULL,"{""id"": 10, ""code"": ""DTE01""}","[{""id"": 1314, ""label"": ""2025 Nursery 2 Eric Carle""}]",NULL,[],[]
293780,album,Crawling through the tunnel!,"The teacher placed the tunnel in front of Josiah and went over to the other side and called his name. Upon hearing his name, Josiah peeped in the tunnel and crawled towards the teacher. 

This activity develop sense of self (connecting themselves to their names). ",,,published,2025-02-23 07:57:40,2025-02-23 07:40:40,2025-02-23 07:57:40,NULL,"{""id"": 16, ""code"": ""MBS""}","[{""id"": 1376, ""label"": ""2025 Infant Joy""}]",NULL,[],[]
293782,album,Touch and feel the water,"The teacher placed Josiah on the bath cradle and placed the rain shower above his eye level. Josiah reached out for the water and giggled when the water touches his hand. He would track the movement of the water and touches it as it goes. 

This activity foster Early Numeracy concepts through routines, transitions, free exploration. ",,,published,2025-02-23 07:57:28,2025-02-23 07:47:04,2025-02-23 07:57:28,NULL,"{""id"": 16, ""code"": ""MBS""}","[{""id"": 1376, ""label"": ""2025 Infant Joy""}]",NULL,[],[]
293783,album,Chase after the ball!,"The teacher placed a rattle ball in front of Josiah and he began to crawl towards the ball. When he reaches the ball, he would push the ball away and crawled towards it. 

This activity foster gross motor development as well as hand eye coordination.",,,published,2025-02-23 07:57:12,2025-02-23 07:50:42,2025-02-23 07:57:12,NULL,"{""id"": 16, ""code"": ""MBS""}","[{""id"": 1376, ""label"": ""2025 Infant Joy""}]",NULL,[],[]
293786,album,My first solid food in school!,"Josiah tried different fruits and vegetables puree in school!

This activity foster beginning healthy eating habits (through different textures and food)",,,published,2025-02-23 07:56:49,2025-02-23 07:54:54,2025-02-23 07:56:49,NULL,"{""id"": 16, ""code"": ""MBS""}","[{""id"": 1376, ""label"": ""2025 Infant Joy""}]",NULL,[],[]
293803,album,Reaching out for toys!,"Jaius was placed in a tummy position with toys surrounding him. The teacher encouraged him to reach for the toys by shaking and tapping them. He was smiling and showed excitement in reaching out for the toys. Jaius extended both arms forward, aiming and grabbing the toys. He also rolled his body to the side to get closer to the toys nearby. This activity fosters his gross motor development.",,,published,2025-02-23 10:22:27,2025-02-23 08:38:56,2025-02-23 10:22:26,NULL,"{""id"": 16, ""code"": ""MBS""}","[{""id"": 1376, ""label"": ""2025 Infant Joy""}]",NULL,[],[]
293806,album,Inserting straws in ,"Elle was given a recycled egg tray with small holes. Using her pincer grip, she picked up the straws from the mat and focused on inserting them into the holes. Once she finished, she picked up more straws and found other holes to insert them in. Elle was focused and determined to complete the activity. She take her time to carefully place each straw too. This activity fosters fine motor development as well as develop focus and concentration sustained involvement. 

",,,published,2025-02-23 10:24:35,2025-02-23 08:44:22,2025-02-23 10:24:35,NULL,"{""id"": 16, ""code"": ""MBS""}","[{""id"": 1376, ""label"": ""2025 Infant Joy""}]",NULL,[],[]
293811,album,Ribbons and bells ,Jaius was lying/tummy down on the mat when the teacher held a bell shaker with colourful ribbons in front of him. He was curious and reached out his hands to touch and grab the ribbons. Jaius moved his fingers through the soft ribbons while looking at them closely. He also kicked his legs in excitement as he heard the jingling sound of the bells. This activity fosters sensory exploration and hand-eye coordination.,,,published,2025-02-23 10:21:19,2025-02-23 08:53:11,2025-02-23 10:21:18,NULL,"{""id"": 16, ""code"": ""MBS""}","[{""id"": 1376, ""label"": ""2025 Infant Joy""}]",NULL,[],[]
293813,album,Picture book ,"Jaius observed the cloth book as the teacher describe to him what is on each page. He listened and placed his hands to touch and feel the texture of the book. Jiaus was intrigued by the bold colors as well as the pictures on each page. This activity fosters interaction between adults and children.
",,,published,2025-02-23 10:20:59,2025-02-23 08:55:20,2025-02-23 10:20:58,NULL,"{""id"": 16, ""code"": ""MBS""}","[{""id"": 1376, ""label"": ""2025 Infant Joy""}]",NULL,[],[]
293824,album,Scooping activity ,"Elle was given two bowls, a ladle, and a set of colourful balls. She used the ladle to scoop up the balls from one bowl and carefully transfer them to the other. Elle focused as she aimed and balanced the balls in the ladle. She kept trying even when some balls might be more challenging to scoop up. This activity foster hand-eye coordination and develop focus and concentration sustained involvement ",,,published,2025-02-23 10:25:28,2025-02-23 09:25:04,2025-02-23 10:25:28,NULL,"{""id"": 16, ""code"": ""MBS""}","[{""id"": 1376, ""label"": ""2025 Infant Joy""}]",NULL,[],[]
293830,album,Octaves,"This session's focus was on songs and dances about different types of pets. One they really enjoyed was a toy parrot which imitated all the words and sounds they created. Apart from this, they were able to explore using the resonator bar as they sang animal sounds in a specific rhythm Ms. Maggie taught them. ",,,published,2025-02-23 10:09:01,2025-02-23 10:08:54,2025-02-24 00:28:05,NULL,"{""id"": 18, ""code"": ""OMB01""}","[{""id"": 1284, ""label"": ""2025 N1 Christie Matheson""}]",NULL,[],[]
293831,album,Name and Clap!,"This is a simple activity with the children aiming to foster a sense of self as they join the group in saying their names through a simple chant that goes... “Everyone has a special name! Let’s take turns saying our names while we clap together! “My name is [your name]!” while clapping syllables in your name (e.g., “Car-la” = 2 claps). ",,,published,2025-02-23 10:18:02,2025-02-23 10:17:57,2025-02-23 10:18:02,NULL,"{""id"": 18, ""code"": ""OMB01""}","[{""id"": 1284, ""label"": ""2025 N1 Christie Matheson""}]",NULL,[],[]
293832,album,Term 1 EL Learning Journey to Marina Barrage,"Last Friday, February 21st, the children participated in a Family bonding activity at the Green Roof in Marina Barrage.

The children had the opportunity to fly kites with their family and play with bubbles. They had a lot of fun with their friends and families and enjoyed their picnic at the Green Roof. We are glad that the children could spend meaningful time with their family members and friends through the kite-flying and picnic activity.         

Prior to the Learning Journey, the children also showcased their DIY kites during the Show and Tell activity. They proudly shared about their kites, such as their contributions such as colouring, pasting and drawing during making their kites.         ",,,published,2025-02-23 10:19:37,2025-02-23 10:19:19,2025-02-23 11:49:45,NULL,"{""id"": 10, ""code"": ""DTE01""}","[{""id"": 1315, ""label"": ""2025 Kindergarten 1 Darwin""}]",NULL,[],[]
293833,album,Chinese New Year Performance 2025,"On the 22nd of February, the children participated in a public performance as part of their community engagement. They performed a Chinese New Year song. This performance gave the children the opportunity to step out of their comfort zone and enjoy dancing in front of an audience, such as members of the public. Their performance was met with enthusiastic claps and cheers from the audience. Kudos to the K1 Darwin children who participated in the performance!",,,published,2025-02-23 10:20:52,2025-02-23 10:20:47,2025-02-23 10:21:16,NULL,"{""id"": 10, ""code"": ""DTE01""}","[{""id"": 1315, ""label"": ""2025 Kindergarten 1 Darwin""}]",NULL,[],[]
293839,post,看书,今天，我很认真地翻看了《好饿的毛毛虫》的故事书，里面的图画很好看哦！,,,published,2025-02-23 11:47:47,2025-02-23 11:47:45,2025-02-23 11:47:46,NULL,"{""id"": 1, ""code"": ""DNI00""}","[{""id"": 1302, ""label"": ""2025 Infant Karen Katz""}]",NULL,[],[]
293840,album,Let's Leap!,"Children participated in a movement activity by moving around the space on narrow paths without bumping into things. They learnt and practised how to leap over the obstacles (e.g. Cones, rope) in front of them.",,,published,2025-02-23 12:30:00,2025-02-23 11:50:19,2025-02-23 12:29:59,NULL,"{""id"": 16, ""code"": ""MBS""}","[{""id"": 1381, ""label"": ""2025 Nursery 2 Love""}]",NULL,[],[]
293841,post,我和手偶小动物,手偶青蛙和小熊真可爱，它们开心我也开心，有空经常玩一玩啊,,,published,2025-02-23 11:51:58,2025-02-23 11:51:56,2025-02-23 11:51:57,NULL,"{""id"": 1, ""code"": ""DNI00""}","[{""id"": 1302, ""label"": ""2025 Infant Karen Katz""}]",NULL,[],[]
293842,post,朋友,为了更熟悉朋友，老师为我准备了朋友的照片，她在一旁为我说出朋友的名字,,,draft,2025-02-23 12:08:43,2025-02-23 12:08:40,2025-02-23 12:08:43,NULL,"{""id"": 1, ""code"": ""DNI00""}","[{""id"": 1302, ""label"": ""2025 Infant Karen Katz""}]",NULL,[],[]
293843,album,Let's walk through the jungle!,"Children followed the beat of the song ""Let’s Walk Through the Jungle"" using their body movements (e.g. walk, tiptoe, and stomp). They stopped moving on ‘STOP’, listened to the animal's sound, and identified the name of the animal that made the sound.",,,published,2025-02-23 12:30:33,2025-02-23 12:10:16,2025-02-23 12:30:32,NULL,"{""id"": 16, ""code"": ""MBS""}","[{""id"": 1381, ""label"": ""2025 Nursery 2 Love""}]",NULL,[],[]
293844,post,看书,我爰看美丽的图案，喜欢色彩缤纷的颜色，看书，是我的喜好之一。,,,draft,2025-02-23 12:13:05,2025-02-23 12:13:02,2025-02-23 12:13:05,NULL,"{""id"": 1, ""code"": ""DNI00""}","[{""id"": 1302, ""label"": ""2025 Infant Karen Katz""}]",NULL,[],[]
293845,album,身体部位名称,幼儿在镜子面前观察自己，教师带领幼儿复习自己的身体部位名称，然后教师发出指令，幼儿根据指令指出来相对应的身体部位。,,,published,2025-02-23 12:14:41,2025-02-23 12:13:54,2025-02-23 12:14:40,NULL,"{""id"": 16, ""code"": ""MBS""}","[{""id"": 1380, ""label"": ""2025 Nursery 1 Courage""}]",NULL,[],[]
293846,album,找一找,教师先带领小朋友们复习自己的华文名字，然后教师将照片藏在或者粘贴在课室内，幼儿开始找自己的照片，找到自己的照片需要说出自己的华文名字，如果找到朋友的照片需要将照片拿给他的朋友并说出华文名字。,,,published,2025-02-23 12:24:44,2025-02-23 12:24:06,2025-02-23 12:24:43,NULL,"{""id"": 16, ""code"": ""MBS""}","[{""id"": 1380, ""label"": ""2025 Nursery 1 Courage""}]",NULL,[],[]
293847,album,Let's walk and talk about our feelings,"Children walked around a small designated area (inside the classroom or nature walk) and pointed out objects, places, or things they saw. They discussed how and why these things made them feel—happy, calm, excited.",,,published,2025-02-23 12:29:29,2025-02-23 12:26:06,2025-02-23 12:29:28,NULL,"{""id"": 16, ""code"": ""MBS""}","[{""id"": 1381, ""label"": ""2025 Nursery 2 Love""}]",NULL,[],[]
293849,album,The Itsy Bitsy Spider 🕷️,"We were introduced to the nursery rhyme The Itsy Bitsy Spider and had fun learning both the lyrics and accompanying actions. As we recited the rhyme together, we used little spider puppets, raising them high when the “spider climbed up the water spout” and lowering them as we sang “down came the rain and washed the spider out.” To make the experience even more interactive, we were given makeshift waterspouts with spiders attached to strings, allowing us to slide them up and down in sync with the song. This hands-on activity made the rhyme even more engaging and helped us strengthen our coordination and fine motor skills.",,,published,2025-02-23 12:42:55,2025-02-23 12:42:41,2025-02-23 12:42:54,NULL,"{""id"": 1, ""code"": ""DNI00""}","[{""id"": 1297, ""label"": ""2025 N1 Marcus Pfister""}]",NULL,[],[]
293850,album,小手和小脚,教师将画有脚和手的照片画出来，贴在课室的地板上，并向幼儿演示活动的流程。幼儿开始进行活动，看到脚的图片就上去用小脚踩一踩，看到手的图片就用小手去拍一拍。,,,published,2025-02-23 12:49:16,2025-02-23 12:48:22,2025-02-23 12:49:15,NULL,"{""id"": 16, ""code"": ""MBS""}","[{""id"": 1380, ""label"": ""2025 Nursery 1 Courage""}]",NULL,[],[]
293855,album,We are very busy spiders. 🕷️🕸️,"We were introduced to The Very Busy Spider by Eric Carle, a story about a diligent spider who spent the entire day spinning her web. As various farm animals approached, inviting her to play, she remained focused on her task. By the end of the story, she had completed her web and used it to catch a fly. Through this engaging tale, we learned about persistence, hard work, and the importance of staying focused on our goals.

To bring our learning to life, we worked together to create our own spiderweb in a corner of our classroom. Using white cotton twine, we carefully stretched and secured the string from wall to wall. We had to be extra mindful to pull it taut to prevent the web from sagging, ensuring it was strong enough to ""catch"" our fly food. This task proved slightly challenging, requiring patience, teamwork, and plenty of support from our teacher as we figured out how to properly pull and secure the string. Once satisfied with our web, we crafted our own little ""flies"" by crumpling and bunching up newspaper into small balls. With great excitement, we took turns tossing them at our web, mimicking how real flies get trapped when they fly into a spider's web. This hands-on activity not only reinforced the story’s message but also encouraged teamwork, problem-solving, and fine motor skill development.

In the afternoon, as an extension of our learning, we created a simpler spiderweb to be placed in our learning corner. Using contact paper, we set up a sticky base on a table and carefully arranged strips of white cotton twine on top to resemble a spiderweb. To make the experience even more engaging, we were given two plastic spiders, allowing us to role-play and bring our web to life through imaginative dramatization. ",,,published,2025-02-23 13:10:06,2025-02-23 13:09:34,2025-02-23 13:10:05,NULL,"{""id"": 1, ""code"": ""DNI00""}","[{""id"": 1297, ""label"": ""2025 N1 Marcus Pfister""}]",NULL,[],[]
293860,album,Making Our Spiders and their Web! 🕷️🕸️,"We culminated our exploration of spiders with a multi-day art project that combined creativity, fine motor skills, and sensory play. This artwork consisted of two parts: creating a spiderweb and crafting a spider to attach to it.

To create our spiderwebs, we used white paint on black paper. We placed the black paper inside a plastic container and added a few drops of white paint. Then, we placed several metal balls into the container and tilted it back and forth, watching as the balls rolled around, spreading the paint in unique streaks across the paper. The result was a beautiful, intricate design that resembled a spiderweb. 🕸️

For the second part, we created our own spiders to attach to our webs. Using egg cartons as the body, we painted them black and patiently waited for the paint to dry. Once ready, we added googly eyes and bent pipe cleaners to form legs, which our teacher helped us attach to the body. Finally, to complete our artwork, our teacher assisted us in securing our spiders to the webs with white cotton twine, making it look like they were dangling from their webs. ",,,published,2025-02-23 13:39:09,2025-02-23 13:38:30,2025-02-23 13:40:16,NULL,"{""id"": 1, ""code"": ""DNI00""}","[{""id"": 1297, ""label"": ""2025 N1 Marcus Pfister""}]",NULL,[],[]
293938,album,剥鸡蛋和鹌鹑蛋,"教师向幼儿展示煮熟的鸡蛋和鹌鹑蛋，并引导他们剥蛋。首先，让幼儿单手握住鸡蛋或鹌鹑蛋，轻轻在盘子边缘上下敲击，使蛋壳出现裂纹。然后，鼓励他们用指尖小心地剥去蛋壳，体验剥蛋的过程。
",,,published,2025-02-24 00:40:49,2025-02-24 00:32:34,2025-02-24 00:40:48,NULL,"{""id"": 18, ""code"": ""OMB01""}","[{""id"": 1284, ""label"": ""2025 N1 Christie Matheson""}]",NULL,[],[]
293939,post,五只小鸟,"这是幼儿们这周即将学习的儿歌《五只小鸟》，家长也可以在家和幼儿们一起练习！:) 

歌词：
五只小鸟要回家
五个树杈欢迎它
小鸟飞回鸟巢里
叽叽喳喳叫妈妈
",,http://xhslink.com/a/kH12maO75vS4,published,2025-02-24 00:42:16,2025-02-24 00:42:16,2025-02-24 00:42:16,NULL,"{""id"": 18, ""code"": ""OMB01""}","[{""id"": 1284, ""label"": ""2025 N1 Christie Matheson""}]",NULL,[],[]
293946,album,Term 1 Week 7,"Dear Parents,

The teacher began by reading The Dot aloud, emphasizing the message that everyone has unique talents and the potential to create something amazing. After the story, the teacher introduced a ""Talent Exploration Fair"" with stations featuring different art forms beyond painting, such as music, dance, storytelling, and craft-making. At each station, children see or hear examples of creative talents (e.g., a short video of a storyteller, a simple rhythm to play, or a demonstration of a dance move). Inspired by The Dot, children were encouraged to choose one station and explore their own creative talent, whether by drawing a dot-based art piece, trying a simple dance move, creating a short rhythm, or telling a short imaginative story. The teacher reminded them of Vashti’s journey in the book and how she discovered her ability by starting with just one dot.


For Math Mind, children were given a row of loose materials with an incomplete pattern (e.g., ABBABB_ or ABABAB__). The children  predicted and completed the sequence by choosing the appropriate tiles from a selection. To extend the activity, they created their own patterns using the materials and invited peers to solve them. The teacher discussed the importance of making deliberate choices and supporting one another during collaborative problem-solving.

Kind regards,
Teacher Karen
",,,published,2025-02-27 03:48:03,2025-02-24 04:23:25,2025-02-27 03:48:02,NULL,"{""id"": 5, ""code"": ""DTH01""}","[{""id"": 1405, ""label"": ""2025 Kindergarten 2 Risk-Takers""}]",NULL,[],[]
293972,album,小实验---油、水和洗洁精的相溶,我们来做个小实验，看看油和水是否相溶，放入洗洁精后又会发生什么样的变化，让我们一探究竟！    2025年2月19日,,,draft,2025-02-24 05:49:02,2025-02-24 05:48:39,2025-02-24 05:49:01,NULL,"{""id"": 18, ""code"": ""OMB01""}","[{""id"": 1287, ""label"": ""2025 K1 Jo Empson""}]",NULL,[],[]
294037,album,二月 第四周：我可以拿到玩具,"活动目标：
发展身体动作的协调能力与空间知觉。

活动过程：
今天我们一起做活动，老师将绳子绑在玩具上，小朋友们伸手握住绳子，同时将绳子向自己的方向拉动。
能够爬行的小朋友则是接受更进一步的挑战，由老师绳子小朋友调节自身速度来追上被老师拉动着的玩具，通过活动过程促进小朋友身体动作协调能力。",,,draft,2025-02-24 08:08:04,2025-02-24 07:55:26,2025-02-24 08:08:04,NULL,"{""id"": 10, ""code"": ""DTE01""}","[{""id"": 1310, ""label"": ""2025 Infant Mozart""}]",NULL,[],[]
294057,album,音乐课,"24/02/2025

  请查收本周的音乐课活动照片！",,,published,2025-02-24 09:43:53,2025-02-24 09:43:19,2025-02-24 09:43:52,NULL,"{""id"": 20, ""code"": ""TMJ""}","[{""id"": 1404, ""label"": ""2025 K1 Bailey""}]",NULL,[],[]
294196,album,February Week 3: My Body Craft,"Learning Objective:
-Foster an interest in art (drawing, painting, modelling, collage, work etc)

Children were encouraged to create a “my body” craft using materials such as leafs, twigs and branches. 

Date of activity: 17-21 February 2025 ",,,published,2025-02-25 03:22:05,2025-02-25 03:21:51,2025-02-25 03:22:04,NULL,"{""id"": 10, ""code"": ""DTE01""}","[{""id"": 1312, ""label"": ""2025 Nursery 1 Lois Ehlert""}]",NULL,[],[]
294213,album,K2 Potter's Talent Showcase!,Take a look at the little ones showcase their Talent Scrapbooks and proudly demonstrate their talents to the class!,,,published,2025-02-25 04:13:26,2025-02-25 04:06:13,2025-02-28 05:13:52,NULL,"{""id"": 20, ""code"": ""TMJ""}","[{""id"": 1432, ""label"": ""2025 K2 Potter""}]",NULL,[],[]
294250,album,Taste Test!,"We explored our sense of taste through a taste test! The children enjoyed a tasting session where they tried ingredients of different tastes (sweet, sour, salty, bitter, spicy)
At the end of the session, everyone voted for the ingredient/taste that they prefer!",,,draft,2025-02-25 05:43:37,2025-02-25 05:42:42,2025-02-25 05:43:37,NULL,"{""id"": 18, ""code"": ""OMB01""}","[{""id"": 1286, ""label"": ""2025 N2 Kevin Henkes""}]",NULL,[],[]
294261,album,Weekly Highlight: Term 1 Week 8!,"This week, K2 Potter went on an inspiring musical adventure to honour their unique abilities with the song ""This Is Me"" from The Greatest Showman. The children were introduced to this empowering anthem, and delved into the song's chorus and key verses, paying attention to its dynamics and tempo changes. They then creatively modified a short line from the song to showcase their talent, such as ""This is me, I love to dance.""",,,published,2025-02-25 06:06:26,2025-02-25 06:05:08,2025-02-25 06:06:25,NULL,"{""id"": 20, ""code"": ""TMJ""}","[{""id"": 1432, ""label"": ""2025 K2 Potter""}]",NULL,[],[]
294284,album,二月第四周：黄色小鸭的探索,"活动目:
通过玩有回馈动作的玩具（如：按压一个会嘎嘎叫的玩具）、探索材料（如：吹泡泡）和阅读书籍等活动，初步发展婴幼儿对于因果关系的感知

活动描述:  
老师在幼儿面前放上几只黄色的小鸭子，吸引着幼儿好奇的目光。幼儿伸出小手，轻轻触摸、抓握，或是好奇地拍打着小鸭子。当幼儿按压小鸭子时，鸭子发出“嘎嘎”的声音，逗得他们睁大眼睛，露出惊喜的表情。老师温柔地引导：“听，鸭子在叫呢！” 月龄较大的幼儿则玩得更加投入，他们双手握住小鸭子，相互碰撞，发出“嘎嘎嘎”的声音，或是将小鸭子敲在地面上，感受声音的变化。这个过程中，幼儿不仅体验了探索的乐趣，还逐步感知到因果关系，促进了认知发展。",,,published,2025-02-25 07:27:01,2025-02-25 07:01:06,2025-02-25 07:27:01,NULL,"{""id"": 10, ""code"": ""DTE01""}","[{""id"": 1310, ""label"": ""2025 Infant Mozart""}]",NULL,[],[]
294308,album,精彩活动：第一学期 第八周,请家长们查阅本周精彩活动！,,,published,2025-02-25 08:44:07,2025-02-25 08:42:34,2025-02-25 08:44:07,NULL,"{""id"": 20, ""code"": ""TMJ""}","[{""id"": 1432, ""label"": ""2025 K2 Potter""}]",NULL,[],[]
294311,post,The Family Activity News,"To find out more about what their peers do with their families, the children were grouped into threes where they took turns to be the news reporter, videographer, and bystander. With the teacher's guidance, the children asked questions such as, ""What do you like to do with your daddy and mummy on a Saturday?"", ""What do you usually play with your siblings at home?"", and ""What activities do you do at home or outside?""

Through this interview process, the children gained a better understanding that not all families do the same things and that different families have different ways of spending time together.",,,published,2025-02-28 06:54:46,2025-02-25 08:59:52,2025-02-28 06:54:46,NULL,"{""id"": 1, ""code"": ""DNI00""}","[{""id"": 1300, ""label"": ""2025 K1 David McKee""}]",NULL,[],[]
294348,post,练习坐,经过认真刻苦的练习，我进步了很多！看！我可以独自坐将近10秒钟了！,,,published,2025-02-25 11:35:39,2025-02-25 11:35:36,2025-02-25 11:35:39,NULL,"{""id"": 1, ""code"": ""DNI00""}","[{""id"": 1302, ""label"": ""2025 Infant Karen Katz""}]",NULL,[],[]
294349,post,喝水,今天我第一次用吸管杯喝水，我喜欢哦！我可以把水吸起来了！,,,published,2025-02-25 11:37:40,2025-02-25 11:37:35,2025-02-25 11:37:40,NULL,"{""id"": 1, ""code"": ""DNI00""}","[{""id"": 1302, ""label"": ""2025 Infant Karen Katz""}]",NULL,[],[]
294375,album,精彩活动 二月第四周 铃鼓响起来,"老师邀请幼儿围成圆圈，提供铃鼓，然后播放歌曲《我的身体》《我的多变心情天气》《身体音阶歌》等歌曲，鼓励幼儿尝试跟着歌曲节奏进行演奏和律动。
        通过使用小的打击乐器，培养幼儿对音乐与律动的兴趣和喜好，从而实现婴幼儿是自信、好奇和投入的学习者[持续的参与、注意力、解决问题和语言能力]的学习成果。",,,published,2025-02-28 05:05:08,2025-02-25 14:34:09,2025-02-28 05:05:08,NULL,"{""id"": 20, ""code"": ""TMJ""}","[{""id"": 1402, ""label"": ""2025 N1 Kelly""}]",NULL,[],[]
294378,album,品尝蝶豆花饭,孩子们用心照料社区花园，观察其成长并收获成果，并采摘了蝶豆花制作蓝色米饭，搭配班兰增香和酸柑调味，亲身体验从种植到烹饪的乐趣。感谢孩子们对花园的细心照顾，让植物茁壮成长！,,,published,2025-02-25 23:13:06,2025-02-25 23:12:57,2025-02-26 06:25:32,NULL,"{""id"": 10, ""code"": ""DTE01""}","[{""id"": 1316, ""label"": ""2025 Kindergarten 2 Elgar""}]",NULL,[],[]
294379,album,社区花园种植活动,孩子们将在社区花园亲手种植大蒜辣椒和小洋葱，学习松土、种植和浇水的技巧。他们将观察它们的生长过程，培养耐心和责任感。通过这次活动，孩子们不仅体验种植的乐趣，还增进对自然和食物的理解。,,,published,2025-02-25 23:29:40,2025-02-25 23:25:37,2025-02-25 23:29:40,NULL,"{""id"": 10, ""code"": ""DTE01""}","[{""id"": 1316, ""label"": ""2025 Kindergarten 2 Elgar""}]",NULL,[],[]
294380,album,Joel's Birthday Celebration 🎂 ,Happy birthday Joel! 🥳,,,draft,2025-02-25 23:46:45,2025-02-25 23:46:40,2025-02-25 23:46:45,NULL,"{""id"": 18, ""code"": ""OMB01""}","[{""id"": 1287, ""label"": ""2025 K1 Jo Empson""}]",NULL,[],[]
294381,album,第一学期第七周：泥塑制作—逃家小兔,"活动目标：
1.幼儿能用陶土创作立体作品。
2.发展动手操作能力，幼儿能手眼协调地对陶土进行揉、搓、捏等从而创作出兔子。

活动介绍：
教师向幼儿介绍所提供的材料陶土。教师示范陶泥制作一直兔子和一朵花，并示范如何搓捏等技能。教师请幼儿选择逃家小兔的其中一个场景创作，大胆尝试，创作属于他们自己的立体兔子。教师从旁给予指导和必要的协助。",,,published,2025-02-26 06:24:17,2025-02-25 23:55:34,2025-03-11 02:19:55,NULL,"{""id"": 10, ""code"": ""DTE01""}","[{""id"": 1316, ""label"": ""2025 Kindergarten 2 Elgar""}]",NULL,[],[]
294412,album,二月第四周活动：树叶贴画-小树林,"活动目标：通过美术活动，如：涂鸦，水彩画等，认识熟悉的颜色，形状等，培养婴幼儿对艺术的兴趣
活动过程：老师收集三种颜色的树叶，清洗擦干放在小盘里，胶水淋在蓝色象征蓝天一样的颜色的画纸上，之后让幼儿选择树叶，老师说出树叶的颜色，月领大的幼儿可以在老师示范后独立完成，较小月领的幼儿需要老师辅助将树叶粘在画纸上，这样自然的小树林就创作完成，活动中，幼儿学到红色，绿色，黄色，蓝色，通过触摸幼儿感受到不同叶子，有不同的触感：粗糙和细腻。",,,draft,2025-02-26 03:17:29,2025-02-26 03:17:25,2025-02-26 03:17:29,NULL,"{""id"": 10, ""code"": ""DTE01""}","[{""id"": 1310, ""label"": ""2025 Infant Mozart""}]",NULL,[],[]
294446,album,毛球大作战,老师提前准备好不同大小的彩色毛球和鸡蛋托若干，邀请幼儿一起来玩毛球大作战游戏。幼儿们自由摆放的过程中认识毛球的颜色、大小和形状，体验自由探索的乐趣。,,,draft,2025-02-26 05:00:24,2025-02-26 05:00:21,2025-02-26 09:56:53,NULL,"{""id"": 1, ""code"": ""DNI00""}","[{""id"": 1295, ""label"": ""2025 PG Rod Campbell""}]",NULL,[],[]
294466,album,每周精彩活动——（第一学期——第八周--纸杯兔子）,"幼儿制作的纸杯兔子手工作品，通常结合简单的材料和有趣的创意，让孩子们在动手过程中感受乐趣，同时锻炼他们的手眼协调能力和创造力。以下是对纸杯兔子作品的介绍：
幼儿使用一次性纸杯（兔子的身体），作为兔子的身体，可根据喜好装饰颜色或图案。用卡纸剪出两只长长的兔耳朵，可以用粉色或其他颜色点缀耳朵内侧。
1.	粘贴五官：
o	眼睛可以用卡纸剪出圆形贴上，或直接画上去。
o	鼻子可以使用小绒球，增加立体感。
o	嘴巴可以用笔画上或剪纸贴出微笑的形状。
2.	添加兔子尾巴：在纸杯背面粘上一个小棉球作为兔子的尾巴，使整体造型更加可爱。
3.	个性装饰（可选）：可以给兔子加上胡须、蝴蝶结，甚至画上衣服或小配件，使其更具个性。
作品特点：
•	造型可爱：圆圆的纸杯身体搭配长耳朵和绒球鼻子，整体形象俏皮生动。
•	色彩丰富：孩子们可以自由搭配颜色，展现自己的创意。
•	简单易做：手工步骤简单，适合四岁幼儿操作，并能培养他们的精细动作能力。
•	表达个性：不同的表情、颜色和装饰让每只纸杯兔子都独一无二。
•	动手能力：通过剪、贴、画等步骤，锻炼幼儿的手部肌肉发展。
•	创造力：鼓励孩子发挥想象，自由设计兔子的表情和装饰。
•	情感表达：手工制作带来的成就感能增强孩子的自信心，同时也能培养他们对小动物的喜爱。
这类纸杯兔子手工活动，以实现“来创造“领域的“通过艺术品表现环境中的事物。”学习成果。   
不仅是孩子们的一次趣味创作体验，也能让他们在游戏中学习，提高他们的艺术感知和实践能力！
",,,published,2025-02-26 05:51:50,2025-02-26 05:51:25,2025-02-26 05:51:49,NULL,"{""id"": 20, ""code"": ""TMJ""}","[{""id"": 1403, ""label"": ""2025 N2 Florence""}]",NULL,[],[]
294486,post,Term 1 Week 7,"Dear parents,
 
Here are some photos of the children actively engaging in their activities.

In language, they explored the letter ""M"" and created a mouse craft, reinforcing their understanding through hands-on creativity.

In math, they delved into the concept of length, learning to differentiate between short and long. Using natural materials for comparison, they developed a deeper understanding of these concepts through exploration and discussion.

We hope you enjoy these snapshots!

Regards,
Debra ",,,published,2025-02-26 06:13:09,2025-02-26 06:12:54,2025-02-26 06:13:08,NULL,"{""id"": 5, ""code"": ""DTH01""}","[{""id"": 1407, ""label"": ""2025 Nursery 2 Reflectors""}]",NULL,[],[]
294495,album,体育课,"26/02/2025

  请查收本周的体育课活动照片！",,,published,2025-02-26 06:22:10,2025-02-26 06:21:22,2025-02-26 06:22:09,NULL,"{""id"": 20, ""code"": ""TMJ""}","[{""id"": 1404, ""label"": ""2025 K1 Bailey""}]",NULL,[],[]
294519,album,周活动 -- 第一学期第八周,"24/02 -- 28/02/2025

这里是本周孩子们其他活动的精彩瞬间，请您查收！
",,,published,2025-02-26 06:38:27,2025-02-26 06:38:04,2025-02-26 06:41:49,NULL,"{""id"": 20, ""code"": ""TMJ""}","[{""id"": 1371, ""label"": ""2025 N2 Donaldson""}]",NULL,[],[]
294562,album,制作我的小书,小朋友们通过自己对于绘本故事《 逃家小兔》的理解， 制作出三页故事书。 故事中的情节有的事他们在自己最喜欢的情节， 有的是他们自己创作的后续。 小朋友们采用了画画和黏贴彩色纸的方式创作了故事的情节， 并且希望可以和同伴们一起分享。 ,,,published,2025-02-26 08:16:53,2025-02-26 08:16:36,2025-02-26 08:19:45,NULL,"{""id"": 16, ""code"": ""MBS""}","[{""id"": 1383, ""label"": ""2025 Kindergarten 2 Unity""}]",NULL,[],[]
294563,album,表演《 逃家小兔》故事中的情节,小朋友们尝试使用自己的肢体语言来表演《 逃家小兔》 的故事。 比如： 如果小兔子变成小尊鱼， 妈妈就变成捕鱼的人。 如果小兔子变成花， 妈妈就变成树。 如果小兔子变成帆船， 妈妈就变成吹风的人等等。 ,,,published,2025-02-26 08:29:12,2025-02-26 08:28:49,2025-02-26 08:29:11,NULL,"{""id"": 16, ""code"": ""MBS""}","[{""id"": 1383, ""label"": ""2025 Kindergarten 2 Unity""}]",NULL,[],[]
294564,album,分享我的小书,小朋友们分享自己制作的关于《逃家小兔》的小书， 分享他们是怎么构思不同的情节， 以及自己最喜欢的画面是什么， 自己是怎么制作的等等。 ,,,published,2025-02-26 08:33:39,2025-02-26 08:33:27,2025-02-26 08:33:38,NULL,"{""id"": 16, ""code"": ""MBS""}","[{""id"": 1383, ""label"": ""2025 Kindergarten 2 Unity""}]",NULL,[],[]
294565,album,华文演绎课,"老师鼓励幼儿上台唱《狮子》儿歌，并做出动作。

歌词：大狮子，一声吼，小动物们都发抖。

老师为幼儿复习《是谁咬了我的大饼？》故事，鼓励幼儿扮演小熊和其他在故事里的动物，跟着老师一起复述读出小熊和其他动物在故事里说的话。
",,,published,2025-03-03 06:03:34,2025-02-26 08:47:10,2025-03-03 06:03:33,NULL,"{""id"": 18, ""code"": ""OMB01""}","[{""id"": 1284, ""label"": ""2025 N1 Christie Matheson""}]",NULL,[],[]
294568,album,Term 1 Take Home Kit: All About Me Box!,"Thank you so much for your support and participation in our Term 1 Home Kit — ""All About Me"" Box!

The children had a wonderful time sharing their favourite toys, photos, and personal treasures with their classmates. It was heartwarming to see their excitement as they talked about their interests, families, and special memories!

This experience not only allowed the children to express themselves but also created meaningful moments of connection as they learned more about their friends. Watching them listen with curiosity and celebrate each other's uniqueness was truly special. <3",,,published,2025-02-26 09:19:24,2025-02-26 09:18:29,2025-02-26 09:19:24,NULL,"{""id"": 20, ""code"": ""TMJ""}","[{""id"": 1403, ""label"": ""2025 N2 Florence""}]",NULL,[],[]
294581,album,Octaves Music Class: February Photos,This month's music class was on the topic of pets!,,,published,2025-02-26 09:38:16,2025-02-26 09:37:40,2025-02-26 09:38:16,NULL,"{""id"": 20, ""code"": ""TMJ""}","[{""id"": 1403, ""label"": ""2025 N2 Florence""}]",NULL,[],[]
294594,album,精彩活动 -- 第一学期第八周,"24/02 -- 28/02/2025

",,,published,2025-02-26 10:10:09,2025-02-26 10:06:36,2025-02-26 10:10:08,NULL,"{""id"": 20, ""code"": ""TMJ""}","[{""id"": 1214, ""label"": ""2024 K2 Reynolds""}]",NULL,[],[]
294599,album,Ready Steady Go: February Photos,The children learnt colour sorting and also the sport of golf this month!,,,published,2025-02-26 10:17:20,2025-02-26 10:16:11,2025-02-26 10:17:19,NULL,"{""id"": 20, ""code"": ""TMJ""}","[{""id"": 1403, ""label"": ""2025 N2 Florence""}]",NULL,[],[]
294609,album,精彩活动 -- 第一学期第八周,"24/02 -- 28/02/2025

本周是N2 Donaldson 第一学期第八周,本周的主要内容是：经过三个星期的学习，幼儿对绘本《猜猜我有多爱你》对绘本中兔子的形象有一定的了解。教师鼓励幼儿选择自己需要的材料，如：纸杯、卷筒、纸盒、彩色纸、双面胶、美纹胶等，并选择同伴一起完成手工兔子的制作。教师请幼儿轮流分享他们的作品，并说一说：你的兔子叫什么名字？你用了哪些材料来进行创作的？你负责制作兔子的什么部位？教师鼓励其他幼儿认真聆听，并且在同伴分享后给予他们掌声表示鼓励和感谢。",,,published,2025-02-26 11:14:20,2025-02-26 11:14:16,2025-02-26 11:23:00,NULL,"{""id"": 20, ""code"": ""TMJ""}","[{""id"": 1371, ""label"": ""2025 N2 Donaldson""}]",NULL,[],[]
294610,post,The Dice shows...,"The children played a game using dice, where they rolled the dice and thought of ways to touch the stepping stones based on the quantity shown. It was interesting to see how many of them came up with different ways to move across the stepping stones. For instance, some hopped, skipped, ran, or tapped from one stone to another, while a few chose various stones to balance on one foot! This activity provided children with the opportunity to count and match their movements while practising balance and control.",,,published,2025-02-28 06:55:43,2025-02-26 11:19:24,2025-02-28 06:55:42,NULL,"{""id"": 1, ""code"": ""DNI00""}","[{""id"": 1300, ""label"": ""2025 K1 David McKee""}]",NULL,[],[]
294617,album,区角活动,在自由探索活动中，老师鼓励幼儿寻找自己喜欢的角落和玩具进行探索，享受环境中不同玩具带来的乐趣。,,,published,2025-02-26 11:52:37,2025-02-26 11:51:57,2025-02-26 11:52:36,NULL,"{""id"": 18, ""code"": ""OMB01""}","[{""id"": 1283, ""label"": ""2025 Playgroup Emma Dodd""}]",NULL,[],[]
294644,album,泥地里打滚的小动物,老师鼓励幼儿触摸探索面粉，之后老师加入水和棕色颜料，鼓励幼儿将面粉、水和颜料混合在一起，感受面粉变湿之后粘粘的感觉，鼓励幼儿将小动物放入其中，让动物们在泥巴里打滚，享受活动带来的乐趣。,,,published,2025-02-26 13:10:21,2025-02-26 13:09:55,2025-03-02 13:08:35,NULL,"{""id"": 18, ""code"": ""OMB01""}","[{""id"": 1283, ""label"": ""2025 Playgroup Emma Dodd""}]",NULL,[],[]
294710,album,吸管插洞洞,"老师准备好打好孔的纸板和吸管若干，邀请幼儿一起来玩插洞洞板游戏。幼儿通过上下穿插的动作，锻炼幼儿双手配合能力和精细动作。
",,,draft,2025-02-26 16:40:45,2025-02-26 16:40:40,2025-02-26 16:44:07,NULL,"{""id"": 1, ""code"": ""DNI00""}","[{""id"": 1295, ""label"": ""2025 PG Rod Campbell""}]",NULL,[],[]
294711,post,我的水果拼盘,五颜六色的水果被我贴在纸盘上了，是不是很漂亮！,,,published,2025-02-26 23:10:19,2025-02-26 23:10:14,2025-02-26 23:10:18,NULL,"{""id"": 1, ""code"": ""DNI00""}","[{""id"": 1302, ""label"": ""2025 Infant Karen Katz""}]",NULL,[],[]
294712,album,T1W8: Ribbon Width Wonders,"Objectives:
1) Children will organise ribbons of varying widths from thinnest to thickest through exploration and play.
2) Children will use glue to stick the ribbons onto a paper.

The children had the opportunity to explore an array of ribbons with varying widths. They first worked with a friend to arrange the ribbons from the thinnest to the thickest and discussed their observations with each other. Afterwards, the children created a shared artwork by taking turns gluing the ribbons in their order on paper.

This activity was conducted on 26th February 2025.",,,published,2025-02-27 11:24:19,2025-02-26 23:15:26,2025-02-27 11:26:24,NULL,"{""id"": 10, ""code"": ""DTE01""}","[{""id"": 1315, ""label"": ""2025 Kindergarten 1 Darwin""}]",NULL,[],[]
294713,post,看叶子,老师带领我们一起观察叶子的不同大小，颜色和形状。,,,published,2025-02-26 23:27:08,2025-02-26 23:27:03,2025-02-26 23:27:07,NULL,"{""id"": 1, ""code"": ""DNI00""}","[{""id"": 1302, ""label"": ""2025 Infant Karen Katz""}]",NULL,[],[]
294727,album,二月 第三周 我的五官在哪里,"
活动目标：
1. 初步掌握五官的名称。
2. 培养幼儿在活动中参与的积极性和手眼协调能力。

活动过程：

今天的活动中，我通过引导幼儿认识五官，帮助他们初步掌握了五官的名称。我们首先通过提问和展示图片，让孩子们了解眼睛、耳朵、鼻子、嘴巴等五官的名称。接着，孩子们参与了“配对五官”游戏，通过触摸自己脸上的五官来加深印象。随后，我让孩子们动手将五官拼图或贴纸贴到相应的位置，锻炼了他们的手眼协调能力。活动结束时，通过提问复习五官的名称，孩子们积极回答，表现出很好的参与热情。总体来说，活动不仅让幼儿掌握了五官知识，还提升了他们的动手能力和参与感。


活动时间：2025年2月19日",,,published,2025-02-27 01:39:48,2025-02-27 01:39:39,2025-02-27 01:39:48,NULL,"{""id"": 10, ""code"": ""DTE01""}","[{""id"": 1311, ""label"": ""2025 Playgroup Michael Rosen""}]",NULL,[],[]
294731,album,体能课和音乐课,请家长欣赏体能课和音乐课照片～,,,published,2025-02-28 05:44:54,2025-02-27 03:05:32,2025-02-28 05:44:53,NULL,"{""id"": 20, ""code"": ""TMJ""}","[{""id"": 1430, ""label"": ""2025 K1 Bright""}]",NULL,[],[]
294732,album,精彩瞬间,请家长欣赏孩子们在课室角落中进行华文游戏的精彩瞬间～,,,published,2025-03-15 10:42:59,2025-02-27 03:10:01,2025-03-15 10:42:58,NULL,"{""id"": 20, ""code"": ""TMJ""}","[{""id"": 1430, ""label"": ""2025 K1 Bright""}]",NULL,[],[]
294734,album,精彩瞬间（2月24-2月28）,请家长们欣赏本周精彩瞬间～,,,published,2025-03-02 10:00:35,2025-02-27 03:14:37,2025-03-02 10:00:35,NULL,"{""id"": 20, ""code"": ""TMJ""}","[{""id"": 1430, ""label"": ""2025 K1 Bright""}]",NULL,[],[]
294735,album,第一学期第八周精彩活动,请家长们欣赏本周精彩活动～,,,published,2025-03-02 09:46:48,2025-02-27 03:23:14,2025-03-02 09:46:47,NULL,"{""id"": 20, ""code"": ""TMJ""}","[{""id"": 1430, ""label"": ""2025 K1 Bright""}]",NULL,[],[]
294737,album,Fieldtrip to Lee Kong Chian Natural History Museum,In collaboration with Lee Kong Chian Museum the children had an enriching learning experience beyond the classroom. The activity aimed to nurture young global citizens by fostering early awareness of wildlife conservation and environmental stewardship.,,,published,2025-02-27 03:55:20,2025-02-27 03:55:09,2025-02-27 03:55:20,NULL,"{""id"": 5, ""code"": ""DTH01""}","[{""id"": 1405, ""label"": ""2025 Kindergarten 2 Risk-Takers""}]",NULL,[],[]
294740,album,K2 Resilience Camp: Water Trekkers,"Dear parents, 

We will be having our outdoor adventure from Monday to Wednesday (3 to 5 March 2025). If you haven't yet, kindly bring a labeled thermal container with utensils tomorrow Friday ,28  Feb. We will be packing fried rice for their lunch on Monday.

Day 2 reminder:
Please have your child come to school wearing the outdoor shoes. Pack their rubber shoes and socks in their bag. They will be changing their foot wear after the day's activity.

**For safety purposes, no crocs or sandals allowed for water exploration-related activities

Gentle reminders:
1. Children should be in school by 9:00 am on all three days.
2.Late lunch(Day 2, 3) and nap will resume as per normal when children return to school.

Kind regards,
Teacher Karen and Ni laoshi",,,published,2025-02-27 04:13:16,2025-02-27 04:13:12,2025-02-27 04:13:16,NULL,"{""id"": 5, ""code"": ""DTH01""}","[{""id"": 1405, ""label"": ""2025 Kindergarten 2 Risk-Takers""}]",NULL,[],[]
294749,album,Term 1 Week 8 Weekly Highlight,Take Home Activity Show and Tell,,,published,2025-02-27 05:16:51,2025-02-27 05:16:24,2025-02-27 05:16:51,NULL,"{""id"": 20, ""code"": ""TMJ""}","[{""id"": 1430, ""label"": ""2025 K1 Bright""}]",NULL,[],[]
294750,album,二月 精彩相册（四）,"音乐课活动
手工活动：毛根条制作-小兔子
户外运动游戏",,,published,2025-02-27 05:24:15,2025-02-27 05:22:56,2025-02-27 05:24:14,NULL,"{""id"": 20, ""code"": ""TMJ""}","[{""id"": 1432, ""label"": ""2025 K2 Potter""}]",NULL,[],[]
294751,post,制作家务机器人,        家长们给朋友们带来了丰富的材料，有塑料瓶，纸箱，奶粉罐，还有包装盒等等。朋友们说，我们可以用大一点的箱子做机器人的身体，用小一点的箱子做机器人的头，他们还说要给机器人画上脸，可以用毛球和纽扣来装饰他们的身体。那机器人的样子做出来了，他们可以用来干嘛呢？朋友们说，有的可以用来扫地，把垃圾装到他们里面的一个盒子，有的可以用来煮饭，还特地设计了一个切菜的位置，还有的可以给我们看病，扫描一下就知道我们生什么病，给我们开药。朋友们设计的机器人是各种各样的，真的很佩服他们的想象力和创造力。,,,draft,2025-02-28 12:11:22,2025-02-27 05:23:07,2025-02-28 12:11:22,NULL,"{""id"": 1, ""code"": ""DNI00""}","[{""id"": 1300, ""label"": ""2025 K1 David McKee""}]",NULL,[],[]
294753,post,Class update,"Dear K2 families, 

I would like inform you that I will be on leave from 28 February to 6 March. During this period, if you have any enquiries or concerns, please feel free to contact Xue Laoshi for assistance. 

Thank you for your understanding. 

Warmest Regards, 
Ms Irene",,,published,2025-02-27 05:32:39,2025-02-27 05:32:36,2025-02-27 05:32:38,NULL,"{""id"": 1, ""code"": ""DNI00""}","[{""id"": 1301, ""label"": ""2025 K2 Debi Gliori""}]",NULL,[],[]
294755,post,设计家务机器人,       上个星期，《朱家故事》里面我们讨论了爸爸妈妈要做很多家务。可是，除了人，什么东西还可以做家务呢？原来，还有很多小机器人可以帮助我们做东西，比如扫地机器人，洗碗机器人等等。那如果你想设计一个机器人，你会设计什么样的机器人呢，它可以帮助我们做什么？朋友们提出了他们的富有创意的想法，然后画下来。,,,draft,2025-02-28 12:10:37,2025-02-27 05:34:06,2025-02-28 12:10:37,NULL,"{""id"": 1, ""code"": ""DNI00""}","[{""id"": 1300, ""label"": ""2025 K1 David McKee""}]",NULL,[],[]
294770,album,February NFP: Planned Sport ,Children took the bus to Pasir Ris Park Carpark D but it was raining and the planned sport was conducted outside PizzaHut. Children engaged in throwing activities. ,,,published,2025-02-27 05:49:11,2025-02-27 05:49:04,2025-02-27 05:49:10,NULL,"{""id"": 10, ""code"": ""DTE01""}","[{""id"": 1312, ""label"": ""2025 Nursery 1 Lois Ehlert""}]",NULL,[],[]
294780,album,February Week 4: My Body Collage,"Learning Objective: 
Foster an interest in art 

Children created “My Body” collage using shape cutouts and recyclable materials after singing the song “Ten Little Finger”. 

Date of activity: 24-27 February 2025",,,published,2025-02-27 06:07:31,2025-02-27 06:07:26,2025-02-27 06:07:30,NULL,"{""id"": 10, ""code"": ""DTE01""}","[{""id"": 1312, ""label"": ""2025 Nursery 1 Lois Ehlert""}]",NULL,[],[]
294791,album,February Week 4: First Nature Fun Programme (NFP),"Learning objectives: 
1. Foster gross motor development (walk and run)

Due to the wet weather, the children were brought to Aranda for a fun-filled day of indoor activities. They began by participating in a walking challenge where they balanced balls in bowls, pretending they were carrying a bowl of soup, making sure not to spill it as they moved carefully. Next, they were invited to enjoy a lively session of parachute play, where they shook the parachute in rhythm with the music, listening closely to the tempo and having fun with the movement. To end the session, the children had a blast running after Teacher Artika, picking up colorful ""popcorn"" balls, and tossing them into a bin, all while practicing their coordination and having lots of fun.


Date of activity: 25 February 2025",,,published,2025-02-27 06:28:59,2025-02-27 06:28:40,2025-02-27 06:28:58,NULL,"{""id"": 10, ""code"": ""DTE01""}","[{""id"": 1311, ""label"": ""2025 Playgroup Michael Rosen""}]",NULL,[],[]
294793,album,刷牙排序游戏,教师分别出示牙刷、牙膏、挤牙膏、刷牙、漱口等刷牙图片并进行识字认读，鼓励幼儿观察图片并说说上面的内容。并与幼儿讨论说说他们平时是怎样刷牙的，按照什么步骤刷牙。教师鼓励幼儿尝试为刷牙步骤进行排序，并且说一说先做什么，后做什么。并说说看自己平时是怎么做的,,,published,2025-02-27 06:36:42,2025-02-27 06:30:47,2025-02-27 06:36:42,NULL,"{""id"": 16, ""code"": ""MBS""}","[{""id"": 1381, ""label"": ""2025 Nursery 2 Love""}]",NULL,[],[]
294799,album,画兔子,教师引导幼儿观察兔子的图片说说兔子的特点，并且与同伴分享自己所观察到的。教师出示材料，并鼓励幼儿说出自己所需的工具名称，请幼儿选择他们想要使用的材料。教师邀请幼儿尝试用马克笔为兔子画出轮廓并添加五官，如眼睛、鼻子、嘴巴等。在活动中，教师鼓励幼儿在遇到困难时可以不断尝试或者寻求老师的帮助最终完成作品。最后师生一起围坐在一起，回顾在手工活动中他们使用了哪些材料，遇到哪些困难，或发生了哪些有趣的事。,,,published,2025-02-27 06:38:01,2025-02-27 06:37:23,2025-02-27 06:38:01,NULL,"{""id"": 16, ""code"": ""MBS""}","[{""id"": 1381, ""label"": ""2025 Nursery 2 Love""}]",NULL,[],[]
294807,album,小猫来了,"教师邀请幼儿扮演小老鼠，教师与幼儿讨论游戏玩法、规则并示范游戏。
教师示范与讲解游戏玩法：教师邀请幼儿在身后塞一条长长的尾巴扮演“小老鼠”。教师引导幼儿知道扮演“小猫”的孩子可以捉“小老鼠”的尾巴。幼儿一边跟随教师念儿歌一边自由走动。教师说“猫来了”，所有幼儿都得停止不动。教师说“老鼠老鼠快快跑”时，幼儿得快速反应，一边保护自己的尾巴一边跑，不让花猫揪掉尾巴。被抓到尾巴的幼儿暂时退出游戏，以此类推游戏继续进行。
",,,published,2025-02-27 06:49:05,2025-02-27 06:47:23,2025-02-27 06:49:05,NULL,"{""id"": 16, ""code"": ""MBS""}","[{""id"": 1381, ""label"": ""2025 Nursery 2 Love""}]",NULL,[],[]
294854,album,二月 第四周 活动集锦,这是二月第四周 部分活动的照片，请浏览！,,,published,2025-02-28 05:04:34,2025-02-27 11:21:46,2025-02-28 05:04:33,NULL,"{""id"": 20, ""code"": ""TMJ""}","[{""id"": 1402, ""label"": ""2025 N1 Kelly""}]",NULL,[],[]
294866,post,Weekly Highlight: Term 1 Week 8 ,"This week, the children participated enthusiastically in their first Show and Tell session, where each child presented their uniquely decorated 'All About Me' Box, sharing stories about the creative process and family involvement. ",,,published,2025-02-27 13:38:05,2025-02-27 13:02:47,2025-02-27 13:38:04,NULL,"{""id"": 20, ""code"": ""TMJ""}","[{""id"": 1371, ""label"": ""2025 N2 Donaldson""}]",NULL,[],[]
294869,album,二月第四周精彩活动,快和爸爸妈妈一起来看看我们的照片吧！,,,published,2025-02-28 06:34:14,2025-02-27 13:12:53,2025-02-28 06:34:14,NULL,"{""id"": 20, ""code"": ""TMJ""}","[{""id"": 1395, ""label"": ""2025 PG Kale""}]",NULL,[],[]
294872,album,二月日记（24/2/2025-28/2/2025）,快和爸爸妈妈一起来看看我们的照片吧！,,,published,2025-02-28 06:33:03,2025-02-27 13:21:36,2025-02-28 06:33:03,NULL,"{""id"": 20, ""code"": ""TMJ""}","[{""id"": 1395, ""label"": ""2025 PG Kale""}]",NULL,[],[]
294874,album,Term 1 Week 8: Full Stop.,"
Learning Objectives: 

• Children will recognize and understand the purpose of a full stop in a sentence, demonstrating their learning through reading activities and movement-based engagement.

This week during our guided reading session, we started a new book, Where is the Money? and focused on learning about punctuation, particularly the full stop (.).

To reinforce this concept, we watched a video (https://www.youtube.com/watch?v=mvOftNYg8UA) and (https://www.youtube.com/watch?v=goNkz3SIng0) and read the story together. As a fun and interactive activity, whenever the teacher reached a full stop while reading, the children had to freeze—just like a full stop in a sentence! This helped them understand how full stops signal the end of a thought.

Date of activity: 26th February 2025",,,published,2025-02-27 13:36:42,2025-02-27 13:36:35,2025-03-11 13:23:39,NULL,"{""id"": 10, ""code"": ""DTE01""}","[{""id"": 1316, ""label"": ""2025 Kindergarten 2 Elgar""}]",NULL,[],[]
294875,album,Term 1 Week 8,Activities of the Week,,,published,2025-02-27 13:41:10,2025-02-27 13:39:57,2025-02-27 13:41:10,NULL,"{""id"": 20, ""code"": ""TMJ""}","[{""id"": 1430, ""label"": ""2025 K1 Bright""}]",NULL,[],[]
294883,post,"""Bottle Covers Exploration""","Jovelle experimented with various sizes of bottle covers and unscrewed them by twisting the covers back and forth to remove from the containers. After removing them, she was able to find and match the correct covers to the containers.😄",,,published,2025-02-27 14:15:31,2025-02-27 14:15:24,2025-02-27 14:15:30,NULL,"{""id"": 1, ""code"": ""DNI00""}","[{""id"": 1302, ""label"": ""2025 Infant Karen Katz""}]",NULL,[],[]
294886,post,"""Exploring with twigs, dried leaves and a Log""","Jovelle used the magnifying glass to check on the different texture of natural materials. She pressed the magnifying glass on her face to take a closer look to explore a close observation on the materials with her curiosity.

",,,published,2025-02-27 14:20:49,2025-02-27 14:20:43,2025-02-27 14:20:49,NULL,"{""id"": 1, ""code"": ""DNI00""}","[{""id"": 1302, ""label"": ""2025 Infant Karen Katz""}]",NULL,[],[]
294887,album,Weekly Highlight: Term 1 Week 8 (Emotion Garden),-,,,published,2025-02-28 05:26:48,2025-02-27 14:23:46,2025-02-28 05:26:48,NULL,"{""id"": 20, ""code"": ""TMJ""}","[{""id"": 1403, ""label"": ""2025 N2 Florence""}]",NULL,[],[]
294888,post,"""Exploring Laminated Leaves, Flowers and Twigs""","Ali busily manipulated the hanging laminated leaves, flowers and twigs. He grabbed and pulled them nearer to explore them.
",,,published,2025-02-27 14:24:10,2025-02-27 14:24:06,2025-02-27 14:24:09,NULL,"{""id"": 1, ""code"": ""DNI00""}","[{""id"": 1302, ""label"": ""2025 Infant Karen Katz""}]",NULL,[],[]
294889,post,"""Shakers and Bell Ring""","Ali went “shake, shake, shake” the egg shakers while dancing to some nursery rhymes and made some steering motion while grabbing onto the bell ring to explore.
",,,published,2025-02-27 14:29:02,2025-02-27 14:28:56,2025-02-27 14:29:02,NULL,"{""id"": 1, ""code"": ""DNI00""}","[{""id"": 1302, ""label"": ""2025 Infant Karen Katz""}]",NULL,[],[]
294891,post,"""Blobbing the bag""","Matthias watched the big and small leaves move within the bag when he pressed the bag down. He also checked the bag by lifting up and making a shaking motion to discover squishy and fluid motion.
",,,published,2025-02-27 14:34:21,2025-02-27 14:34:18,2025-02-27 14:34:21,NULL,"{""id"": 1, ""code"": ""DNI00""}","[{""id"": 1302, ""label"": ""2025 Infant Karen Katz""}]",NULL,[],[]
294892,post,"""Number Book""","Ali explored the book by grabbing and flipping the pages of the book back and forth. It shows that he has strong gripping skills as he opens and closes the book and observes the teacher pointing at the pictures in the book.
",,,published,2025-02-27 14:36:57,2025-02-27 14:36:51,2025-02-27 14:36:56,NULL,"{""id"": 1, ""code"": ""DNI00""}","[{""id"": 1302, ""label"": ""2025 Infant Karen Katz""}]",NULL,[],[]
294894,album,Term 1 Week 8 Photos: Ribbon Parade,Children were provided with opportunities to learn and practice sequencing ribbon strips by comparing their lengths!,,,published,2025-02-28 05:27:24,2025-02-27 14:42:14,2025-02-28 05:27:24,NULL,"{""id"": 20, ""code"": ""TMJ""}","[{""id"": 1403, ""label"": ""2025 N2 Florence""}]",NULL,[],[]
294896,post,"""Family Photos""","Jovelle pointed at the pictures and recognized her friends by looking at the family photos. She removed the photos from the board and started arranging them one by one. She also placed the photos back on the board once she was done exploring.
",,,published,2025-02-27 14:45:29,2025-02-27 14:45:24,2025-02-27 14:45:28,NULL,"{""id"": 1, ""code"": ""DNI00""}","[{""id"": 1302, ""label"": ""2025 Infant Karen Katz""}]",NULL,[],[]
294897,album,February Week 4 Photo Album ,"24 Feb - 28 Feb 2025 

Please enjoy these pictures :)",,,published,2025-02-28 09:44:28,2025-02-27 14:48:45,2025-02-28 09:44:28,NULL,"{""id"": 20, ""code"": ""TMJ""}","[{""id"": 1395, ""label"": ""2025 PG Kale""}]",NULL,[],[]
294899,album,February Week 4 Weekly Highlight: Fruit Yoghurt Parfait,"Objective: Foster healthy eating habits

This week, our little ones had a blast creating their very own fruit yogurt parfaits! We set out a colorful spread of strawberries, grapes, and apples, along with yogurt, and they eagerly scooped everything into their cups. Some friends weren’t so sure about the yogurt or some of the fruits, but we were super proud of them for giving it a go! Most of our little foodies loved it so much they made sure to scrape every last bit of yogurt from their cups—hahaha, it was a really adorable sight! It was a fun and tasty way to help them explore healthy eating habits while having a great time!",,,published,2025-02-28 09:39:10,2025-02-27 14:53:41,2025-02-28 09:39:10,NULL,"{""id"": 20, ""code"": ""TMJ""}","[{""id"": 1395, ""label"": ""2025 PG Kale""}]",NULL,[],[]
294903,post,"""PG Full Day Transition"" - Elijah","It’s Elijah’s full day of PG transition and he is adjusting to a bigger group play in the classroom. It is a process to a new physical space with his friends and teachers.

At times he showed feelings of anxiety or insecurity but it’s okay. As he established a consistent daily routine and built relationships with his friends and teachers, he showed his readiness to play and eat together. 😄

Let’s go Elijah! Show your confidence and your special dance movements to your new friends and teachers ok! We believe in you! 💪🏻
",,,published,2025-02-27 15:09:48,2025-02-27 15:09:27,2025-02-27 15:09:48,NULL,"{""id"": 1, ""code"": ""DNI00""}","[{""id"": 1302, ""label"": ""2025 Infant Karen Katz""}]",NULL,[],[]
294908,post,"""PG Full Day Transition"" - Matthias","Hurray to PG full day transition and Matthias is ready to meet his new friends and teachers. He blended in well with them and carried out his daily routines and participating activities in a bigger group. He gets comfortable in the environment and readily engages with more variety activities. 😄

Pssst..Mama and Papa, I liked the Wigglespods class. Can you sign me up?!😍
",,,published,2025-02-27 15:28:40,2025-02-27 15:28:21,2025-02-27 15:28:39,NULL,"{""id"": 1, ""code"": ""DNI00""}","[{""id"": 1302, ""label"": ""2025 Infant Karen Katz""}]",NULL,[],[]
294931,album,Scoop and pour,"In this activity, the children were introduced to the colours, red, blue yellow and green. They were tasked to find and scoop the coloured pom pom balls and match them to the same colour tube. Through this scooping activity, the children will learn and enhance their fine motor and eye-hand coordination. ",,,draft,2025-02-27 23:52:23,2025-02-27 23:52:12,2025-02-27 23:52:22,NULL,"{""id"": 1, ""code"": ""DNI00""}","[{""id"": 1295, ""label"": ""2025 PG Rod Campbell""}]",NULL,[],[]
294934,album,My Family ,"As the children continued learning about family members this week, they decorated their homes with different materials provided for them. They were interested in exploring different materials and pasting them to design their homes. After they had decorated their houses,they were tasked to find their family photo and paste it inside their homes they have decorated. 

Well done, PG! ",,,draft,2025-02-28 00:03:02,2025-02-28 00:02:54,2025-02-28 00:03:01,NULL,"{""id"": 1, ""code"": ""DNI00""}","[{""id"": 1295, ""label"": ""2025 PG Rod Campbell""}]",NULL,[],[]
294941,album,第一学期第八周精彩活动,"Objective(s)/目标:
幼儿能用毛根创作立体作品。
发展动手操作能力，幼儿能手眼协调地弯曲毛根。
",,,published,2025-02-28 02:29:15,2025-02-28 02:27:48,2025-02-28 02:29:14,NULL,"{""id"": 20, ""code"": ""TMJ""}","[{""id"": 1433, ""label"": ""2025 K2 Robinson""}]",NULL,[],[]
294942,album,第一学期第八周,2月24日-2月28日,,,published,2025-02-28 02:58:56,2025-02-28 02:55:44,2025-02-28 02:58:56,NULL,"{""id"": 20, ""code"": ""TMJ""}","[{""id"": 1433, ""label"": ""2025 K2 Robinson""}]",NULL,[],[]
294970,album,二月第四周精彩活动,好玩的面团来咯！我们选择自己喜欢的形状印在面团上！快来看看我做的形状小饼干吧！,,,published,2025-02-28 04:36:31,2025-02-28 04:35:16,2025-02-28 04:36:31,NULL,"{""id"": 20, ""code"": ""TMJ""}","[{""id"": 1397, ""label"": ""2025 PG Campbell""}]",NULL,[],[]
294984,post,"""Bon Voyage!""","Hello everyone!
It’s my last day of school today and I want to say thank you for being my friend for the past 9 months. It has been a wonderful year filled with fun and laughter. I will cherish the memories we have shared and I will see you around!

Sharing my love with my lovely teachers!🌻
",,,published,2025-02-28 04:59:40,2025-02-28 04:59:34,2025-02-28 04:59:39,NULL,"{""id"": 1, ""code"": ""DNI00""}","[{""id"": 1302, ""label"": ""2025 Infant Karen Katz""}]",NULL,[],[]
294986,post,水果冰棒,我在收集我的水果冰棒，看一根，两根，三根！,,,published,2025-02-28 05:00:07,2025-02-28 04:59:57,2025-02-28 05:00:06,NULL,"{""id"": 1, ""code"": ""DNI00""}","[{""id"": 1302, ""label"": ""2025 Infant Karen Katz""}]",NULL,[],[]
294988,post,五颜六色的水果盘,我的水果盘有什么呢？有苹果🍎，橘子🍊，葡萄🍇！,,,published,2025-02-28 05:03:58,2025-02-28 05:03:51,2025-02-28 05:03:57,NULL,"{""id"": 1, ""code"": ""DNI00""}","[{""id"": 1302, ""label"": ""2025 Infant Karen Katz""}]",NULL,[],[]
294992,album,二月日记（24/02/2025_28/02/2025),二月第四周的照片来咯！快来看看我们可爱的照片吧！,,,published,2025-02-28 05:14:10,2025-02-28 05:09:18,2025-02-28 05:14:09,NULL,"{""id"": 20, ""code"": ""TMJ""}","[{""id"": 1397, ""label"": ""2025 PG Campbell""}]",NULL,[],[]
294994,album,February Week 4: Enrichment,"Julia Gabriel, Octaves, Mathstro & Sports",,,published,2025-02-28 05:11:43,2025-02-28 05:10:39,2025-02-28 05:41:22,NULL,"{""id"": 20, ""code"": ""TMJ""}","[{""id"": 1402, ""label"": ""2025 N1 Kelly""}]",NULL,[],[]
294996,album,精彩活动——第一学期第八周,"24/02/2025——28/02/2025

  本周的精彩活动以“制作家务机器人”为主题，主要涉及“来创造”和“来动吧”两个领域。旨在培养幼儿的创造力、合作能力及手眼协调能力。活动开始时，教师引导幼儿思考设计机器人图稿的必要性。随后，幼儿利用家中带来的回收材料，如纸盒、塑料瓶等，在教师提供的剪刀、胶带、钉书机等工具辅助下，与同伴合作完成机器人模型的制作。在过程中，幼儿学习倾听和尊重同伴的意见，同时锻炼手部精细动作和工具使用能力。活动结束时，幼儿围坐交流，分享分工合作的经验及遇到的挑战，深化对制作过程的理解，并提升解决问题的能力。
  请查收！
",,,published,2025-02-28 05:12:04,2025-02-28 05:11:19,2025-02-28 05:12:04,NULL,"{""id"": 20, ""code"": ""TMJ""}","[{""id"": 1404, ""label"": ""2025 K1 Bailey""}]",NULL,[],[]
295002,album,February Week 4,Activities of the week!,,,published,2025-02-28 05:20:38,2025-02-28 05:19:42,2025-02-28 05:20:38,NULL,"{""id"": 20, ""code"": ""TMJ""}","[{""id"": 1402, ""label"": ""2025 N1 Kelly""}]",NULL,[],[]
295008,album,Weekly Album: Term 1 Week 8 ,Here are the photographs taken this week. ,,,published,2025-02-28 05:45:09,2025-02-28 05:23:38,2025-02-28 05:45:08,NULL,"{""id"": 20, ""code"": ""TMJ""}","[{""id"": 1371, ""label"": ""2025 N2 Donaldson""}]",NULL,[],[]
295009,album,Weekly Highlight (Making a Face),February Week 4,,,published,2025-02-28 05:24:17,2025-02-28 05:24:01,2025-02-28 05:24:17,NULL,"{""id"": 20, ""code"": ""TMJ""}","[{""id"": 1397, ""label"": ""2025 PG Campbell""}]",NULL,[],[]
295021,album,All About My Face!,"Thank you parents for extending the little one's learning about themselves (their faces) at home with you. Back in school, children did an informal show and tell to share their self-portraits with their friends. Beaming pridefully about their work, they introduced their features (eyes, mouth, nose, ears, hair) and shared who did it with them.
",,,published,2025-02-28 05:34:18,2025-02-28 05:33:51,2025-02-28 05:34:17,NULL,"{""id"": 16, ""code"": ""MBS""}","[{""id"": 1380, ""label"": ""2025 Nursery 1 Courage""}]",NULL,[],[]
295025,album,Activities of the Week!,February Week 4,,,published,2025-02-28 05:37:50,2025-02-28 05:37:14,2025-02-28 05:37:49,NULL,"{""id"": 20, ""code"": ""TMJ""}","[{""id"": 1397, ""label"": ""2025 PG Campbell""}]",NULL,[],[]
295030,album,My Height!,"To foster basic numeracy vocabulary of 'taller' and 'shorter', children compared their height with their friends and recorded them in a chart.",,,published,2025-02-28 05:41:06,2025-02-28 05:40:36,2025-02-28 05:41:05,NULL,"{""id"": 16, ""code"": ""MBS""}","[{""id"": 1380, ""label"": ""2025 Nursery 1 Courage""}]",NULL,[],[]
295035,album,第一学期 第八周-  陶土盘子制作体验,"活动目标：
1. 认识陶艺制作的基本过程，并体验陶土创作的乐趣。
2. 发展小肌肉控制能力和手眼协调能力。

活动介绍：

      小朋友们在学校里认识了陶土，并尝试用陶土捏出各种不同的形状。到了陶艺教室，陶艺老师为大家展示了如何用转盘拉坯做出一个大碗，还介绍了如何用双手把陶土捏成碗或盘子的形状。

      接着，小朋友们开始动手创作，把陶土捏成一个碗或盘子的样子，并在上面添加自己喜欢的装饰，比如爱心、家人喜欢的动物、食物等。每个作品都充满了温暖和创意！幼儿的陶瓷作品将会送去窑烧，大约两个星期后会送回学校，小朋友们就可以把自己的作品带回家啦！

      这次的学习之旅，我们也很期待听到家长们的反馈，让我们未来能够更好地规划接下来的学习旅程。如果有任何建议或想要分享的，欢迎发邮件给我们！谢谢大家的支持！",,,published,2025-03-04 05:53:37,2025-02-28 05:43:52,2025-03-04 05:53:37,NULL,"{""id"": 10, ""code"": ""DTE01""}","[{""id"": 1315, ""label"": ""2025 Kindergarten 1 Darwin""}]",NULL,[],[]
295050,album,Little Explorers,"This week, our little explorers fostered their gross motor development by walking and crawling through different pathways with their friends.",,,published,2025-02-28 05:53:48,2025-02-28 05:53:15,2025-02-28 05:53:47,NULL,"{""id"": 16, ""code"": ""MBS""}","[{""id"": 1380, ""label"": ""2025 Nursery 1 Courage""}]",NULL,[],[]
295073,album,Weekly Album: Term 1 Week 8 ,"Learning letter s and d letter sounds, names and shapes. ",,,published,2025-02-28 06:14:14,2025-02-28 06:13:48,2025-02-28 06:14:14,NULL,"{""id"": 20, ""code"": ""TMJ""}","[{""id"": 1371, ""label"": ""2025 N2 Donaldson""}]",NULL,[],[]
295092,album,Weekly Highlight; Term 1 Week 8,Nature's talents,,,published,2025-02-28 06:33:08,2025-02-28 06:31:18,2025-02-28 07:13:52,NULL,"{""id"": 20, ""code"": ""TMJ""}","[{""id"": 1433, ""label"": ""2025 K2 Robinson""}]",NULL,[],[]
295095,album,二月第四周，用叶子塑胶模型印画。,"活动目标：学习用不同的材料来作画与发展小手指的灵活性。
今天老师介绍叶子塑胶模型给孩子认识，教导孩子用它来印画，通过各种颜色印画；巩固孩子对颜色的认识。
",,,published,2025-02-28 06:33:57,2025-02-28 06:33:46,2025-02-28 07:32:07,NULL,"{""id"": 10, ""code"": ""DTE01""}","[{""id"": 1310, ""label"": ""2025 Infant Mozart""}]",NULL,[],[]
295102,album,Weekly Album: Term 1 Week 8 ,Gross Motor Skills Activity: Children took turns to run and jump to reach for the star. ,,,published,2025-02-28 06:39:29,2025-02-28 06:39:14,2025-02-28 06:39:29,NULL,"{""id"": 20, ""code"": ""TMJ""}","[{""id"": 1371, ""label"": ""2025 N2 Donaldson""}]",NULL,[],[]
295114,album,Term 1 Week 8 Photos: Reach For The Star,Children were provided with opportunities to practice running forward and jumping in place with control to reach a shape cutout that was hung above from the ceiling!,,,published,2025-02-28 06:56:34,2025-02-28 06:55:05,2025-02-28 06:56:33,NULL,"{""id"": 20, ""code"": ""TMJ""}","[{""id"": 1403, ""label"": ""2025 N2 Florence""}]",NULL,[],[]
295120,album,Weekly Album: Term 1 Week 8 ,Children participated in an activity whereby they rearranged the ribbon according to its length. ,,,published,2025-02-28 07:05:59,2025-02-28 07:05:47,2025-02-28 07:05:59,NULL,"{""id"": 20, ""code"": ""TMJ""}","[{""id"": 1371, ""label"": ""2025 N2 Donaldson""}]",NULL,[],[]
295141,album,Activities this week (Term 1 Week 8),24/2 - 28/2,,,published,2025-02-28 07:57:47,2025-02-28 07:55:05,2025-03-12 21:29:47,NULL,"{""id"": 20, ""code"": ""TMJ""}","[{""id"": 1433, ""label"": ""2025 K2 Robinson""}]",NULL,[],[]
295227,album,Fire drill on 28 February 2025,"Dear Parents,

Today, the children participated in the first fire drill of 2025. They practised evacuating the building using the stairs and exit doors, learning the evacuation route.

Upon returning to the classroom, many of them were curious about the fire drill, having recognised the sound of the fire alarm. I took the opportunity to explain that it was a drill, designed to prepare them in case of a real fire, either within the school or nearby. I also discussed the important actions they should take and things to avoid during a real fire.

This activity took place on 28 February 2025.

Wishing you a wonderful weekend!",,,published,2025-02-28 11:27:57,2025-02-28 11:27:54,2025-02-28 11:27:57,NULL,"{""id"": 10, ""code"": ""DTE01""}","[{""id"": 1314, ""label"": ""2025 Nursery 2 Eric Carle""}]",NULL,[],[]
295228,post,Fruits on the tree,"The educarer showed us a tree with a different number of fruits on each page. My friends and I took the fruits from the bottom and attached them to the tree where the Velcro was. Then, the educarer counted the number of fruits we had taken and helped us place them back.",,,published,2025-02-28 11:36:34,2025-02-28 11:36:28,2025-02-28 11:36:34,NULL,"{""id"": 1, ""code"": ""DNI00""}","[{""id"": 1302, ""label"": ""2025 Infant Karen Katz""}]",NULL,[],[]
295229,post,Pulling myself up ,I strengthened my leg muscles as I tried to pull myself up to stand and reach for the egg shaker at the end of the box.,,,published,2025-02-28 11:38:38,2025-02-28 11:38:32,2025-02-28 11:38:38,NULL,"{""id"": 1, ""code"": ""DNI00""}","[{""id"": 1302, ""label"": ""2025 Infant Karen Katz""}]",NULL,[],[]
295230,post,What’s inside the foil?,I used my strong hands and fingers to unwrap the aluminum foil and discover the toys my educarer had hidden inside.,,,published,2025-02-28 11:40:32,2025-02-28 11:40:20,2025-02-28 11:40:32,NULL,"{""id"": 1, ""code"": ""DNI00""}","[{""id"": 1302, ""label"": ""2025 Infant Karen Katz""}]",NULL,[],[]
295231,post,Full day transition ,"We spent most of our days in playgroup with our new friends and teacher, having so much fun running around outdoors, enjoying delicious lunches and tea breaks, and bonding with each other. This was our last week in infant care—starting next week, we’ll officially be playgroup kids! We can’t wait to explore and learn even more with our new friends and teacher.",,,published,2025-02-28 11:51:09,2025-02-28 11:50:54,2025-02-28 11:51:08,NULL,"{""id"": 1, ""code"": ""DNI00""}","[{""id"": 1302, ""label"": ""2025 Infant Karen Katz""}]",NULL,[],[]
295237,album,February Week 4: Fire Drill,"Learning objectives:
1. Foster awareness of personal hygiene, safety, and healthy eating habits.
2. Foster a beginning interest and enjoyment in dramatic play.

Today, we held our first fire drill at school. The children quickly and calmly evacuated the building, using the emergency stairs to reach the designated meeting point, with support from teachers and staff. To make the experience even more engaging, the children learned about fire safety in class and explored fire safety equipment available around the mall during outdoor. The highlight of the day was when the children had fun pretending to be firefighters, practicing extinguishing fires around the school!

Date of activity: 28 February 2025",,,published,2025-02-28 12:22:53,2025-02-28 12:22:46,2025-02-28 12:22:52,NULL,"{""id"": 10, ""code"": ""DTE01""}","[{""id"": 1311, ""label"": ""2025 Playgroup Michael Rosen""}]",NULL,[],[]
295238,post,给你喜欢的家务机器人投票,     你的机器人是怎么做的？他能帮助我们做什么呢？机器人可以洗碗，可以煮饭，可以看医生，可以扫地等等，有了这些机器人生活变得方便起来。朋友们给我们介绍机器人的组成，功能。给你喜欢的机器人投票吧，你为什么喜欢它呢？,,,draft,2025-02-28 12:23:10,2025-02-28 12:23:02,2025-02-28 12:23:09,NULL,"{""id"": 1, ""code"": ""DNI00""}","[{""id"": 1300, ""label"": ""2025 K1 David McKee""}]",NULL,[],[]
295251,post,Julia Gabriel Speech & Drama,"For today's Speech and Drama class, the children got to choose and design their favourite vehicle. Afterwards, they entered Drama Land with their vehicle to begin their drama adventure!",,,draft,2025-02-28 14:45:12,2025-02-28 14:34:11,2025-02-28 14:45:11,NULL,"{""id"": 1, ""code"": ""DNI00""}","[{""id"": 1300, ""label"": ""2025 K1 David McKee""}]",NULL,[],[]
295252,album,《小蛇🐍蜕皮》,"教师引导幼儿回忆今年是什么年呢？没错是蛇年，小蛇想脱掉旧衣服，穿上新衣服，让我们一起来试试吧！

 教师先做示范，将套在身体周围的呼啦圈，一个一个的拿出来，再套进前方的障碍物中。本次活动我们借助呼啦圈的形状, 逐步穿过它们, 仿佛小蛇正在蛻去旧皮, 迎接新的成长。小朋友们在一个一个拿出呼啦圈时都有着自己的小方法，有的会双手拿住呼啦圈, 然后穿过头顶。有的是将呼啦圈拉到身体后面, 然后在放置呼啦圈时, 又套回自己的身体。

在这个过程中促进了幼儿对解决事情的思考能力，同时对他们身体的协调性也有帮助！🥰🥰。",,,draft,2025-02-28 15:21:23,2025-02-28 15:20:55,2025-02-28 15:21:23,NULL,"{""id"": 1, ""code"": ""DNI00""}","[{""id"": 1297, ""label"": ""2025 N1 Marcus Pfister""}]",NULL,[],[]
295256,album,绘本《蜗牛的小路》,"教师引导幼儿想一想蜗牛是怎么行进的，是飞飞还是爬爬呢？接下来我们一起看看蜗牛的小路是什么样子。这只蜗牛很不一样，它喜欢艺术，身上的壳是五颜六色🔴🟨🔷️🟢🔶️的，引导幼儿识别颜色并说出华语。

我们顺着蜗牛的小路继续往下走，出现了好多美丽的画作呀，我们一起欣赏画面中都有着什么，小朋友们会主动指出绘本中的事物，观察的很仔细，我们继续寻找属于蜗牛的画像，到了后面我们看到一副画面，是由不同颜色的色块组成的，引导幼儿说一说这是蜗牛的画像吗？经过比较不同画面的特点，我们找到了属于蜗牛的画面。

孩子们在过程中对艺术画作有了一个初始的视觉启蒙，对颜色的识别更加准确，能够更多的捕捉画面中的重点👍！",,,draft,2025-02-28 15:54:16,2025-02-28 15:54:12,2025-02-28 15:54:15,NULL,"{""id"": 1, ""code"": ""DNI00""}","[{""id"": 1297, ""label"": ""2025 N1 Marcus Pfister""}]",NULL,[],[]
295258,album,《蜗牛与色块》,"教师为小朋友们准备了蜗牛🐌身体的画纸和不同颜色形状的色块🪅，建立在我们已经共同阅读过绘本的基础，宝贝对五颜六色的蜗牛壳也很感兴趣，接下来就让小朋友们自己动手拼一拼，贴一贴。

教师引导幼儿选择自己喜欢的色块，然后进行粘贴，给蜗牛拼上独一无二的壳，每个宝贝都特别有自己的想法，很认真仔细的用小手操作🥰。
在过程中培养孩子们的想象力和创造力，发展手指的精细动作！
",,,draft,2025-02-28 16:00:09,2025-02-28 15:59:53,2025-02-28 16:00:08,NULL,"{""id"": 1, ""code"": ""DNI00""}","[{""id"": 1297, ""label"": ""2025 N1 Marcus Pfister""}]",NULL,[],[]
295274,album,Term 1 Week 8,"Hello Parents!!

This week, we explored personal growth, creativity, and hands-on learning, making wonderful connections between our experiences and the world around us. Following on a recap on our Science Centre field trip, we reflected on what we learned about food by creating our favourite dishes through air-dry clay modelling. The children enjoyed expressing their tastes and preferences, bringing their favourite meals to life using malleable material . This activity encouraged creativity while reinforcing their understanding of food and nutrition.
We had a thoughtful sharing session about the differences between being a baby and their current selves. The children enthusiastically discussed how they have grown—what they can do now that they couldn’t before, how they have changed in appearance, and the things they enjoy at this stage. This reflection encouraged self-awareness and appreciation for growth and development.

Our focus turned to ordering ribbons, an activity that challenged the children’s observation and sequencing skills. They carefully arranged ribbons based on length, exploring concepts of measurement and order while refining their fine motor skills. The next day, we spent the day outdoors at Tiong Bahru Park, where the children enjoyed active play, social interaction, and exploration. They engaged in climbing, running, and swinging in the warm sun.

We ended the week with journal writing, focusing on what the children like the most about being 4 years old. Through drawings and mark-making, they shared their favourite activities and friends who made the learning journey all the merrier. As we continue to part take in engaging and meaningful experiences while helping the children reflect, explore, and grow. We look forward to another exciting week ahead!

Have a lovely weekend ahead!
Tr Jia Yan ",,,published,2025-03-01 01:47:13,2025-03-01 01:46:53,2025-03-01 01:47:32,NULL,"{""id"": 5, ""code"": ""DTH01""}","[{""id"": 1407, ""label"": ""2025 Nursery 2 Reflectors""}]",NULL,[],[]
295281,album,二月第四周：户外活动,今天的天气很好，没有火辣辣的太阳，微微的清风吹拂，很适合草地活动，老师带领幼儿在草地练习走路，平坦的草地让幼儿无碍前行，草地上的小花和大树也吸引幼儿的目光，走累了，老师和幼儿坐在草地上喝水，然后一起玩游戏“搭高高”和“送形状回家”，幼儿和老师玩的很投入，愉快的草地探索！,,,draft,2025-03-01 02:29:43,2025-03-01 02:29:39,2025-03-01 02:29:42,NULL,"{""id"": 10, ""code"": ""DTE01""}","[{""id"": 1310, ""label"": ""2025 Infant Mozart""}]",NULL,[],[]
295317,post,February - Word Families ,"Dear Parents, 

The children were introduced to word families such as 'in', 'it', 'im' and 'ip' in February. They practised blending the three-letter words and were challenged to read some that had four letters in class too. You may refer to the list of words in the image to reinforce their ability to blend and read the words. 

Thank you!
",,,published,2025-03-01 03:59:49,2025-03-01 03:59:48,2025-03-01 03:59:49,NULL,"{""id"": 18, ""code"": ""OMB01""}","[{""id"": 1287, ""label"": ""2025 K1 Jo Empson""}]",NULL,[],[]
295333,album,Textural Painting with Bubble Wrap,"Children explored on sensory painting activity using yellow paint on bubble wrap. As they paint, they’ll feel the bumpy texture, creating a unique tactile experience. The yellow colour represents honey, that will eventually be used to make into honeycomb prop as part of the children's bee hive dramatic play experience. 
",,,published,2025-03-01 04:44:40,2025-03-01 04:39:33,2025-03-01 04:44:40,NULL,"{""id"": 1, ""code"": ""DNI00""}","[{""id"": 1296, ""label"": ""2025 N1 Giles Andreae""}]",NULL,[],[]
295339,album,February Week 4 Enrichment classes,Octave and Ready Steady Go Kids,,,published,2025-03-01 08:39:22,2025-03-01 04:45:48,2025-03-01 08:39:21,NULL,"{""id"": 20, ""code"": ""TMJ""}","[{""id"": 1401, ""label"": ""2025 N1 Rosen""}]",NULL,[],[]
295343,album,Fossil Making with Creepy Crawlies and Playdough,"Children had a great time making fossils by pressing creepy crawlies insect toys onto play dough. They used the toy bugs to leave prints in the dough, creating their own fossil-like shapes. It was a fun way for them to feel like Paleontologists while learning about fossils and being creative at the same time.",,,published,2025-03-01 04:51:00,2025-03-01 04:50:45,2025-03-01 04:50:59,NULL,"{""id"": 1, ""code"": ""DNI00""}","[{""id"": 1296, ""label"": ""2025 N1 Giles Andreae""}]",NULL,[],[]
295356,album,"Felt Cloth ""Bug in a Rug"" Story ","Children had a blast with our Felt Cloth Bug Story activity! They were invited to unveil hidden bugs underneath a  blue rug, bringing the story to life. Each bug was carefully tucked away, and the kids got to choose which one to uncover next. As they pulled each bug out, they excitedly called out its name, learning about different insects along the way.

The best part? The children took charge in telling their own story as they arranged the bugs in any order they wanted. They became the storytellers, weaving their own bug-filled adventures as they made decisions about which bug would appear next and how the story would unfold.

This activity aims to promote language development as they practice naming the bugs, fine motor skills by handling the felt pieces, and problem-solving as they decide how to organise the bugs. It encourages creativity and confidence as children take ownership of the story and engage with their imagination. Plus, they build a deeper connection to nature through learning about insects.",,,published,2025-03-01 05:03:06,2025-03-01 05:02:51,2025-03-01 05:03:05,NULL,"{""id"": 1, ""code"": ""DNI00""}","[{""id"": 1296, ""label"": ""2025 N1 Giles Andreae""}]",NULL,[],[]
295364,album,二月第四周（24/02 - 28/02）精彩活动,"这是本周精彩活动的照片，请查看！


",,,published,2025-03-01 05:12:34,2025-03-01 05:12:10,2025-03-01 05:12:33,NULL,"{""id"": 20, ""code"": ""TMJ""}","[{""id"": 1401, ""label"": ""2025 N1 Rosen""}]",NULL,[],[]
295365,album,二月第四周（24/02 - 28/02）其他活动 ！,"这是本周其他活动的照片，请查看!
",,,published,2025-03-01 05:14:28,2025-03-01 05:13:56,2025-03-01 05:14:28,NULL,"{""id"": 20, ""code"": ""TMJ""}","[{""id"": 1401, ""label"": ""2025 N1 Rosen""}]",NULL,[],[]
295468,album,February Week 4 Enrichment class,Mathstro ,,,published,2025-03-01 08:41:37,2025-03-01 08:41:22,2025-03-01 08:42:06,NULL,"{""id"": 20, ""code"": ""TMJ""}","[{""id"": 1401, ""label"": ""2025 N1 Rosen""}]",NULL,[],[]
295472,album,February Week 4 (Part 1),24/2/25- 28/2/25,,,published,2025-03-01 08:46:03,2025-03-01 08:45:13,2025-03-01 08:46:03,NULL,"{""id"": 20, ""code"": ""TMJ""}","[{""id"": 1401, ""label"": ""2025 N1 Rosen""}]",NULL,[],[]
295473,album,February Week 4 (Part 2),24/2/25- 28/2/25,,,published,2025-03-01 08:48:19,2025-03-01 08:47:39,2025-03-01 08:48:18,NULL,"{""id"": 20, ""code"": ""TMJ""}","[{""id"": 1401, ""label"": ""2025 N1 Rosen""}]",NULL,[],[]
295475,post,拍拍画,拍啊拍啊，拍啊拍！神奇哦，它像不像毛毛虫🐛？,,,published,2025-03-01 08:57:08,2025-03-01 08:57:05,2025-03-01 08:57:08,NULL,"{""id"": 1, ""code"": ""DNI00""}","[{""id"": 1302, ""label"": ""2025 Infant Karen Katz""}]",NULL,[],[]
295477,post,贴纸毛毛虫,一个一个圆圆的，红色，蓝色，我为毛毛虫换上了一件新衣服,,,published,2025-03-01 08:59:32,2025-03-01 08:59:27,2025-03-01 08:59:32,NULL,"{""id"": 1, ""code"": ""DNI00""}","[{""id"": 1302, ""label"": ""2025 Infant Karen Katz""}]",NULL,[],[]
295480,post,叶子,大自然的叶子五彩缤纷，形态各异！,,,published,2025-03-01 09:05:43,2025-03-01 09:05:39,2025-03-01 09:05:43,NULL,"{""id"": 1, ""code"": ""DNI00""}","[{""id"": 1302, ""label"": ""2025 Infant Karen Katz""}]",NULL,[],[]
295504,album,February Week 4 Weekly Highlight (Part 1),"The children participated in a fun and engaging hands-on activity where they got to create their own sandwiches using felt ingredients. The teacher prepared a variety of felt sandwich ingredients, each with a paperclip attached. The children were given a magnetic fishing rod and were encouraged to ""catch"" the ingredients by placing the rod near the paperclips.
Once they had collected their chosen ingredients, they used sponge bread to assemble their sandwiches. This activity fostered the children’s creativity and decision-making while also strengthening their fine motor skills and hand-eye coordination.",,,published,2025-03-01 09:49:35,2025-03-01 09:48:55,2025-03-01 09:57:39,NULL,"{""id"": 20, ""code"": ""TMJ""}","[{""id"": 1401, ""label"": ""2025 N1 Rosen""}]",NULL,[],[]
295507,album,February Week 4 Weekly Highlight (Part 2),"The children participated in a fun and engaging hands-on activity where they got to create their own sandwiches using felt ingredients. The teacher prepared a variety of felt sandwich ingredients, each with a paperclip attached. The children were given a magnetic fishing rod and were encouraged to ""catch"" the ingredients by placing the rod near the paperclips.
Once they had collected their chosen ingredients, they used sponge bread to assemble their sandwiches. This activity fostered the children’s creativity and decision-making while also strengthening their fine motor skills and hand-eye coordination.",,,published,2025-03-01 09:54:25,2025-03-01 09:53:17,2025-03-01 09:58:09,NULL,"{""id"": 20, ""code"": ""TMJ""}","[{""id"": 1401, ""label"": ""2025 N1 Rosen""}]",NULL,[],[]
295521,album,"Math: Sorting by Size, Length, and Kind","The children had a fun math activity sorting natural materials! First, they grouped items by their type – bark, dried leaves, and sticks. Then, they sorted the same materials by size, using words like ""long"", ""short"", ""big"", ""small"", and ""medium"" to describe them. It was a hands-on way to learn about different ways to classify objects.",,,published,2025-03-01 10:51:33,2025-03-01 10:51:24,2025-03-01 10:51:32,NULL,"{""id"": 18, ""code"": ""OMB01""}","[{""id"": 1285, ""label"": ""2025 N2 Eric Carle""}]",NULL,[],[]
295523,album,The Letter T -- T for Tiger,"The children had a roaring good time learning about the sound and letter 'T'! They identified words and pictures that began with the 'T' sound, like ""tiger,"" ""tire,"" and ""tent.""  They enjoyed listening to the story ""The Tiger Who Came to Tea.""  To finish off the lesson, they created their own tiger artwork by pasting colourful paper shapes onto a giant letter 'T'.",,,published,2025-03-01 10:55:13,2025-03-01 10:55:07,2025-03-01 10:55:12,NULL,"{""id"": 18, ""code"": ""OMB01""}","[{""id"": 1285, ""label"": ""2025 N2 Eric Carle""}]",NULL,[],[]
295545,album,装球,"教师准备红色的大水盆，在水盆中装入水并放入海洋球，教师在准备大小不同的勺子，教师示范并邀请小朋友用手握住勺子将球从水中装出来。
",,,published,2025-03-01 12:26:26,2025-03-01 12:26:13,2025-03-01 12:26:26,NULL,"{""id"": 16, ""code"": ""MBS""}","[{""id"": 1377, ""label"": ""2025 Playgroup Care""}]",NULL,[],[]
295548,album,拼图游戏,"教师引导小朋友去探索空间里的五官拼图，先让小朋友们观察五官的图片并与小朋友分享图片上的名称，接着教师先拿出一个五官拼图示范并邀请小朋友自己尝试，等完成后再拿出下一个拼图。
",,,published,2025-03-01 12:29:10,2025-03-01 12:28:53,2025-03-01 12:29:09,NULL,"{""id"": 16, ""code"": ""MBS""}","[{""id"": 1377, ""label"": ""2025 Playgroup Care""}]",NULL,[],[]
295550,album,保龄球,"教师创设打保龄球的场景，准备瓶子、球，引导幼儿用手拿球，在地面上向前推，学习滚球的动作，击倒瓶子。
",,,published,2025-03-01 12:32:54,2025-03-01 12:32:39,2025-03-01 12:32:54,NULL,"{""id"": 16, ""code"": ""MBS""}","[{""id"": 1377, ""label"": ""2025 Playgroup Care""}]",NULL,[],[]
295554,album,去户外散步吧！,教师带领幼儿去户外散步，可以邀请幼儿坐在地上听听周围的声音，也可以抬头看看天空，之后可以邀请幼儿一起去看看树叶，触摸树叶等。,,,published,2025-03-01 12:37:38,2025-03-01 12:37:26,2025-03-01 12:37:38,NULL,"{""id"": 16, ""code"": ""MBS""}","[{""id"": 1377, ""label"": ""2025 Playgroup Care""}]",NULL,[],[]
295578,album,weekly update,"As we wrap up the month, the children continued exploring their bodies, with a focus on the parts of their faces. They completed the ""My Face"" art activity, which foster their interest in art. To make it more engaging, the children used different fruits like apples, oranges, and bananas to create their faces. The little ones were so excited about the activity that they couldn't resist eating the fruits as soon as they finished showcasing their creations.

The children also had a great time playing with rhythm sticks while listening to the song ""Head, Shoulders, Knees, and Toes."" They were encouraged to tap the corresponding body parts as the song played. Afterward, they enjoyed exploring the rhythm sticks further as they listened to some of their favorite song.

Additionally, the children engaged in an activity using bottle caps, where they collected and dropped the caps onto empty tissue rolls. For their gross motor development, they had fun playing with a parachute, lifting it up and down. Some of the children even went underneath the parachute when it was raised.
",,,published,2025-03-01 13:44:31,2025-03-01 13:39:11,2025-03-01 13:44:30,NULL,"{""id"": 5, ""code"": ""DTH01""}","[{""id"": 1409, ""label"": ""2025 Playgroup Explorers""}]",NULL,[],[]
295607,album,T1亲子活动,"亲爱的家长：

这周，小朋友们学用毛根做小兔子。他们想做一个兔妈妈和小兔，然后用“小兔”和“兔妈妈”讲《逃家小兔》的故事。

小朋友们都拿了制作材料回家，请您和孩子一起制作小兔和兔妈妈来讲故事。在您和孩子讲故事时，不必完全按照原版的故事内容进行讲述，您可以和孩子一起创编一个新的“逃家小兔”的故事。

请大家将照片/录制的视频在3月14日之前电邮给老师，我们将播放给孩子们观看，并请孩子分享在家里讲故事的趣事。",,,published,2025-03-01 15:04:59,2025-03-01 15:04:47,2025-03-01 15:04:59,NULL,"{""id"": 5, ""code"": ""DTH01""}","[{""id"": 1405, ""label"": ""2025 Kindergarten 2 Risk-Takers""}]",NULL,[],[]
295622,album,本周动态分享,在本周，孩子们带来的最爱的图书促进了幼儿们社交能力的发展，当自己作为书的主人再读图书的时候孩子们会更加的专注，调动自己的所有注意力来了解故事的内容，孩子们也展现了很好的自我认知，学会照顾自己的图书，主动的与老师朋友分享阅读，通过一周的活动，我们发现幼儿们的阅读行为明显的增加，在游戏行为中出现了很多幼儿模仿老师拿着书讲故事的情节。我们要在此特别感谢千嘉妈妈为孩子们准备的丰富的活动材料以及令孩子们十分难忘的互动时刻，千嘉妈妈带领幼儿们共同制作了很多感官教具，现在这些感官游戏出现在我们的探索区域，这里成为了最受欢迎的角落。下周开始我们会进行情绪与感受为主题的探索，在幼儿们构建对自己身体认知的关键期，带领幼儿感受情绪，捕捉自己的感受，加深自我意识。,,,published,2025-03-01 16:02:43,2025-03-01 16:02:04,2025-03-01 16:09:05,NULL,"{""id"": 5, ""code"": ""DTH01""}","[{""id"": 1408, ""label"": ""2025 Nursery 1 Engagers""}]",NULL,[],[]
295633,album,第一学期第八周活动照片,"Hi家长们好！

本周幼儿和老师一起观察图片中小白兔的五官，并进行分享自己所观察到的, 然后老师出示不同美工材料，鼓励引导幼儿尝试进行制作自己喜欢的兔子。幼儿们在制作过程中能使用马克笔和剪刀等制作材料及工具。幼儿们遇到困难也能及时的寻求老师的帮助。幼儿们制作完后与同伴进行了分享与展示。

本周是早期阅读的第四周,所以幼儿们进行创作了第一本爱心小书，在制作过程中可以看出幼儿们知道是在创作自己的小书，也很喜欢折叠式的爱心形状造型画面。

幼儿们还学习了儿歌《我爱你》和歌曲《跳舞歌》，并能在老师的鼓励引导下尝试用动作进行表演。幼儿们真的非常的棒！

儿歌《我爱你》：小兔子，我爱你！爱你我就手打开；爱你我就手举高；愛你我就跳一跳；愛你我就抱一抱。




",,,published,2025-03-01 16:40:23,2025-03-01 16:40:08,2025-03-01 16:53:42,NULL,"{""id"": 5, ""code"": ""DTH01""}","[{""id"": 1407, ""label"": ""2025 Nursery 2 Reflectors""}]",NULL,[],[]
295702,album,T1W8活动,"这周，小朋友们进行一些认读字卡、讲故事、创编故事的活动。
《逃家小兔》故事中使用了一些常用的动词：抱、跑、追、飘、找、爬等。小朋友们玩“我做你猜”游戏来认读字卡。
大家都比较熟悉了《逃家小兔》的故事，小朋友们两两一组，用棒偶进行角色对话，演绎故事。
小朋友发挥创意，想象如果小兔还是不想回家，继续要离家出走会出现的情形。大家先在图纸上画出故事大概内容，然后，用剪贴画的方式制作出故事画面。",,,published,2025-03-02 03:05:29,2025-03-02 03:05:13,2025-03-02 03:05:29,NULL,"{""id"": 5, ""code"": ""DTH01""}","[{""id"": 1405, ""label"": ""2025 Kindergarten 2 Risk-Takers""}]",NULL,[],[]
295707,album,Happy Birthday Gabriel!,Thank you for celebrating your birthday with us! Wishing you a joyous and memorable birthday!,,,published,2025-03-02 03:12:29,2025-03-02 03:12:07,2025-03-02 03:12:29,NULL,"{""id"": 18, ""code"": ""OMB01""}","[{""id"": 1284, ""label"": ""2025 N1 Christie Matheson""}]",NULL,[],[]
295709,album,Happy Birthday Evan!,Thank you for celebrating your special day with us! We hope you have an amazing birthday!,,,published,2025-03-02 03:15:25,2025-03-02 03:15:17,2025-03-02 03:15:25,NULL,"{""id"": 18, ""code"": ""OMB01""}","[{""id"": 1284, ""label"": ""2025 N1 Christie Matheson""}]",NULL,[],[]
295715,album,Octaves,"During this week's Octaves session, the children played the xylophone to Do-Re-Mi, rang bells along with music, and had a blast pretending to be different animals! Parrots flapped their scarf wings, bunnies hopped with their ears, and cats swayed their pretend tails—all while moving to songs about each animal! ",,,published,2025-03-02 03:31:47,2025-03-02 03:31:27,2025-03-04 01:51:35,NULL,"{""id"": 18, ""code"": ""OMB01""}","[{""id"": 1284, ""label"": ""2025 N1 Christie Matheson""}]",NULL,[],[]
295727,album,ThinkersBox,"In this class, the children were invited to match and screw bottle caps according to a given pattern, strengthening their problem solving abilities. They also listened carefully and pointed to pictures that matched the teacher’s description, enhancing their comprehension and attention to detail. ",,,published,2025-03-02 03:54:37,2025-03-02 03:54:09,2025-03-15 01:13:45,NULL,"{""id"": 18, ""code"": ""OMB01""}","[{""id"": 1284, ""label"": ""2025 N1 Christie Matheson""}]",NULL,[],[]
295731,album,本周分享,昊融分享了一家人去蜜蜂养殖园参观的有趣经历。他认识了蜜蜂的家是在一个大的箱子里，每一间蜜蜂的家都有名字，如果打开箱子，蜜蜂会飞出来。蜜蜂会用屁股上的针扎人，所以要穿特别的防护服。昊融还在蜜蜂养殖园品尝了好几种风味的蜂蜜，每种蜂蜜的味道有一点点不一样，但都很甜。,,,published,2025-03-02 04:06:48,2025-03-02 04:06:44,2025-03-02 04:06:47,NULL,"{""id"": 5, ""code"": ""DTH01""}","[{""id"": 1405, ""label"": ""2025 Kindergarten 2 Risk-Takers""}]",NULL,[],[]
295734,album,English Speech and Drama,"During this session, our little ones put on their thinking caps and got creative as they pretended to make a special present for their mummies! 🎁  In drama land, they became little bakers, pretending to gather ingredients and bake a delicious cake just for mummy! 🍰",,,published,2025-03-02 04:14:18,2025-03-02 04:14:04,2025-03-02 04:14:17,NULL,"{""id"": 18, ""code"": ""OMB01""}","[{""id"": 1284, ""label"": ""2025 N1 Christie Matheson""}]",NULL,[],[]
295739,album,特约专家,"小朋友们一直没有完成国家美术馆老师让他们设计的房子图纸，大家对设计房子完全没有概念。在讨论的过程中，健弘说可以请他的爸爸帮助大家学画设计图，因为爸爸是一名建筑设计师。
这周五，健弘爸爸特意来学校给小朋友们讲解了一座房子的组成部分，并示范给大家看设计房子要认识的形状和绘画方法。
此外，健弘的爸爸还介绍给小朋友们看专业的设计稿纸、水笔、比例尺，还有镭射测量仪等工具。
听完建筑设计师的讲解，小朋友们比较能理解设计房子的概念了，他们要用健弘爸爸给他们的设计稿子绘制一张房子的设计图，这项活动，我们下周会继续。",,,published,2025-03-02 04:24:09,2025-03-02 04:24:02,2025-03-02 04:24:08,NULL,"{""id"": 5, ""code"": ""DTH01""}","[{""id"": 1405, ""label"": ""2025 Kindergarten 2 Risk-Takers""}]",NULL,[],[]
295748,album,Bringing Our Peacocks to Life!,"The children were invited to continue their process art by adding the final touches to their beautiful peacocks! Last week, they created colourful tails using feathers and pipe cleaners. This time, they crafted the bird’s body using a variety of paper and felt cloth in different shapes, colours, and textures. Adding googly eyes, sequins, beaks and feathers, each peacock became a unique masterpiece!",,,published,2025-03-02 04:45:01,2025-03-02 04:44:47,2025-03-02 04:45:00,NULL,"{""id"": 18, ""code"": ""OMB01""}","[{""id"": 1284, ""label"": ""2025 N1 Christie Matheson""}]",NULL,[],[]
295755,album,Watch me grow!,"The children had such an enjoyable time looking through their baby photos alongside their friends! Some children shared about what they were doing in each photo, and some children asked to have a closer look at their friend's pictures. The children were then encouraged to identify which picture showcased them as an infant, a toddler, and as a 4 year old.",,,draft,2025-03-02 05:20:31,2025-03-02 05:19:21,2025-03-02 05:20:31,NULL,"{""id"": 1, ""code"": ""DNI00""}","[{""id"": 1298, ""label"": ""2025 N2 Eric Carle""}]",NULL,[],[]
295758,album,Gallery walk,"The day after looking through their baby photos,  the children engaged in putting their photos up on display in the photo gallery. They sorted out their photos by age and pasted them up on the wall or boards. The children then walked around from wall to wall, admiring their photos and learning more about their friends and their early childhood. The photos remain on display, encouraging children to have conversations about their growth and development!",,,draft,2025-03-02 05:31:45,2025-03-02 05:29:44,2025-03-02 05:31:45,NULL,"{""id"": 1, ""code"": ""DNI00""}","[{""id"": 1298, ""label"": ""2025 N2 Eric Carle""}]",NULL,[],[]
295764,album,Ribbon Race,"This week, the children took part in a ribbon race, where they were invited to arrange ribbons of different lengths in order. They first observed the different lengths of ribbon and learned how it could be arranged in order, ensuring that one end of the ribbon always aligned with the others for accurate comparisons. They then raced one another to gather as many ribbons as they could and worked together to arrange them in order from shortest to longest. ",,,draft,2025-03-02 05:39:25,2025-03-02 05:38:41,2025-03-02 05:39:24,NULL,"{""id"": 1, ""code"": ""DNI00""}","[{""id"": 1298, ""label"": ""2025 N2 Eric Carle""}]",NULL,[],[]
295765,album,Scooping the Bird's Food,"After enjoying the story Stellaluna, the children were invited to imitate the mummy bird feeding her babies! Instead of using a beak, they carefully scooped pompom balls with a plastic spoon and placed it into a pretend nest with their chosen bird figurine inside. 🐣

This activity helped strengthen their fine motor skills as they practiced gripping the spoon, controlling their hand movements, and carefully transferring the pompoms. It also enhanced hand-eye coordination as they focused on scooping, balancing, and accurately placing the pompoms into the nest. ",,,published,2025-03-02 05:40:04,2025-03-02 05:39:38,2025-03-02 05:40:03,NULL,"{""id"": 18, ""code"": ""OMB01""}","[{""id"": 1284, ""label"": ""2025 N1 Christie Matheson""}]",NULL,[],[]
295776,album,Weekly Update,"Hi Parents!

Last week, we continued exploring our five senses with the help of a parent volunteer! The children had a great time discovering how to use their senses by engaging with different materials and practicing phrases like, “I use my eyes to see, I use my ears to hear, I use my tongue to taste, and I use my nose to smell.” They also enjoyed their enrichment classes and have been participating actively with the other teachers.

We have also created a beautiful friendship tree where the children shared their favourite memories with their friends and talked about how those experiences made them feel. We displayed the tree outside our classroom. 

Additionally, here are a few video clips of the children singing and dancing in their music class. :)",,,published,2025-03-02 06:05:23,2025-03-02 06:04:41,2025-03-02 06:05:23,NULL,"{""id"": 5, ""code"": ""DTH01""}","[{""id"": 1408, ""label"": ""2025 Nursery 1 Engagers""}]",NULL,[],[]
295804,post,艺术工坊《兔妈妈和小兔子》,幼儿们使用彩色纸和各种手工用具创作制作课可爱的纸筒兔妈妈和小兔子，幼儿们在手工制作的过程中可以通过撕，粘，贴，画等独立性动作练习手眼协调性，并在完成手工的制作后激发幼儿们的自信心，从独立完成一项任务中也锻炼了幼儿们坚持，好奇心品质的建立。,,,draft,2025-03-02 06:56:29,2025-03-02 06:46:55,2025-03-02 06:56:28,NULL,"{""id"": 1, ""code"": ""DNI00""}","[{""id"": 1298, ""label"": ""2025 N2 Eric Carle""}]",NULL,[],[]
295814,post,踢球游戏,幼儿们在本周继续练习关于踢球的基本动作和技巧，教练通过热身运动，大肢体伸展活动让幼儿们舒展自己的身体，并轮流带领幼儿们进行踢球射门的活动。,,,draft,2025-03-02 06:52:46,2025-03-02 06:52:31,2025-03-02 06:52:45,NULL,"{""id"": 1, ""code"": ""DNI00""}","[{""id"": 1298, ""label"": ""2025 N2 Eric Carle""}]",NULL,[],[]
295831,post,大自然的声音,"在户外玩耍时，幼儿们总是对树丛中，马路上发出的各种声音充满着好奇，所以老师带领幼儿们一起去寻找这些声音，找一找大自然中这些声音的来源，幼儿们分别了解了一些昆虫的声音，例如：鸟/蜜蜂/乌鸦/蚂蚱，幼儿们选择了自己想要寻找的昆虫图片并跟随老师的脚步一起去花园寻觅声音，当有些幼儿们寻找到自己图片上昆虫时，会开心地指向天空告诉老师：我找到了小鸟。

从这项活动中幼儿们能够在大自然的环境中了解声音的来源，并结合华文的学习让幼儿们能够增强自己对大自然的好奇心。",,,draft,2025-03-02 07:07:11,2025-03-02 07:06:46,2025-03-02 07:07:43,NULL,"{""id"": 1, ""code"": ""DNI00""}","[{""id"": 1298, ""label"": ""2025 N2 Eric Carle""}]",NULL,[],[]
295837,post,水彩画,幼儿们使用蜡笔，水彩制作了可爱的画作《蜗牛》,,,draft,2025-03-02 07:11:28,2025-03-02 07:11:16,2025-03-02 07:11:28,NULL,"{""id"": 1, ""code"": ""DNI00""}","[{""id"": 1298, ""label"": ""2025 N2 Eric Carle""}]",NULL,[],[]
295891,album,Birthday Tradition Poster,"During show and tell, the children were asked to describe and explain their family's birthday traditions using the photographs, drawings and captions on their poster. The audience were encouraged to ask questions and share one thing that they have learned from their friends at the end of their presentation. ",,,published,2025-03-02 08:28:56,2025-03-02 08:28:50,2025-03-02 08:28:56,NULL,"{""id"": 18, ""code"": ""OMB01""}","[{""id"": 1287, ""label"": ""2025 K1 Jo Empson""}]",NULL,[],[]
295898,album,DIY Birthday Party Scene,"The children were given a large sheet of paper to create a birthday party scene. For example, a party room. They concentrated on drawing different groups of birthday related items using coloured markers. Then, they arranged each group of items in the scene. For instance, glue balloons and streamers in the top section as decorations, place food items on the table and position gifts in a corner. During the process, they were encouraged to talk about their artwork. ",,,published,2025-03-02 08:48:51,2025-03-02 08:48:41,2025-03-02 08:48:50,NULL,"{""id"": 18, ""code"": ""OMB01""}","[{""id"": 1287, ""label"": ""2025 K1 Jo Empson""}]",NULL,[],[]
295907,album,Love is...,"Using the book named ""Love Makes a Family"" by Sophie Beer as a provocation, the children were asked to think about how love is being shown in their own family. They drew they ideas and coloured with oil pastels. They spread glitter glue to fill up the background of their artwork. At last, they copywrote their verbatim. ",,,published,2025-03-02 09:28:56,2025-03-02 09:28:46,2025-03-02 09:28:56,NULL,"{""id"": 18, ""code"": ""OMB01""}","[{""id"": 1287, ""label"": ""2025 K1 Jo Empson""}]",NULL,[],[]
295911,album,Ribbon Width Wonders,"In this activity, the children were provided with ribbons with varying lengths. They worked together in small groups to arrange the ribbons from the thinnest to the widest. Afterward, they created a shared artwork by gluing the ribbons in order on the paper and painting over them with watercolours. ",,,published,2025-03-02 09:38:07,2025-03-02 09:38:01,2025-03-02 09:38:06,NULL,"{""id"": 18, ""code"": ""OMB01""}","[{""id"": 1287, ""label"": ""2025 K1 Jo Empson""}]",NULL,[],[]
295967,album,每周活动分享,"亲爱的家长们：
大家好！本周教师继续带领班级幼儿一起进行探索五官的奇妙之旅，我们一起开展了丰富多彩、形式多样的活动。宝贝们在各个方面都取得了令人欣喜的成长与进步。现在，就请跟随我们的分享，一同走进宝贝们精彩纷呈的一周吧！
在心理社会活动环节，我们着重培养幼儿的社交能力和互助意识。宝贝们积极参与“指认同伴”的活动，他们用稚嫩而又充满好奇的眼睛去观察身边的小伙伴，说出同伴的名字，指一指，说一说同伴的五官在哪里；同时我们也开展了“帮助同伴拿水壶”的活动，宝贝们小小的身影在教室里穿梭，将水壶递给同伴时那真诚的笑容，成为了幼儿园里最美的风景。通过这些活动，幼儿们不仅结交了更多的好朋友，还学会了在集体生活中相互关心、相互帮助，为他们今后的社会交往奠定了良好的基础。
身体动作方面，本周我们继续专注在培养幼儿的精细动作。在“穿插吸管”的活动中，宝贝们全神贯注地将吸管准确地插入漏斗的小洞中，每一次成功都让他们欢呼雀跃。拉拉链、扭瓶盖等活动也难不倒我们聪明的孩子们，他们的小手越来越灵活，动作越来越熟练。这些看似简单的小任务，却对孩子们手部肌肉的发展和手眼协调能力的提升有着重要的意义。相信在不断的练习中，孩子们的精细动作能力会越来越强。
在培养思考能力的活动中，我们引导幼儿们利用自然区角的材料拼贴五官。宝贝们发挥自己丰富的想象力，用石头做眼睛，用贝壳做鼻子，用树叶做头发……一幅幅充满创意的作品在他们的小手中诞生。这个过程不仅让孩子们更加深入地了解了五官的形状和特点，还激发了他们的创造力和想象力。他们在探索和实践中学会了观察、思考和创新，为今后的学习和生活积累了宝贵的经验。
沟通与语言能力方面，本周我们继续和幼儿们一起阅读故事书《脸，脸，各种各样的脸》。通过生动有趣的故事和精美的图片，宝贝们对五官有了更深刻的认识。在阅读过程中，我们鼓励宝贝们模仿说出“两只眼睛，一个鼻子，一张嘴”等简单的字词，引导他们了解和使用五官的名称，并说出五官的位置。幼儿们积极参与，大胆表达，语言能力得到了有效的锻炼。
美工方面，教师为幼儿们提供了丰富多样的材料，宝贝们发挥自己的创意，认真地粘贴出五官和头发。每一幅作品都充满了孩子们对美的理解和表达。
音乐律动方面，教师播放歌曲《一根小手指》，孩子们跟随音乐的节奏，用木棍或其他打击乐器打节奏，根据歌词指出身体部位的位置。他们欢快的身影、充满活力的表情，仿佛一个个小小的音乐家和舞蹈家。通过音乐律动活动，孩子们不仅感受到了音乐的魅力，还提高了节奏感和身体协调性，同时也增强了自信心和表现力。
本周，幼儿们在户外尽情地享受着阳光和快乐。他们在户外散步，呼吸着新鲜的空气，观察着周围的花草树木，感受着大自然的美好。玩水活动中，宝贝们用不同形状的滴管吸水、挤水，体验着水的流动和变化，探索着水的奥秘。玩沙活动更是孩子们的最爱，他们用干沙和湿沙堆城堡、做冰淇淋，发挥着自己的想象力和创造力。
充实的一周很快就过去了，下周开始我们将围绕新的兴趣主题“我的家庭”开展更多有趣的活动。下周见！
",,,published,2025-03-02 11:29:23,2025-03-02 11:29:05,2025-03-02 11:49:15,NULL,"{""id"": 5, ""code"": ""DTH01""}","[{""id"": 1409, ""label"": ""2025 Playgroup Explorers""}]",NULL,[],[]
295981,album,Fire Drill 2025,"On Friday, the 28th of February, the children participated in a Fire Drill.
The children were guided to the evacuation route via the staircase next to the school and gathered outside the Coffee Bean area for a debrief,

Back in school, the children learnt the importance of the Fire Drill, what to expect, and where to go. 
They also understood that they should remain calm and listen to the instructions given by the teachers.",,,published,2025-03-02 12:28:40,2025-03-02 12:28:35,2025-03-02 12:28:39,NULL,"{""id"": 10, ""code"": ""DTE01""}","[{""id"": 1315, ""label"": ""2025 Kindergarten 1 Darwin""}]",NULL,[],[]
295983,album,NFP - February 2025,"On the 28th of February, the children headed to Pasir Ris Park Carpark C for some outdoor activities.
They had fun playing games such as Police and Thief, Duck Duck Goose, Parachute and Blow Wind Blow.",,,published,2025-03-02 12:32:49,2025-03-02 12:32:39,2025-03-02 12:32:49,NULL,"{""id"": 10, ""code"": ""DTE01""}","[{""id"": 1315, ""label"": ""2025 Kindergarten 1 Darwin""}]",NULL,[],[]
295994,post,K1 Term 1 Week 8 Weekly Updates ,"For this week, children revised their Letterland letters. They then matched the content words from guided reading to the various letters that begins with the corresponding letters.

In addition, children were invited to a color mixing activity as they linked it back to the theme of family where each color represents a family member. They then represented each family member to one color and talked about the colorful creation when  the colors got mixed together. 

Lastly, children learnt about width for Math Mind using varied ribbons and proceeded to make their own craft using the ribbons provided. ",,,published,2025-03-02 12:51:57,2025-03-02 12:51:49,2025-03-02 12:51:57,NULL,"{""id"": 5, ""code"": ""DTH01""}","[{""id"": 1406, ""label"": ""2025 Kindergarten 1 Inventors""}]",NULL,[],[]
296010,album,Round the Pigs,"In this gross motor activity, children are invited to interact with balloons designed to resemble pigs. They will explore various ways to engage with the balloons, such as throwing them, hitting them to keep them afloat, and finding creative ways to move the ‘pigs’ in and out of the ‘pig pen.’ This activity encourages the development of hand-eye coordination, spatial awareness, and body control while fostering problem-solving skills and cooperative play. Additionally, children will strengthen their arm and core muscles as they experiment with different movements and strategies to manipulate the balloons.",,,published,2025-03-02 13:03:16,2025-03-02 13:02:55,2025-03-02 13:03:16,NULL,"{""id"": 18, ""code"": ""OMB01""}","[{""id"": 1283, ""label"": ""2025 Playgroup Emma Dodd""}]",NULL,[],[]
296023,album,Counting with Feathers,"In this activity, children are invited to decorate a chicken made from a paper plate using colored feathers. As they pick up each feather, they are encouraged to count along with the teacher, mirroring the counting process. This playful activity helps develop early numeracy skills by reinforcing number recognition, one-to-one correspondence, and counting sequence. Additionally, it enhances fine motor skills through grasping and placing the feathers, supports color recognition, and fosters creativity and self-expression.",,,published,2025-03-02 13:18:42,2025-03-02 13:18:31,2025-03-02 13:18:42,NULL,"{""id"": 18, ""code"": ""OMB01""}","[{""id"": 1283, ""label"": ""2025 Playgroup Emma Dodd""}]",NULL,[],[]
296032,album,分享活动：我最爱……,"老师鼓励小朋友们和爸爸妈妈讨论自己最爱的物品，并将其带来学校。来到学校后，老师鼓励小朋友们轮流来到台前向朋友展示和介绍自己最喜欢的物品，尝试使用简单的语句：“我是……”、“我最爱的是……”来进行表达。小朋友们在来到台前分享时都有一些害羞，大部分的幼儿可以在老师的鼓励下使用简单句介绍自己和自己最爱的物品；有的小朋友在老师的引导下，能够接着老师的引导完成介绍。在聆听他人分享时，大部分小朋友们能够保持专注，并且会在朋友展示自己最爱的物品时，大声的说出物品的名称。
这个活动帮助孩子们锻炼语言表达能力，增强他们的自信心。通过分享自己最爱的物品，孩子们可以练习使用简单的句子结构来表达自己的想法，培养语言能力。同时，也能在分享的过程中提高他们的社交技能和团队合作精神。在聆听他人分享时，孩子们能够专心倾听并积极参与互动，表明他们已经开始理解和尊重他人的分享，这是他们社交能力和集体意识发展的体现。",,,published,2025-03-02 13:31:43,2025-03-02 13:24:51,2025-03-02 13:31:43,NULL,"{""id"": 1, ""code"": ""DNI00""}","[{""id"": 1296, ""label"": ""2025 N1 Giles Andreae""}]",NULL,[],[]
296058,album,华文拾趣,教师请幼儿回顾这个星期大家最感兴趣的事物或印象最深的话题。鼓励幼儿相互分享他们的想法或感受，并邀请幼儿用图画、符号或文字记录自己的想法。,,,draft,2025-03-02 14:00:47,2025-03-02 14:00:28,2025-03-02 14:00:46,NULL,"{""id"": 18, ""code"": ""OMB01""}","[{""id"": 1287, ""label"": ""2025 K1 Jo Empson""}]",NULL,[],[]
296080,album,系列活动-《好忙的蜘蛛》🕷,在系列活动《好忙的蜘蛛》中，老师和小朋友们首先一起阅读了绘本《好忙的蜘蛛》，通过故事的讲述让孩子们了解蜘蛛的生活和身体结构。随后，老师邀请小朋友们观察蜘蛛的身体特点，最后鼓励小朋友们参与美术创作活动：活动开始时，孩子们使用油画棒绘制蜘蛛网，然后用水粉描绘背景颜色，在这一过程中，老师引导孩子们观察油画棒和水粉的分离反应。接下来，孩子们使用轻粘土、活动眼睛和扭扭棒制作小蜘蛛，体验各种材料的运用。孩子们自由选择自己喜爱的颜色和材料数量，创作过程充满了乐趣和创意。在完成作品后，他们兴奋地展示自己的创作，并与朋友们分享。,,,published,2025-03-02 14:42:40,2025-03-02 14:35:13,2025-03-02 14:42:40,NULL,"{""id"": 1, ""code"": ""DNI00""}","[{""id"": 1296, ""label"": ""2025 N1 Giles Andreae""}]",NULL,[],[]
296091,album,设计家务机器人,观看家务机器人的相关视频，幼儿能够以“机器人”为主题，提出自己感兴趣的问题并探究问题的答案。 幼儿根据自己的想法和构思绘制家务机器人设计图。,,,draft,2025-03-02 14:47:36,2025-03-02 14:47:21,2025-03-02 14:47:36,NULL,"{""id"": 18, ""code"": ""OMB01""}","[{""id"": 1287, ""label"": ""2025 K1 Jo Empson""}]",NULL,[],[]
296100,album,制作家务机器人,"幼儿能够根据设计图纸以及多种回收再利用的材料
制作机器人模型。教师出示幼儿从家里带来的纸盒、纸筒、塑料瓶等材料，并为幼儿提供胶带、剪刀等具。教师鼓励幼儿跟同伴商量，根据他们的设计图制作一个家务机器人送给妈妈。",,,draft,2025-03-02 15:04:45,2025-03-02 15:03:57,2025-03-02 15:04:45,NULL,"{""id"": 18, ""code"": ""OMB01""}","[{""id"": 1287, ""label"": ""2025 K1 Jo Empson""}]",NULL,[],[]
296108,album,穿线活动——好饿的毛毛虫,小朋友们在分享了《好饿的毛毛虫》绘本后，被邀请参与穿线活动中。老师首先准备了绘本中的食物道具，吸引幼儿们的注意力。老师展示了各种食物道具，邀请小朋友们一起说出它们的名称，让小朋友们回忆绘本中的内容。接着，老师拿出一条带有长长绳子的毛毛虫，并展示毛毛虫吃掉水果的过程。老师一边穿线，一边引导幼儿说出：“毛毛虫吃了……”并鼓励小朋友们模仿，边穿线边说出毛毛虫吃过的食物。通过这种的方式，帮助小朋友们复习故事情节，还通过穿线这一操作，锻炼了他们的手眼协调能力和精细动作技能。同时，小朋友们在参与的过程中能够通过语言表达来描述食物，提升了他们的语言能力。,,,published,2025-03-02 15:21:12,2025-03-02 15:12:46,2025-03-02 15:21:12,NULL,"{""id"": 1, ""code"": ""DNI00""}","[{""id"": 1296, ""label"": ""2025 N1 Giles Andreae""}]",NULL,[],[]
296110,album,"Here is the Beehive, But where are all the Bees? 🐝","Today, we learned a new song called ""Here Is the Beehive."" In the song, five little bees are hiding inside their beehive, waiting to fly out. We used a felt board with a beehive and five bees to bring the song to life. Each of us had a turn to follow along with the lyrics, first hiding the bees inside the hive and then helping them ""fly out"" at the right moment.

Through this song, we are able to practice recognizing rhyming words and simple counting from 1 to 5.

If Mummy and Daddy would like to sing along with us, you can find the song here: https://www.youtube.com/watch?v=V5Bs9xydba0&pp=ygUTaGVyZSBpcyB0aGUgYmVlaGl2ZQ%3D%3D",,,published,2025-03-02 15:17:44,2025-03-02 15:17:31,2025-03-02 15:17:44,NULL,"{""id"": 1, ""code"": ""DNI00""}","[{""id"": 1297, ""label"": ""2025 N1 Marcus Pfister""}]",NULL,[],[]
296115,album,Crayon Resist Spiderwebs! ,"We continued our exploration of spiderwebs through this artwork. In nature, spiderwebs can sometimes blend into their surroundings, making them difficult to spot, while other times, they stand out beautifully against their natural backdrop.

To illustrate this, we began by using a white crayon to draw our web patterns on a white sheet of paper. At first, we realised that our drawings were invisible! But then, as we painted over them with watercolours, we were amazed and excited to see our spiderwebs magically appear on the paper. It was a wonderful way to explore the idea of camouflage while creating a fascinating art piece!",,,published,2025-03-02 15:29:48,2025-03-02 15:29:34,2025-03-02 15:29:47,NULL,"{""id"": 1, ""code"": ""DNI00""}","[{""id"": 1297, ""label"": ""2025 N1 Marcus Pfister""}]",NULL,[],[]
296120,album,"Practicing our balance, building our confidence!","In this experience, we challenged ourselves by walking across a pathway of narrow beams at varying and increasing heights. Some of us stepped onto the mounds with confidence, moving steadily across the pathway, carefully placing one foot in front of the other. Others needed a bit more time, practice, and encouragement before attempting to cross. 

However, with each try—and with the support and cheers from our teachers—our confidence grew. By the end of the activity, we had all become more capable and self-assured, navigating the pathway more quickly and independently! Through this activity, we also practiced being patient and turn-taking.",,,published,2025-03-02 15:45:58,2025-03-02 15:45:41,2025-03-02 15:45:58,NULL,"{""id"": 1, ""code"": ""DNI00""}","[{""id"": 1297, ""label"": ""2025 N1 Marcus Pfister""}]",NULL,[],[]
296151,album,Pom Pom Whisk,"In this activity, children will foster and develop their fine motor skills and eye-hand coordination. 

Pom poms will be stuffed in the whisk of different sizes. Children will be invited to remove the pom-poms from the whisk using their fingers",,,published,2025-03-02 23:34:43,2025-03-02 23:33:42,2025-03-02 23:34:43,NULL,"{""id"": 16, ""code"": ""MBS""}","[{""id"": 1379, ""label"": ""2025 Nursery 1 Grace""}]",NULL,[],[]
296155,album,Our Facial Expressions,"Children will use pipe cleaners to represent their hair and mouth. Children are given the autonomy to choose the colours and paste them wherever they want on the paper plate. They then added the googly eyes, picking out the size of the googly eyes. Children will choose if they want to display a sad, happy, or angry expression and paste the pipe cleaner to make the expression they want. 
",,,published,2025-03-02 23:51:30,2025-03-02 23:51:04,2025-03-02 23:51:30,NULL,"{""id"": 16, ""code"": ""MBS""}","[{""id"": 1379, ""label"": ""2025 Nursery 1 Grace""}]",NULL,[],[]
296157,album,Making Ice-cream,Children recap on the various activities they do together as a family and made their very own ice-cream together as a class!,,,draft,2025-03-03 00:08:40,2025-03-03 00:08:35,2025-03-03 00:08:39,NULL,"{""id"": 16, ""code"": ""MBS""}","[{""id"": 1382, ""label"": ""2025 Kindergarten 1 Gratitude""}]",NULL,[],[]
296159,album,Balancing!,Children tried balancing on balancing beams and masking tape. They performed tasks while trying to balance themselves!,,,draft,2025-03-03 00:14:20,2025-03-03 00:14:14,2025-03-03 00:14:19,NULL,"{""id"": 16, ""code"": ""MBS""}","[{""id"": 1382, ""label"": ""2025 Kindergarten 1 Gratitude""}]",NULL,[],[]
296196,album,Numicons Line Up!,"We had a race to see which group was able to gather the most numicons. Upon collecting their numicons, the children were tasked to line them up to make a long line. We then compared the line from both teams to see which is the longest/shortest.",,,draft,2025-03-03 05:28:07,2025-03-03 05:26:55,2025-03-03 05:28:06,NULL,"{""id"": 18, ""code"": ""OMB01""}","[{""id"": 1286, ""label"": ""2025 N2 Kevin Henkes""}]",NULL,[],[]
296224,album,二月 第三周：爱心贴纸,"活动目标：
1.鼓励幼儿自由发挥，用不同颜色的爱心纸片拼贴出独特的设计。
2.通过本次活动，让孩子们感受关爱与分享的快乐。

活动过程：
教师向幼儿展示一个大爱心，并提问：“可以用什么方式表达爱？”“说我爱你是表达爱，拥抱是表达爱，帮助别人也是表达爱。每个人的小爱心汇聚在一起，就形成了一个大大的爱心，就像我们在一起时充满了爱和温暖。”幼儿可以选择自己喜欢的爱心纸片，按照自己的想法拼贴到大爱心上，并鼓励他们分享自己的作品。
活动不仅让幼儿在创作中感受到乐趣，还能培养他们的爱心与分享能力。



此活动于星期一至星期三进行。",,,published,2025-03-04 05:44:47,2025-03-03 05:46:41,2025-03-04 05:44:46,NULL,"{""id"": 10, ""code"": ""DTE01""}","[{""id"": 1313, ""label"": ""2025 Nursery 1 Taro Gomi""}]",NULL,[],[]
296238,album,二月 第三周：爱心贴纸,"活动目标：
1.鼓励幼儿自由发挥，用不同颜色的爱心纸片拼贴出独特的设计。
2.通过本次活动，让孩子们感受关爱与分享的快乐。

活动过程：
教师向幼儿展示一个大爱心，并提问：“可以用什么方式表达爱？”“说我爱你是表达爱，拥抱是表达爱，帮助别人也是表达爱。每个人的小爱心汇聚在一起，就形成了一个大大的爱心，就像我们在一起时充满了爱和温暖。”幼儿可以选择自己喜欢的爱心纸片，按照自己的想法拼贴到大爱心上，并鼓励他们分享自己的作品。
活动不仅让幼儿在创作中感受到乐趣，还能培养他们的爱心与分享能力。



此活动于星期一至星期三进行。",,,published,2025-03-04 05:45:11,2025-03-03 05:58:22,2025-03-04 05:45:11,NULL,"{""id"": 10, ""code"": ""DTE01""}","[{""id"": 1312, ""label"": ""2025 Nursery 1 Lois Ehlert""}]",NULL,[],[]
296254,album,二月NFP：户外郊游活动,"这个月我们乘坐巴士前往巴西立公园D停车场玩，但由于当天下雨，我们从巴西里公园回来在必胜客外进行了投沙包活动。



本次活动于星期四完成。",,,published,2025-03-04 05:50:34,2025-03-03 06:08:26,2025-03-04 05:50:33,NULL,"{""id"": 10, ""code"": ""DTE01""}","[{""id"": 1313, ""label"": ""2025 Nursery 1 Taro Gomi""}]",NULL,[],[]
296261,album,二月 第四周：小鱼绕线,"活动目标：
1.通过绕线活动，提高幼儿的手部协调性和控制力。
2.让幼儿尝试不同的绕线方式，发挥创意并解决操作中的困难。

活动过程：
教师出示小鱼模型等绕线材料，并提问：“这条小鱼少了什么呢？”引导幼儿观察并思考如何装饰它。教师示范如何将绳子沿着小动物模型的凸起部分绕线，提醒幼儿注意手眼协调，慢慢绕线，避免打结或绳子松散。让幼儿观察并思考，还有哪些不同的绕线方式可以尝试。这项活动不仅能锻炼幼儿的小肌肉，还能激发他们的创造力和专注力，更有兴趣参与。


此活动于星期四和星期五进行。",,,published,2025-03-04 06:13:05,2025-03-03 06:14:28,2025-03-16 09:53:01,NULL,"{""id"": 10, ""code"": ""DTE01""}","[{""id"": 1313, ""label"": ""2025 Nursery 1 Taro Gomi""}]",NULL,[],[]
296280,album,第一学期第八周照片更新,在这一周小朋友们与老师一起了解了家务机器人，看了视频，有打扫卫生的机器人，做饭机器人等，了解了家务机器人是怎样帮助我们做家务的。小朋友们也绘制了自己设计的机器人，然后与老师一起找来了回收的纸盒，厕纸筒等，尝试着按照自己的设计图进行制作机器人的活动。,,,published,2025-03-03 06:27:26,2025-03-03 06:27:03,2025-03-03 06:27:26,NULL,"{""id"": 5, ""code"": ""DTH01""}","[{""id"": 1406, ""label"": ""2025 Kindergarten 1 Inventors""}]",NULL,[],[]
296320,post,K2 Resilience Camp: Water Trekkers Day 2 Reminders,"Dear Parents,

Gentle reminders for tomorrow:

1. To make things more convenient, please have your children come to school wearing their outfield clothes and covered water shoes. Please pack the footwear they will change into after their water activity in their bags.

2.  Please make sure that the following are packed in their bags:

a. Small Ziploc:
-sunblock, insect repellent (*you may also put wet wipes or tissue)

b. Big Ziploc (After their water activity, they will be changing into the clothes that they have packed in their Ziploc bags earlier today(Day1). They will be changing at Bishan-AMK park)
- long pants, long-sleeved shirt, undergarments, towel

***Some of our friends were missing some of the items listed on the packing list. Kindly ensure that they have everything tomorrow.

c. Extra set of PE Clothes 
This is not in the packing list, but we would like the children to shower in school after the camp. 

d. Raincoat

e. Footwear 

f. Water bottle


Kind regards,
Teacher Karen 




",,,published,2025-03-03 07:40:23,2025-03-03 07:40:17,2025-03-03 07:42:49,NULL,"{""id"": 5, ""code"": ""DTH01""}","[{""id"": 1405, ""label"": ""2025 Kindergarten 2 Risk-Takers""}]",NULL,[],[]
296336,album,RN Garden - Senior Engagement,"We had our first senior engagement and it was a wonderful experience for the children! We proudly performed our Chinese New Year dance, bringing festive joy to everyone.

After the performance, the children got creative by decorating containers and pebbles, which we can now use as beautiful decorations in our garden. It was heartwarming to see them interacting with the seniors and meeting new faces!",,,published,2025-03-03 09:30:36,2025-03-03 09:30:09,2025-03-03 09:30:35,NULL,"{""id"": 10, ""code"": ""DTE01""}","[{""id"": 1316, ""label"": ""2025 Kindergarten 2 Elgar""}]",NULL,[],[]
296346,album,二月 第四周；小鱼绕线,"活动目标：
1.通过绕线活动，提高幼儿的手部协调性和控制力。
2.让幼儿尝试不同的绕线方式，发挥创意并解决操作中的困难。

活动过程：
教师出示小鱼模型等绕线材料，并提问：“这条小鱼少了什么呢？”引导幼儿观察并思考如何装饰它。教师示范如何将绳子沿着小动物模型的凸起部分绕线，提醒幼儿注意手眼协调，慢慢绕线，避免打结或绳子松散。让幼儿观察并思考，还有哪些不同的绕线方式可以尝试。这项活动不仅能锻炼幼儿的小肌肉，还能激发他们的创造力和专注力，更有兴趣参与。


此活动于星期四和星期五进行。",,,published,2025-03-04 06:13:46,2025-03-03 10:05:09,2025-03-04 06:13:45,NULL,"{""id"": 10, ""code"": ""DTE01""}","[{""id"": 1312, ""label"": ""2025 Nursery 1 Lois Ehlert""}]",NULL,[],[]
296365,album,三月第一周：小小演奏家,"活动目标：在常规活动、互动和体验中，培养婴幼儿之间的互动
活动描述：
在常规活动中,教师提供易抓握的乐器玩具，如沙锤、吉他和木鱼。让婴幼儿自由探索。教师示范摇晃或敲击，吸引幼儿的注意，并鼓励幼儿模仿。当幼儿观察并跟随他人的动作时，教师用微笑和语言引导幼儿互动，从中体验合作与交流的乐趣。
这过程不仅激发了幼儿的好奇心，还初步培养了手眼协调和社交互动的能力。
",,,published,2025-03-03 12:23:47,2025-03-03 12:15:37,2025-03-03 12:31:07,NULL,"{""id"": 10, ""code"": ""DTE01""}","[{""id"": 1310, ""label"": ""2025 Infant Mozart""}]",NULL,[],[]
296378,post,Talent Showcase on the 11th of March,"Dear Parents,

These few weeks, we have been learning and exploring about what are our specialities and how we are uniquely ourselves. In order to celebrate our wonderful selves, the class is planning to have a talent show where the little ones can showcase themselves sharing their  object or demonstrates a skill that reflects their unique abilities, such as drawing, singing, or solving puzzles. They will share their showcase with the group, explaining why it is special to them.

The showcase will be held on the 11th of March, Tuesday!
Can't wait to see the little ones' showcase!

N2 Teachers",,,published,2025-03-03 12:45:06,2025-03-03 12:45:04,2025-03-03 12:45:05,NULL,"{""id"": 5, ""code"": ""DTH01""}","[{""id"": 1407, ""label"": ""2025 Nursery 2 Reflectors""}]",NULL,[],[]
296423,post,认识家人的名称（1）,"《逃家小兔》绘本延申活动——认识家人的名称“爸爸、妈妈、哥哥、姐姐、弟弟、妹妹、爷爷、奶奶”。老师请幼儿分别将字卡散落放置在课室地板上。
老师和幼儿一起念儿歌。
      “永远爱你”
爸爸妈妈永远爱你，
爸爸妈妈永远爱你，
在爸爸妈妈的心里
你永远是爸爸妈妈的宝贝。
当儿歌念完了，老师发出指令：“请你找到你最爱的人/请你找到比你年纪大的男生/请你找到比你年纪小的女生”等等。小朋友都能快速做出反应，站在对应的字卡旁边。
随后老师请幼儿排成长龙队，将手搭在前一个小朋友的肩膀上，闭上眼睛一起走路，增强幼儿团队合作的能力，培养幼儿与同伴之间的信任感。",,,published,2025-03-03 14:36:05,2025-03-03 14:35:40,2025-03-03 14:36:05,NULL,"{""id"": 1, ""code"": ""DNI00""}","[{""id"": 1301, ""label"": ""2025 K2 Debi Gliori""}]",NULL,[],[]
296425,album,皓哲6岁啦🥰,"皓哲已经6岁啦🥰🥰
皓哲生日快乐哦🎂",,,draft,2025-03-03 14:43:06,2025-03-03 14:42:30,2025-03-03 14:43:06,NULL,"{""id"": 1, ""code"": ""DNI00""}","[{""id"": 1301, ""label"": ""2025 K2 Debi Gliori""}]",NULL,[],[]
296436,post,毛根兔子手工作品（一）——观察兔子,老师向幼儿介绍了8种世界上最奇特的8种兔子：腿最长的兔子、世界上最大的兔子、世界上最小的兔子、最像老鼠的兔子、最不像兔子的兔子、耳朵最长的兔子、毛最长的兔子、速度最快的兔子。随后老师将小兔子的许多不同形态动作的照片摆放在课室墙壁上，请幼儿分组观察，模仿兔子的动作，选出自己喜欢的小兔子。,,,published,2025-03-03 15:23:03,2025-03-03 15:22:52,2025-03-03 15:23:02,NULL,"{""id"": 1, ""code"": ""DNI00""}","[{""id"": 1301, ""label"": ""2025 K2 Debi Gliori""}]",NULL,[],[]
296441,post,毛根兔子手工作品（二）——选择材料制作兔子,让我们一起发挥创意，制作最喜欢的毛根小兔子吧！,,,published,2025-03-03 15:36:33,2025-03-03 15:36:18,2025-03-03 15:36:32,NULL,"{""id"": 1, ""code"": ""DNI00""}","[{""id"": 1301, ""label"": ""2025 K2 Debi Gliori""}]",NULL,[],[]
296453,post,毛根兔子手工作品（三）——欣赏介绍,一起欣赏我们的毛根小兔子吧！,,,published,2025-03-03 15:57:23,2025-03-03 15:57:00,2025-03-03 15:57:22,NULL,"{""id"": 1, ""code"": ""DNI00""}","[{""id"": 1301, ""label"": ""2025 K2 Debi Gliori""}]",NULL,[],[]
296478,album,Weekly Highlight: Term 1 Week 9!,"This week, for our literacy focus, we practiced forming Who, What, Where sentences!",,,published,2025-03-04 04:57:47,2025-03-03 21:35:47,2025-03-04 04:57:46,NULL,"{""id"": 20, ""code"": ""TMJ""}","[{""id"": 1432, ""label"": ""2025 K2 Potter""}]",NULL,[],[]
296503,album,February: Wall of Questions,"In the month of February, the children expressed their curiosity and interest by asking questions during our Nature Walk at D'Resort. 

The children asked the following questions:
1. Can we eat a millipede?
2. Can we step on ants?

We had a discussion in which photos and short videos were shown to the children to help them find the answers. Children's answers were recorded and placed on the wall of questions.",,,published,2025-03-04 02:18:37,2025-03-04 02:18:34,2025-03-04 02:18:36,NULL,"{""id"": 10, ""code"": ""DTE01""}","[{""id"": 1314, ""label"": ""2025 Nursery 2 Eric Carle""}]",NULL,[],[]
296526,album,February Week 2: Reach for the fruit and vegetables!,"Objectives:
1) Foster personal care skills, hygiene and safety, healthy eating habits (hand washing, cleaning up, dressing, toileting, personal safety, eating variety of food, etc) 

The children were invited to share their favorite fruits and vegetables that they enjoy purchasing at the supermarket. The teacher placed a selection of these healthy food choices in a basket. Strings were attached to the sides of the basket, creating an added challenge. The children were encouraged to retrieve the foods they spotted using their hands, tongs, or by gently shaking the basket to release them!",,,published,2025-03-04 05:29:58,2025-03-04 05:29:52,2025-03-04 05:29:57,NULL,"{""id"": 10, ""code"": ""DTE01""}","[{""id"": 1313, ""label"": ""2025 Nursery 1 Taro Gomi""}]",NULL,[],[]
296530,album,February Week 3: Self Portrait ,"Objectives:
1) Foster sense of self

The children were invited to make a self portrait of themselves on contact paper using different shape cut outs. They had lots of fun thinking of what pieces they should use for their various facial features!
",,,published,2025-03-04 05:34:16,2025-03-04 05:34:10,2025-03-04 05:34:16,NULL,"{""id"": 10, ""code"": ""DTE01""}","[{""id"": 1313, ""label"": ""2025 Nursery 1 Taro Gomi""}]",NULL,[],[]
296532,album,February Week 4: Feed The Shark!,"Objectives:
1) Foster gross motor development (walk, run, jump, climb on playground equipment, bend, kick, throw, etc)

The children were invited to toss the green ball (representing food) toward the shark's mouth! They had a fantastic time, using their imagination and enthusiasm throughout the activity.",,,published,2025-03-04 05:38:15,2025-03-04 05:38:07,2025-03-04 05:38:14,NULL,"{""id"": 10, ""code"": ""DTE01""}","[{""id"": 1313, ""label"": ""2025 Nursery 1 Taro Gomi""}]",NULL,[],[]
296543,album,精彩活动：第一学期 第九周,请家长们查阅本周精彩活动！,,,published,2025-03-04 05:57:57,2025-03-04 05:56:47,2025-03-04 05:57:56,NULL,"{""id"": 20, ""code"": ""TMJ""}","[{""id"": 1432, ""label"": ""2025 K2 Potter""}]",NULL,[],[]
296544,album,K2 Potter's Weekly Photos - March 3 to March 7th,Here are some photos of the little ones from this week!,,,published,2025-03-05 03:55:20,2025-03-04 05:57:37,2025-03-05 03:55:20,NULL,"{""id"": 20, ""code"": ""TMJ""}","[{""id"": 1432, ""label"": ""2025 K2 Potter""}]",NULL,[],[]
296561,album,消防演习,"二月的最后一天，学校组织了一次消防演习。警报声响起，老师们迅速引导幼儿停止活动，穿好鞋子。幼儿在老师的指挥下，紧张而有序地从最近的消防通道撤离，快速下楼，到达指定的安全区域。
演习结束后，老师们对幼儿进行消防安全宣传，讲解火灾发生时的应对方法，小朋友们认真聆听，进一步提高了自我保护意识。


此活动于2月28号（星期五）进行。",,,published,2025-03-07 00:50:38,2025-03-04 06:22:42,2025-03-07 00:50:37,NULL,"{""id"": 10, ""code"": ""DTE01""}","[{""id"": 1313, ""label"": ""2025 Nursery 1 Taro Gomi""}]",NULL,[],[]
296607,album,K2 Resilience Camp: Water Trekkers Day 1 ,"Dear Parents,

The children had an exciting day. They started it with Storytelling and by setting essential agreements that they are to follow for the duration of the camp. They were introduced to animal and water safety and packing practice. They then went outside for their risk assessment, drain trekking and exploration and water experiment.
They learnt that the pH scale measures how acidic or basic something is on a scale of 0 to 14. Things with a lower pH, like coca cola and vinegar, are acidic, while things with a higher pH, like soapy water and drain cleaners are basic (alkaline). In the middle, water has a neutral pH of 7.

Please enjoy browsing through the pictures of the children.

Kind regards,
Teacher Karen and Ni Laoshi",,,published,2025-03-04 07:52:34,2025-03-04 07:46:21,2025-03-05 03:54:41,NULL,"{""id"": 5, ""code"": ""DTH01""}","[{""id"": 1405, ""label"": ""2025 Kindergarten 2 Risk-Takers""}]",NULL,[],[]
296624,post,Our Family Activity Quilt Showcase!,"Our Show & Tell for the Family Activity Quilt is over! The children had been looking forward to sharing their creations ever since they arrived at school on Monday. When it was their turn to share, I felt comforted and proud to witness how each of them took pride in their work and spoke about it passionately. This was also a great opportunity for the children to ask one another questions and learn more about their friends and various family dynamics. For instance, some children noticed that their friends also exercise with their families but participate in different sports.

I would like to thank the K1 parents for putting so much effort into creating the quilts with your child. Your support and the time spent with them made this experience even more meaningful, which motivated them to share their stories. The children and I truly enjoyed looking at the different artworks, discussing them, and listening to the interesting stories their friends had to share! 🥰❤️",,,draft,2025-03-04 23:26:12,2025-03-04 09:23:38,2025-03-05 09:46:18,NULL,"{""id"": 1, ""code"": ""DNI00""}","[{""id"": 1300, ""label"": ""2025 K1 David McKee""}]",NULL,[],[]
296678,album,颜色拼图,"老师准备好裁剪好的彩色形状纸板，邀请小朋友们一起玩颜色拼图的游戏。幼儿们在探索的过程中，认识颜色和形状。
",,,draft,2025-03-04 23:13:43,2025-03-04 23:13:39,2025-03-04 23:13:43,NULL,"{""id"": 1, ""code"": ""DNI00""}","[{""id"": 1295, ""label"": ""2025 PG Rod Campbell""}]",NULL,[],[]
296679,album,晨间活动,早餐后，老师和小朋友们一起唱歌问好。一起学习学唱新的歌曲《手指一家人》。小朋友们在音乐声互动，我们又一起玩起了他们喜欢的《拔萝卜》游戏。,,,draft,2025-03-04 23:23:00,2025-03-04 23:22:56,2025-03-05 04:30:11,NULL,"{""id"": 1, ""code"": ""DNI00""}","[{""id"": 1295, ""label"": ""2025 PG Rod Campbell""}]",NULL,[],[]
296691,post,抓握汤匙,单手，双手，两手一起，看！我可以灵巧的把不同形状的汤匙拿起来，并且两手交替拿，我厉害吧！,,,published,2025-03-04 23:45:48,2025-03-04 23:45:44,2025-03-04 23:45:47,NULL,"{""id"": 1, ""code"": ""DNI00""}","[{""id"": 1302, ""label"": ""2025 Infant Karen Katz""}]",NULL,[],[]
296695,post,瓶子和瓶盖,一手抓握着圆圆的瓶子，一手抓握住扁扁的盖子，我在很认真练习把盖子准确的放在瓶口上,,,published,2025-03-04 23:53:52,2025-03-04 23:53:39,2025-03-04 23:53:52,NULL,"{""id"": 1, ""code"": ""DNI00""}","[{""id"": 1302, ""label"": ""2025 Infant Karen Katz""}]",NULL,[],[]
296732,album,Match the coloured items!,"As we are moving to a new interest on ""Colours"", the children were invited to match the different coloured items according to their respective colours (e.g., red - apple, fire truck, ladybug). The teacher also encouraged them to identify and name the colours/objects during the activity. Well done, PGs!",,,draft,2025-03-05 04:34:10,2025-03-05 04:05:08,2025-03-05 04:34:09,NULL,"{""id"": 1, ""code"": ""DNI00""}","[{""id"": 1295, ""label"": ""2025 PG Rod Campbell""}]",NULL,[],[]
296750,album,Colour droppers art,"To foster the children's interest in art, they were invited to use droppers and paper towel to create their unique colour artwork. The children were encouraged to explore and observe the colour mixing while squeezing out the coloured water using the droppers. During the activity, the teacher also invited the children to identify and name some of the colours they see on their paper towel. Great job, PGs!",,,draft,2025-03-05 04:59:42,2025-03-05 04:59:37,2025-03-05 04:59:41,NULL,"{""id"": 1, ""code"": ""DNI00""}","[{""id"": 1295, ""label"": ""2025 PG Rod Campbell""}]",NULL,[],[]
296813,album,二月 第四周 认识颜色：涂鸦活动,"
活动目标：
1. 初步掌握颜色的名称。
2. 培养幼儿参与涂鸦的积极性和分辨颜色的能力。

活动过程：

活动开始时，教师首先通过颜色卡片或实物展示，如红色的苹果、蓝色的天空等，引导孩子们认识不同的颜色。接着，教师鼓励孩子们用蜡笔或颜料自由涂鸦，并在过程中询问孩子们使用了哪些颜色，帮助他们正确说出颜色名称。在涂鸦的同时，教师可以通过提问和互动，激发孩子们对颜色的兴趣，如“你喜欢哪个颜色？”“这是什么颜色？”活动结束时，孩子们展示自己的作品，并分享自己使用的颜色，教师给予积极反馈，鼓励孩子们在涂鸦中大胆尝试不同的颜色。


活动时间：2025年2月25—26日",,,published,2025-03-05 06:06:52,2025-03-05 06:06:41,2025-03-05 06:06:51,NULL,"{""id"": 10, ""code"": ""DTE01""}","[{""id"": 1311, ""label"": ""2025 Playgroup Michael Rosen""}]",NULL,[],[]
296836,album,三月精彩相册（一）,"早期阅读认字游戏
手工--制作卡片
运动课程
课程介绍--家庭树
书写--我会关心家人",,,published,2025-03-05 06:40:48,2025-03-05 06:38:21,2025-03-05 06:40:47,NULL,"{""id"": 20, ""code"": ""TMJ""}","[{""id"": 1432, ""label"": ""2025 K2 Potter""}]",NULL,[],[]
296864,album,周活动 -- 第一学期第九周,"3/3 -- 7/3

这是孩子们在统计投票结果的精彩画面，请您查收！",,,published,2025-03-05 07:38:18,2025-03-05 07:37:09,2025-03-05 07:38:17,NULL,"{""id"": 20, ""code"": ""TMJ""}","[{""id"": 1371, ""label"": ""2025 N2 Donaldson""}]",NULL,[],[]
296867,album,精彩活动 -- 第一学期第九周,"03/3 -- 07/3

  本周是N2 Donaldson 第一学期第九周,本周的主要内容是：教师请幼儿分享自己和家人之间爱的小故事，夸一夸我们的家人。同时也邀请幼儿跟同伴分享，妈妈在家里经常做什么，妈妈为什么要帮家里人做家务，引导幼儿感受妈妈对家人的爱。请幼儿说说他们可以用哪些方式来表达对妈妈的爱，如：帮妈妈的拿纸巾；帮妈妈拿水杯；帮妈妈拿拖鞋；拥抱妈妈；跟妈妈说谢谢等。教师为幼儿提供小卡片，请幼儿在上面画上自己的脸作为投票卡。教师请他们选出自己最喜欢的表达爱的方式进行投票。教师邀请幼儿轮流计算每种方式所得的票数是多少，然后鼓励幼儿比一比，哪种方式最受欢迎。
     同时，我们也展开了《我的好妈妈》的改编儿歌活动，教师出示美禄、咖啡、果汁等饮料图片，鼓励幼儿把其他的饮料加进儿歌里，替换儿歌中的 “茶” 。让幼儿体验自己创编歌曲的快乐，以及提升学华语的自信心。
",,,published,2025-03-05 07:45:25,2025-03-05 07:44:25,2025-03-05 07:46:42,NULL,"{""id"": 20, ""code"": ""TMJ""}","[{""id"": 1371, ""label"": ""2025 N2 Donaldson""}]",NULL,[],[]
296876,album,直呼其名,"教师鼓励幼儿围成一个圈，进行《叫名字传小球》游戏。拿着小球的幼儿需随机喊出一位朋友的名字，并将小球传给他，接着被传到小球的幼儿继续喊出另一位朋友的名字并传递小球，依此类推。
",,,published,2025-03-06 05:14:05,2025-03-05 08:06:32,2025-03-06 05:14:05,NULL,"{""id"": 18, ""code"": ""OMB01""}","[{""id"": 1284, ""label"": ""2025 N1 Christie Matheson""}]",NULL,[],[]
296883,album,周活动——第一学期第八周,"24/02/2025——28/02/2025

  请查收周活动照片！",,,published,2025-03-05 08:59:21,2025-03-05 08:58:08,2025-03-05 08:59:20,NULL,"{""id"": 20, ""code"": ""TMJ""}","[{""id"": 1404, ""label"": ""2025 K1 Bailey""}]",NULL,[],[]
296893,album,华文演绎课,"老师教导幼儿学习儿歌《小鸟》，鼓励幼儿先跟着老师一起逐句复述读出歌词，接着再搭配音乐一起唱跳。过程中，老师也有鼓励幼儿分组上台表演。

歌词：鸟儿鸟儿展翅飞，飞高又飞低，累了就休息。

老师为幼儿复习《谁咬了我的大饼？》故事，鼓励幼儿轮流上台扮演故事里的角色演绎故事。",,,published,2025-03-06 05:16:03,2025-03-05 09:44:31,2025-03-06 05:16:02,NULL,"{""id"": 18, ""code"": ""OMB01""}","[{""id"": 1284, ""label"": ""2025 N1 Christie Matheson""}]",NULL,[],[]
296906,post,"""Oball""","Ali explored the oball by grabbing the rings to pull and tug the oball. It moved in different directions as he pulled it tightly in his hands and when the ball rolled towards him, he quickly grabbed it tightly with his hands. He continued to move his hands side to side and watched the oball roll away and near his face.
",,,published,2025-03-05 10:36:52,2025-03-05 10:36:45,2025-03-05 10:36:52,NULL,"{""id"": 1, ""code"": ""DNI00""}","[{""id"": 1302, ""label"": ""2025 Infant Karen Katz""}]",NULL,[],[]
296911,post,"""Solid Feeding""","It’s pumpkin week and Ali is excited to sit on the feeding chair. Upon eating his pumpkin, he suckled on the spoon to eat his pureed pumpkin while making different expressions. He was able to finish 50mls and more food to come! 😁 He only took a very small amount of water for now and it is okay as the teachers will continue to introduce water gradually.
",,,published,2025-03-05 10:48:02,2025-03-05 10:47:56,2025-03-05 10:48:02,NULL,"{""id"": 1, ""code"": ""DNI00""}","[{""id"": 1302, ""label"": ""2025 Infant Karen Katz""}]",NULL,[],[]
296912,post,"""Shake, Shake Scarves""","As the educarer sang “shake, shake, shake scarves”, he watched the scarves flow up and down. He also grabbed and pulled the scarves with his hands to shake the scarves together!
",,,published,2025-03-05 10:50:54,2025-03-05 10:50:49,2025-03-05 10:50:53,NULL,"{""id"": 1, ""code"": ""DNI00""}","[{""id"": 1302, ""label"": ""2025 Infant Karen Katz""}]",NULL,[],[]
296919,post,Smart Science Lab,"This week, the children from the Smart Science Lab were introduced to rockets, where they learnt how rockets work through various experiments. For instance, using balloons as well as a baking soda and vinegar reaction. The children also experimented with balloons to resemble a rocket by releasing the balloon and allowing the escaping air to propel it upwards.",,,draft,2025-03-06 00:26:04,2025-03-05 12:34:34,2025-03-06 00:26:03,NULL,"{""id"": 1, ""code"": ""DNI00""}","[{""id"": 1300, ""label"": ""2025 K1 David McKee""}]",NULL,[],[]
296951,album,三月第一周活动：水中大和小,"活动目标：通过常规，互动和自由探索活动，如：玩水，球盒子等材料，发展对于大小和形状的数概念
活动过程：老师把大小不一的水果放到盛有水的盒子里，让幼儿在水里捞水果，老师会在旁提示：“这个是大苹果”，“这个是小苹果”，还有大香蕉小香蕉，大橙子和小橙子，幼儿伸手在水里自由探索捞起水果，玩的很开心，还会像老师展示自己的“战利品”。",,,draft,2025-03-05 13:34:03,2025-03-05 13:33:58,2025-03-05 13:34:02,NULL,"{""id"": 10, ""code"": ""DTE01""}","[{""id"": 1310, ""label"": ""2025 Infant Mozart""}]",NULL,[],[]
296953,album,三月第一周精彩活动,快和爸爸妈妈一起来看看我们的照片吧！,,,published,2025-03-07 12:29:33,2025-03-05 13:37:23,2025-03-07 12:29:32,NULL,"{""id"": 20, ""code"": ""TMJ""}","[{""id"": 1395, ""label"": ""2025 PG Kale""}]",NULL,[],[]
296959,album,Term 1 Week 9 Photos: Bowling Master,"Children were provided with opportunities to practice throwing a ball in the right direction, aiming at a target with reasonable accuracy in a classic game of bowling! ",,,published,2025-03-06 06:09:43,2025-03-05 14:13:55,2025-03-06 06:09:42,NULL,"{""id"": 20, ""code"": ""TMJ""}","[{""id"": 1403, ""label"": ""2025 N2 Florence""}]",NULL,[],[]
296960,album,Term 1 Week 9 Photos: Building a tower city,"Children were provided with jenga stones to build ""towers"" of different heights. The children explored math vocabulary used in the concept of height such as 'tall', 'short', 'middle', 'tallest', 'shortest', 'taller' and 'shorter' during the activity. Some challenged themselves to build the tallest tower with all of the jenga stones available!",,,published,2025-03-06 06:08:28,2025-03-05 14:18:27,2025-03-06 06:08:28,NULL,"{""id"": 20, ""code"": ""TMJ""}","[{""id"": 1403, ""label"": ""2025 N2 Florence""}]",NULL,[],[]
296967,album,以杰生日快乐,"上星期五是以杰的生日会，当天每位小朋友都非常期待你的蛋糕呢！
希望这简单的生日会能让大家都感到开心！",,,published,2025-03-05 14:41:14,2025-03-05 14:41:09,2025-03-05 14:41:14,NULL,"{""id"": 10, ""code"": ""DTE01""}","[{""id"": 1315, ""label"": ""2025 Kindergarten 1 Darwin""}]",NULL,[],[]
296972,album,Weekly Highlight: Term 1 Week 9 (Feelings with Familiar Things & Places),-,,,published,2025-03-06 06:08:17,2025-03-05 15:01:09,2025-03-06 06:08:16,NULL,"{""id"": 20, ""code"": ""TMJ""}","[{""id"": 1403, ""label"": ""2025 N2 Florence""}]",NULL,[],[]
297034,album,三月第一周精彩活动,猜猜看袋子里藏的是什么蔬菜水果呢？ 是芒果吗？答对了！我太棒了！,,,published,2025-03-06 04:42:35,2025-03-06 04:41:55,2025-03-06 04:42:35,NULL,"{""id"": 20, ""code"": ""TMJ""}","[{""id"": 1397, ""label"": ""2025 PG Campbell""}]",NULL,[],[]
297037,album,Weekly Highlight (Eat your Superpowers),March Week 1,,,published,2025-03-06 04:47:25,2025-03-06 04:47:15,2025-03-06 04:47:25,NULL,"{""id"": 20, ""code"": ""TMJ""}","[{""id"": 1397, ""label"": ""2025 PG Campbell""}]",NULL,[],[]
297039,album,Activities of the Week,March Week 1,,,published,2025-03-06 04:57:21,2025-03-06 04:56:37,2025-03-06 04:57:21,NULL,"{""id"": 20, ""code"": ""TMJ""}","[{""id"": 1397, ""label"": ""2025 PG Campbell""}]",NULL,[],[]
297042,album,三月日记（02/03/2025_06/03/2025),三月第一周的照片在这里哦！这一周我们迎来新朋友！快和爸爸妈妈一起来看看照片，把他介绍给爸爸妈妈吧！,,,published,2025-03-06 05:09:05,2025-03-06 05:05:13,2025-03-06 05:09:05,NULL,"{""id"": 20, ""code"": ""TMJ""}","[{""id"": 1397, ""label"": ""2025 PG Campbell""}]",NULL,[],[]
297044,album,March Week One Weekly Highlight,"Following their hands-on play experience with felt pizza pieces, the children engaged in a fun drawing activity to create their own pizza toppings using markers. This activity helped to develop their fine motor skills by encouraging them to draw different types of lines-straight lines, curved lines, wavy lines and even small dots.
The children had the opportunity to enhance their hand control, coordination, and grip strength. In addition to supporting early writing skills, this creative exercise allowed children to express their ideas while strengthening their fine motor abilities in an enjoyable and engaging way.",,,published,2025-03-06 05:29:06,2025-03-06 05:16:13,2025-03-06 05:29:06,NULL,"{""id"": 20, ""code"": ""TMJ""}","[{""id"": 1401, ""label"": ""2025 N1 Rosen""}]",NULL,[],[]
297056,post,Our Numicon City,"Today, the children explored Numicon by tracing the outlines of their preferred Numicon pieces to create their own Numicon City. They arranged the pieces as they wished, using the shapes to form unique designs and patterns, then enhanced them with watercolour. Their Numicon City featured creations such as a submarine, apartments, and vehicles! This activity encouraged them to think creatively while exploring different ways to use Numicon and becoming more familiar with its shapes and quantities.",,,published,2025-03-06 15:16:39,2025-03-06 05:48:29,2025-03-06 15:16:38,NULL,"{""id"": 1, ""code"": ""DNI00""}","[{""id"": 1300, ""label"": ""2025 K1 David McKee""}]",NULL,[],[]
297057,album,March Week One Enrichment class,Octave,,,published,2025-03-06 05:49:34,2025-03-06 05:49:10,2025-03-06 05:49:34,NULL,"{""id"": 20, ""code"": ""TMJ""}","[{""id"": 1401, ""label"": ""2025 N1 Rosen""}]",NULL,[],[]
297065,album,March Week 1: Wipe Our Face in the Mirror,"Learning Objectives: 
1. Foster awareness of personal hygiene and safety, healthy eating habits

The children were invited to wipe their face with a soft tissue. 
They were explained that it is important to keep their face clean after eating or playing, especially if there are food crumbs or dirt.

Date of Activity: 4 March 2025",,,published,2025-03-06 05:53:35,2025-03-06 05:53:28,2025-03-06 05:53:35,NULL,"{""id"": 10, ""code"": ""DTE01""}","[{""id"": 1311, ""label"": ""2025 Playgroup Michael Rosen""}]",NULL,[],[]
297069,album,"Ready, Steady, Go Kids (T1W9)",本周孩子们玩了一个叫做“石头、剪刀、布”的新游戏，请欣赏！,,,published,2025-03-06 05:55:14,2025-03-06 05:54:25,2025-03-06 05:55:13,NULL,"{""id"": 20, ""code"": ""TMJ""}","[{""id"": 1433, ""label"": ""2025 K2 Robinson""}]",NULL,[],[]
297071,album,March Week 1 Weekly Highlight: Slotting Fruits!,"Objectives: Foster fine motor development 

The children were invited to use the cotton buds (coloured) and placed it inside the fruits. They will also be encouraged to take out the cotton buds after placing it in. This activity helps enhance their hand-eye coordination and dexterity. As they work with the cotton buds, the children are also learning about colors and shapes in a fun, interactive way. Additionally, this exercise promotes concentration and patience, as they carefully insert and remove each cotton bud. Teachers will guide the children, offering support and praise to build their confidence and enthusiasm for learning through play.",,,published,2025-03-06 05:56:26,2025-03-06 05:55:54,2025-03-06 05:56:25,NULL,"{""id"": 20, ""code"": ""TMJ""}","[{""id"": 1395, ""label"": ""2025 PG Kale""}]",NULL,[],[]
297086,album,March Week 1 Photo Album,"3 Mar - 6 Mar

Enjoy the photos! (:",,,published,2025-03-06 06:14:42,2025-03-06 06:13:03,2025-03-06 06:14:41,NULL,"{""id"": 20, ""code"": ""TMJ""}","[{""id"": 1395, ""label"": ""2025 PG Kale""}]",NULL,[],[]
297088,album,第一学期 第八周： 参观全民Q&M牙医诊所,"活动目标:
1.让幼儿认识牙齿的重要性，了解基本的口腔健康知识。
2.学习正确的刷牙方法和护牙习惯，如:早晚刷牙。

活动过程：
幼儿参观牙医诊所，首先由牙医或工作人员带领他们认识诊所环境，观察牙医的器具，如小镜子和喷水器等。接着，幼儿体验牙医的躺椅，感受升降功能，增加对看牙的熟悉感。牙医还会演示如何使用检查工具，并示范正确的刷牙方式，教导幼儿掌握正确的刷牙技巧，培养良好的口腔卫生习惯。整个过程既有趣又富有教育意义，让幼儿对看牙医减少恐惧，建立健康的护牙意识。",,,published,2025-03-06 06:17:52,2025-03-06 06:16:59,2025-03-06 06:17:51,NULL,"{""id"": 10, ""code"": ""DTE01""}","[{""id"": 1314, ""label"": ""2025 Nursery 2 Eric Carle""}]",NULL,[],[]
297091,album,美妙的音乐课,让我们一起感受音乐的美妙时刻🥰,,,draft,2025-03-06 06:23:16,2025-03-06 06:21:20,2025-03-06 06:23:15,NULL,"{""id"": 1, ""code"": ""DNI00""}","[{""id"": 1301, ""label"": ""2025 K2 Debi Gliori""}]",NULL,[],[]
297093,album,March Week One (Part 1),3/3/25- 6/3/25,,,published,2025-03-06 06:24:54,2025-03-06 06:23:43,2025-03-06 06:24:53,NULL,"{""id"": 20, ""code"": ""TMJ""}","[{""id"": 1401, ""label"": ""2025 N1 Rosen""}]",NULL,[],[]
297099,album,2 月份生日寿星-恩溢和舒茵,"N2的老师们和小朋友们一起庆祝了恩溢和舒茵的生日。小朋友们一起唱生日快乐歌，一起吃蛋糕。恩溢的妈妈、爸爸和哥哥还有舒茵的父母来学校为他们庆祝了生日，非常开心。恩溢和舒茵，祝你们四岁生日快乐！
",,,published,2025-03-06 06:29:23,2025-03-06 06:29:05,2025-03-06 06:29:22,NULL,"{""id"": 10, ""code"": ""DTE01""}","[{""id"": 1314, ""label"": ""2025 Nursery 2 Eric Carle""}]",NULL,[],[]
297108,album,March Week 1: Weekly Highlight,Sorting fruits and vegetables by colour!,,,published,2025-03-06 06:37:40,2025-03-06 06:37:12,2025-03-06 06:37:40,NULL,"{""id"": 20, ""code"": ""TMJ""}","[{""id"": 1402, ""label"": ""2025 N1 Kelly""}]",NULL,[],[]
297109,album,Bugs puzzle,"While working with the bug puzzle, children learned to identify various insects, improving their knowledge of nature and enhancing their observation skills. As they matched the pieces, they practiced problem-solving, fine motor skills, and hand-eye coordination, which were important at that developmental stage.

By interacting with the puzzle, they gained a sense of accomplishment and confidence upon completing it! Additionally, these types of puzzles allowed them to foster creativity, as they began associating different colours and shapes with the bugs they encountered.",,,published,2025-03-06 06:41:21,2025-03-06 06:38:02,2025-03-06 06:41:21,NULL,"{""id"": 1, ""code"": ""DNI00""}","[{""id"": 1296, ""label"": ""2025 N1 Giles Andreae""}]",NULL,[],[]
297115,album,Thinkerbox 4th March,"During the ThinkerBox enrichment activity this week, children learned to recognize and create patterns through images and threading. They practiced identifying repeating sequences, which helped develop their critical thinking skills. By threading colorful beads into patterns, they also enhanced their fine motor skills. Overall, the activity provided a fun and engaging way to deepen their understanding of patterns while fostering hands-on learning.



",,,published,2025-03-06 06:45:19,2025-03-06 06:42:44,2025-03-06 06:45:19,NULL,"{""id"": 1, ""code"": ""DNI00""}","[{""id"": 1296, ""label"": ""2025 N1 Giles Andreae""}]",NULL,[],[]
297120,album,March Week 1: Enrichment,"Julia Gabriel, Octaves, Mathstro & Sports",,,published,2025-03-06 06:48:08,2025-03-06 06:46:54,2025-03-07 06:57:31,NULL,"{""id"": 20, ""code"": ""TMJ""}","[{""id"": 1402, ""label"": ""2025 N1 Kelly""}]",NULL,[],[]
297124,album,"Happy Birthday, Mu Zhuo! 🎂","Thank you for celebrating your special day with friends and making it so memorable. It was a blast enjoying delicious cupcakes together and sharing laughter and joy. Wishing you a year filled with happiness, love, and many more moments to cherish. Here’s to many more celebrations with great friends and sweet treats! ",,,published,2025-03-06 06:52:40,2025-03-06 06:50:25,2025-03-06 06:52:40,NULL,"{""id"": 1, ""code"": ""DNI00""}","[{""id"": 1296, ""label"": ""2025 N1 Giles Andreae""}]",NULL,[],[]
297129,album,March Week 1,Activities of the week,,,published,2025-03-06 06:54:16,2025-03-06 06:53:43,2025-03-06 06:54:15,NULL,"{""id"": 20, ""code"": ""TMJ""}","[{""id"": 1402, ""label"": ""2025 N1 Kelly""}]",NULL,[],[]
297153,album,每周精彩活动——（第一学期——第九周--猜猜我有多爱你）,"通过绘画线条和比较长度的方式，引导孩子理解“尺度”和“比较”的概念。
1. 认知目标：通过故事情境，初步理解“长”“短”“更长”等相对长度的概念。
2. 技能目标：学会用绘画的方式表现不同的长度，例如用线条、手臂张开的距离等方式表达“爱有多大”。
3. 情感目标：通过绘画和肢体动作，表达自己对家人的爱，增强亲子互动。
• 阅读绘本《猜猜我有多爱你》，让孩子关注故事中的小兔子和大兔子如何用手臂、跳跃等方式表达爱。
 身体感知：
• 让孩子用自己的手臂、双腿、全身动作来表现“我有多爱妈妈”，并用语言描述“这么长”“更长”“最长”。
 绘画创作：
• 指导孩子画一条代表“爱”的线条，可以是从短到长的对比，比如“我今天的爱这么长，但明天可能更长！”
• 也可以让孩子画一个大大的拥抱，手臂的长度可以拉长，形成有趣的对比。
对比讨论：
• 让孩子观察彼此的画作，比较“谁的爱更长？”“谁的线条最长？”并鼓励他们用语言表达自己的发现。
这种方式既能结合数学启蒙（比较长度），又能让孩子通过艺术表达情感，同时提高他们的语言表达能力。",,,published,2025-03-06 07:28:21,2025-03-06 07:27:54,2025-03-06 07:28:21,NULL,"{""id"": 20, ""code"": ""TMJ""}","[{""id"": 1403, ""label"": ""2025 N2 Florence""}]",NULL,[],[]
297156,album,体育课,"1. 运动技能目标（大肌肉发展）

• 掌握基本动作技能，如跑、跳、爬、平衡、投掷等，提高身体协调性和灵活性。

• 练习双脚连续跳跃、单脚站立、跨步跳等，提高下肢力量和平衡能力。

• 学习简单的投掷和接球动作，发展手眼协调能力。

2. 认知目标（空间感知与规则意识）

• 认识身体不同部位的运动能力，如手、脚、膝盖如何配合完成不同的动作。

• 学习基本的运动规则，如轮流游戏、遵守比赛规则，培养公平竞争意识。

• 了解简单的方向（前后、左右、上下来回）和空间关系，提高方向感和位置感知能力。

3. 社会与情感目标（团队合作与意志品质）

• 在游戏中体验合作与分享，学习团队配合，例如“双人合作运球”等游戏。

• 培养坚持与勇敢的精神，鼓励幼儿尝试新动作，面对挑战不轻易放弃。

• 在运动过程中学会遵守纪律，倾听指令，增强自控能力。

4. 健康与安全目标

• 通过体育活动提高心肺耐力和肌肉力量，增强体质。",,,published,2025-03-06 07:34:21,2025-03-06 07:33:52,2025-03-06 07:34:21,NULL,"{""id"": 20, ""code"": ""TMJ""}","[{""id"": 1403, ""label"": ""2025 N2 Florence""}]",NULL,[],[]
297168,album,第一学期第九周精彩活动,"Objective(s)/目标:
幼儿能够随着音乐节奏来表演歌曲，通过歌曲表达对妈妈的情感。
幼儿能积极地用华语分享自己的想法。",,,published,2025-03-06 08:04:39,2025-03-06 08:04:09,2025-03-06 08:04:39,NULL,"{""id"": 20, ""code"": ""TMJ""}","[{""id"": 1433, ""label"": ""2025 K2 Robinson""}]",NULL,[],[]
297170,album,第一学期第九周,3月3日-3月7日,,,published,2025-03-06 08:12:23,2025-03-06 08:11:02,2025-03-06 08:12:22,NULL,"{""id"": 20, ""code"": ""TMJ""}","[{""id"": 1433, ""label"": ""2025 K2 Robinson""}]",NULL,[],[]
297172,album,Resilience Camp: Water Trekkers (Day 3),"Dear Parents,

The children spent the last day of they of their camp exploring the Lower Pierce park where they were aske to spot animals. They spotted a colugo, frogs and lots of
squirrels and monkeys. They worked with their partner to make a fishing rod. While it was a hot and sunny day, they couldn't get enough of trying to catch a fish with their DIY rods.

Kind regards,
Teacher Karen",,,published,2025-03-06 08:17:06,2025-03-06 08:15:30,2025-03-10 03:10:07,NULL,"{""id"": 5, ""code"": ""DTH01""}","[{""id"": 1405, ""label"": ""2025 Kindergarten 2 Risk-Takers""}]",NULL,[],[]
297177,album,Resilience Resilience Camp: Water Trekkers (Day 2),The children had a splashing fun time learning about our storm water systems through experiments and hands-on investigation of our drains and reservoirs.,,,published,2025-03-06 08:29:01,2025-03-06 08:28:23,2025-03-06 15:01:14,NULL,"{""id"": 5, ""code"": ""DTH01""}","[{""id"": 1405, ""label"": ""2025 Kindergarten 2 Risk-Takers""}]",NULL,[],[]
297189,post,K1 Term 1 Week 9 Weekly Updates ,"For this week, children revised the core book [Pablo's Tree]. They proceeded to draw pictures of their grandfather and copy-write how they call their own grandfather in their own language. 

Children continued to have fun playing games and water play with their peers on the second level, too.

Lastly, children revisited their math concept of thin and thick using numicon shapes and traced structures of their building on the drawing paper. ",,,draft,2025-03-06 09:20:42,2025-03-06 09:20:30,2025-03-06 09:20:41,NULL,"{""id"": 5, ""code"": ""DTH01""}","[{""id"": 1406, ""label"": ""2025 Kindergarten 1 Inventors""}]",NULL,[],[]
297206,post,Play dough ,"My friends and I are exploring play dough by pinching, pressing, and even pulling it apart with our fingers.",,,published,2025-03-06 10:13:45,2025-03-06 10:13:41,2025-03-06 10:13:44,NULL,"{""id"": 1, ""code"": ""DNI00""}","[{""id"": 1302, ""label"": ""2025 Infant Karen Katz""}]",NULL,[],[]
297207,post,看书,打开，打开！打开之后我看到了什么？是一个长长的盒子，里面有一列长长的火车开了出来,,,published,2025-03-06 10:14:35,2025-03-06 10:14:32,2025-03-06 10:14:34,NULL,"{""id"": 1, ""code"": ""DNI00""}","[{""id"": 1302, ""label"": ""2025 Infant Karen Katz""}]",NULL,[],[]
297209,post,Pour or scoop the water ,"The educarer guided me by tilting the bottle sideways as I poured the water out of the cup to empty it. By scooping, the cup will become full.",,,published,2025-03-06 10:17:08,2025-03-06 10:17:04,2025-03-06 10:17:08,NULL,"{""id"": 1, ""code"": ""DNI00""}","[{""id"": 1302, ""label"": ""2025 Infant Karen Katz""}]",NULL,[],[]
297213,post,动物彩绘,看，我用海绵沾上漂亮的颜料，在白纸上印出了动物的形状！,,,published,2025-03-06 10:25:37,2025-03-06 10:25:31,2025-03-06 10:45:57,NULL,"{""id"": 1, ""code"": ""DNI00""}","[{""id"": 1302, ""label"": ""2025 Infant Karen Katz""}]",NULL,[],[]
297214,album,I can drink from a cup!,"This month, the children will focus on practicing drinking from a cup during breakfast and tea break time. Do reinforce this self-help skill at home too! 😊",,,draft,2025-03-06 10:31:28,2025-03-06 10:31:24,2025-03-06 10:31:27,NULL,"{""id"": 1, ""code"": ""DNI00""}","[{""id"": 1295, ""label"": ""2025 PG Rod Campbell""}]",NULL,[],[]
297216,post,捞鸭子,嘎，嘎，嘎！看，我用捞鱼网捞出了一只、两只、三只小鸭子！,,,published,2025-03-06 10:38:50,2025-03-06 10:38:43,2025-03-06 10:44:52,NULL,"{""id"": 1, ""code"": ""DNI00""}","[{""id"": 1302, ""label"": ""2025 Infant Karen Katz""}]",NULL,[],[]
297218,post,打开盒子,摇一摇，哎！盒子里好像有东西！让我们打开看看里面有什么吧！哇！是可爱的手指玩偶、小帽子，还有好玩的弹簧软管！,,,published,2025-03-06 10:44:11,2025-03-06 10:43:57,2025-03-06 10:44:10,NULL,"{""id"": 1, ""code"": ""DNI00""}","[{""id"": 1302, ""label"": ""2025 Infant Karen Katz""}]",NULL,[],[]
297222,post,冰块彩绘,咦，这是什么？冰冰凉凉的！原来是五颜六色的冰块！看，我在白纸上绘出美丽的颜色！,,,published,2025-03-06 10:52:59,2025-03-06 10:52:53,2025-03-06 10:52:59,NULL,"{""id"": 1, ""code"": ""DNI00""}","[{""id"": 1302, ""label"": ""2025 Infant Karen Katz""}]",NULL,[],[]
297224,album,《小虫虫的多彩生活》,"教师为小朋友们带来一个绘本故事，我们可以想象一下小虫虫的生活是什么样子的吗？一起来看看吧！
有的虫虫会飞飞，有的虫虫会爬爬，有的虫虫喜欢唱歌跳舞，小朋友可以一一认识这些虫虫的特征，说一说它们的特征，还有的虫虫会躲迷藏，哎呀找不到它们在哪里啦？请我们的宝贝帮忙找一找，教师引导幼儿发现画面中会“隐身”的小虫虫，在这个过程中锻炼了幼儿的观察能力，并且进行适当提问发展幼儿的认知和语言能力。",,,draft,2025-03-06 12:12:39,2025-03-06 12:12:27,2025-03-06 12:12:38,NULL,"{""id"": 1, ""code"": ""DNI00""}","[{""id"": 1297, ""label"": ""2025 N1 Marcus Pfister""}]",NULL,[],[]
297229,album,爬行动物拼一拼,"教师为幼儿准备若干个爬行动物的拼图。 首先，向幼儿说明拼图的规则，示范如何寻找匹配的拼图。
在过程中，小朋友们很认真地一一去对比，是不是同样同一个动物的另一半，有时候他们会遇到困难。 比如拼接的形状是S型又或者找到同一个动物的拼图，但是方向不准确。
在幼儿需要帮助的时候，教师及时的引导他们看一看这个动物的拼图有什么特点呢，以及他们不同身体部位是哪个位置，慢慢的小朋友们越拼越有自信。",,,draft,2025-03-06 12:25:03,2025-03-06 12:24:39,2025-03-06 12:25:03,NULL,"{""id"": 1, ""code"": ""DNI00""}","[{""id"": 1297, ""label"": ""2025 N1 Marcus Pfister""}]",NULL,[],[]
297230,album,《独一无二的我》,"教师先为小朋友们点名，引导幼儿发现我们每个人的名字都不一样。那么我们还有哪些地方不一样吗？
请小朋友们先照一照镜子，看看自己的样子，再看看朋友。观察后说一说自己和别的小朋友不同之处，有的小朋友指了指自己的头发。跟别人不一样。 有的小朋友指了指自己的袜子。有的小朋友发现我们的衣服领口有一些不同等等……
在活动过程通过视觉观察和内在思考比较，让幼儿能够发现自己和朋友们的很多细节，增强自我认知也发展了思考能力。",,,draft,2025-03-06 12:38:06,2025-03-06 12:37:48,2025-03-06 12:38:06,NULL,"{""id"": 1, ""code"": ""DNI00""}","[{""id"": 1297, ""label"": ""2025 N1 Marcus Pfister""}]",NULL,[],[]
297239,album,Leafy Learning: A Creepy Crawly Sensory Bin Adventure,"The children created a sensory bin filled with creepy crawlies and dried leaves, using the leaves to build habitats for the bugs. As they explored the leaves, they learned basic numeracy by sorting them into big and small categories, practicing comparisons, counting, and early math concepts. 

The activity promoted fine motor skills, and sensory development while introducing nature-based learning through play. It was a fun and educational way to blend imaginative play with foundational math skills.",,,published,2025-03-06 13:25:35,2025-03-06 13:25:18,2025-03-06 13:26:06,NULL,"{""id"": 1, ""code"": ""DNI00""}","[{""id"": 1296, ""label"": ""2025 N1 Giles Andreae""}]",NULL,[],[]
297241,album,Our transition to packet milk!,"Our little ones have reached an exciting milestone; they’ve started transitioning to drinking packet milk! At first, it was a new experience for them, but now, some of the children are eagerly looking forward to their milk, especially before nap time or in the afternoon. It's amazing to see how this small change has sparked a sense of excitement and independence in them.

Drinking from a packet or sippy cup instead of a bottle marks a big step in their growth. Not only are they learning to handle and drink from a different type of container, but they are also becoming more self-sufficient in their daily routines. This transition is a wonderful way to build their confidence and sense of accomplishment as they take on new responsibilities, like opening the straw packaging or pushing in the straw into their packet milk. It's a simple, yet significant, part of their journey towards greater independence!",,,published,2025-03-06 13:48:11,2025-03-06 13:45:21,2025-03-06 13:48:10,NULL,"{""id"": 1, ""code"": ""DNI00""}","[{""id"": 1296, ""label"": ""2025 N1 Giles Andreae""}]",NULL,[],[]
297242,album,精彩活动 三月第一周 扣纽扣 拉拉链,"教师提供各式扣纽扣，拉拉链不织布教具 ，鼓励幼儿尝试操作，进行练习，以培养幼儿为自己脱穿衣服的自理能力。
    通过活动中练习拉拉链、扣纽扣， 发展精细动作，以实现婴幼儿身体健康，并掌握控制身体的能力[感知动作 - 精细动作和粗大动作]的学习成果。
",,,published,2025-03-06 13:57:17,2025-03-06 13:56:43,2025-03-06 13:57:17,NULL,"{""id"": 20, ""code"": ""TMJ""}","[{""id"": 1402, ""label"": ""2025 N1 Kelly""}]",NULL,[],[]
297243,album,三月 第一周 活动集锦,这是本周部分活动的照片，请浏览！,,,published,2025-03-06 14:04:54,2025-03-06 14:01:27,2025-03-08 02:56:38,NULL,"{""id"": 20, ""code"": ""TMJ""}","[{""id"": 1402, ""label"": ""2025 N1 Kelly""}]",NULL,[],[]
297245,album,Josh turns 4!,"Happy 4th Birthday, Josh! We had fun celebrating with you and your yummy vanilla Paw Patrol cake. We hope you have a year filled with fun and adventure! Thank you for the goodie bags!",,,published,2025-03-06 14:36:43,2025-03-06 14:36:34,2025-03-06 14:36:42,NULL,"{""id"": 18, ""code"": ""OMB01""}","[{""id"": 1285, ""label"": ""2025 N2 Eric Carle""}]",NULL,[],[]
297246,album,Term 1 Fieldtrip - Waterplay at Children’s Garden,"The rainy morning weather didn't stop us! We went to the Children's Garden and the N2’s loved the water play area. They ran around, got wet, and waited for the big water buckets to splash them. We skipped the sand because they were having so much fun with the water. A huge thank you to our parent volunteers who were so engaged and helpful! Here are some photos! ",,,published,2025-03-06 14:42:28,2025-03-06 14:41:34,2025-03-06 14:46:27,NULL,"{""id"": 18, ""code"": ""OMB01""}","[{""id"": 1285, ""label"": ""2025 N2 Eric Carle""}]",NULL,[],[]
297249,album,认识家人的名称（二）,小朋友通过游戏的方式认识了家人的名称后，也画了自己想画的家人。每个小朋友都在自己的作品下面介绍自己的作品哦✌,,,draft,2025-03-06 15:34:17,2025-03-06 15:33:54,2025-03-06 15:34:17,NULL,"{""id"": 1, ""code"": ""DNI00""}","[{""id"": 1301, ""label"": ""2025 K2 Debi Gliori""}]",NULL,[],[]
297254,album,Term 1 Week 9 Weekly Highlight,Numicon Width Pattern,,,published,2025-03-06 22:13:15,2025-03-06 22:12:56,2025-03-06 22:13:15,NULL,"{""id"": 20, ""code"": ""TMJ""}","[{""id"": 1430, ""label"": ""2025 K1 Bright""}]",NULL,[],[]
297255,post,探索盒,这个四方形的盒子，它的里面有什么？打来看一下，原来里面有柔软的绒毛小熊、木头小火车等,,,published,2025-03-06 22:38:07,2025-03-06 22:38:03,2025-03-06 22:38:07,NULL,"{""id"": 1, ""code"": ""DNI00""}","[{""id"": 1302, ""label"": ""2025 Infant Karen Katz""}]",NULL,[],[]
297256,post,喂娃娃,娃娃肚子饿了，不哭不哭！我来喂你吃东西,,,published,2025-03-06 22:49:12,2025-03-06 22:49:09,2025-03-06 22:49:12,NULL,"{""id"": 1, ""code"": ""DNI00""}","[{""id"": 1302, ""label"": ""2025 Infant Karen Katz""}]",NULL,[],[]
297257,album,Term 1 Week 9,Activities of the week,,,published,2025-03-06 23:35:28,2025-03-06 23:34:40,2025-03-06 23:35:27,NULL,"{""id"": 20, ""code"": ""TMJ""}","[{""id"": 1430, ""label"": ""2025 K1 Bright""}]",NULL,[],[]
297260,album,解救彩色毛球,"老师准备好轮胎、纸胶带、彩色毛球若干，邀请幼儿一起来玩《解救彩色毛球》的游戏。小朋友们在穿越纸胶带解救毛球出来的过程中，培养了幼儿的观察能力和探索精神。
",,,draft,2025-03-07 00:13:04,2025-03-07 00:12:58,2025-03-07 03:30:15,NULL,"{""id"": 1, ""code"": ""DNI00""}","[{""id"": 1295, ""label"": ""2025 PG Rod Campbell""}]",NULL,[],[]
297277,album,消防演习,"二月的最后一天，学校组织了一次消防演习。警报声响起，老师们迅速引导幼儿停止活动，穿好鞋子。幼儿在老师的指挥下，紧张而有序地从最近的消防通道撤离，快速下楼，到达指定的安全区域。
演习结束后，老师们对幼儿进行消防安全宣传，讲解火灾发生时的应对方法，小朋友们认真聆听，进一步提高了自我保护意识。


此活动于2月28号（星期五）进行。",,,published,2025-03-07 00:57:39,2025-03-07 00:56:15,2025-03-07 00:57:39,NULL,"{""id"": 10, ""code"": ""DTE01""}","[{""id"": 1312, ""label"": ""2025 Nursery 1 Lois Ehlert""}]",NULL,[],[]
297280,album,Fire Drill Exercise February 2025,"There was a fire drill exercise on 28 February 2025. 
Children evacuated the school and walked to the Assembly Point via the staircase. ",,,published,2025-03-07 00:59:02,2025-03-07 00:58:56,2025-03-07 00:59:02,NULL,"{""id"": 10, ""code"": ""DTE01""}","[{""id"": 1312, ""label"": ""2025 Nursery 1 Lois Ehlert""}]",NULL,[],[]
297283,album,T1W9: Building a Tower City,"Children used blocks and recyclable materials to build towers of different heights. They were encouraged to build towers within the space on the paper given to them.
After building their towers, the children were invited to observe all the towers and share which tower was the highest.

Learning objectives:
- Children will arrange objects in order of height, comparing and organizing them to develop a foundational understanding of measurement.
- Children will practice listening to and following instructions while engaging in a structured physical task.

The activity was conducted on 5 March 2025.",,,published,2025-03-07 01:13:48,2025-03-07 01:13:35,2025-03-07 01:13:47,NULL,"{""id"": 10, ""code"": ""DTE01""}","[{""id"": 1314, ""label"": ""2025 Nursery 2 Eric Carle""}]",NULL,[],[]
297284,album,March Week 1 - Movement Game,"Learning Objective
-Foster sense of self-concept and identity

Children were invited to choose a musical instrument of their choice and make music by singing songs of their choice. During the activity, children suggested how they would like to play with the musical instrument by tapping the instrument at different part of their body such as playing a Maracas by tapping it on their knee. ",,,published,2025-03-07 01:17:58,2025-03-07 01:17:52,2025-03-07 01:17:57,NULL,"{""id"": 10, ""code"": ""DTE01""}","[{""id"": 1312, ""label"": ""2025 Nursery 1 Lois Ehlert""}]",NULL,[],[]
297286,album,"Talia, Jing Xi and Cavill's Birthday Celebration","Talia, Jing Xi and Cavill celebrated their birthday on 6 March 2025",,,published,2025-03-07 01:27:52,2025-03-07 01:27:46,2025-03-07 01:27:52,NULL,"{""id"": 10, ""code"": ""DTE01""}","[{""id"": 1312, ""label"": ""2025 Nursery 1 Lois Ehlert""}]",NULL,[],[]
297308,album,三月 第一周 识别大和小,"活动目标：
1. 初步认识大和小的概念。
2. 培养幼儿参与活动识别大小。

活动过程：

在今天的活动中，大家一起认识了“大手”和“小手”。小朋友们通过比一比小的手和大的手，尝试说出哪个是“大”，哪个是“小”。在活动中，大家都很积极，勇敢地说出自己的想法，初步的了解了如何区分大和小。每个小朋友都参与得很开心！

活动时间：2025年3月6日",,,published,2025-03-07 03:34:54,2025-03-07 03:34:46,2025-03-07 03:34:53,NULL,"{""id"": 10, ""code"": ""DTE01""}","[{""id"": 1311, ""label"": ""2025 Playgroup Michael Rosen""}]",NULL,[],[]
297325,album,"Welcome to Infant Joy, Ellery ♡",Ellery's first week of school! ,,,draft,2025-03-07 04:39:43,2025-03-07 04:39:28,2025-03-07 04:39:42,NULL,"{""id"": 16, ""code"": ""MBS""}","[{""id"": 1376, ""label"": ""2025 Infant Joy""}]",NULL,[],[]
297450,album,Term 1 Week 9: Numicon Patterns,"Objectives:
1) Children will arrange Numicon tiles in order of width
2) Children will design patterns using shapes and lines inspired by Numicon tiles. 

The children used the Numicon pieces to compare and arrange them from the thinnest to the thickest (landscape/crosswise). After ordering, the children then traced the outlines of the tiles onto paper, using the shapes to create a pattern such as ABAB, ABBA, AABB, ABC etc. During this activity, the children would also be encouraged to care for their friends through sharing, as well as emphasizing how taking turns and being mindful of materials fosters a positive environment. 

This activity was conducted on 5th to 6th of March 2025.",,,published,2025-03-07 08:35:43,2025-03-07 08:35:18,2025-03-07 08:36:28,NULL,"{""id"": 10, ""code"": ""DTE01""}","[{""id"": 1315, ""label"": ""2025 Kindergarten 1 Darwin""}]",NULL,[],[]
297522,album,KidZania Field Trip (Part 1),"Our long-awaited visit to KidZania finally happened, and the children had an amazing time! They were eager to earn their KidZos and carefully considered how to spend them at the end of the trip.

Through various role-playing activities, the children experienced real-world jobs and responsibilities, gaining independence and confidence along the way. It was a wonderful opportunity for them to explore different careers and understand how their talents and abilities can be nurtured in meaningful ways.

A big thank you to the parents who joined us on this trip—we truly appreciate your support! We hope this experience has inspired our children to continue exploring and learning beyond the classroom.",,,published,2025-03-07 09:30:31,2025-03-07 09:30:25,2025-03-07 09:37:22,NULL,"{""id"": 10, ""code"": ""DTE01""}","[{""id"": 1316, ""label"": ""2025 Kindergarten 2 Elgar""}]",NULL,[],[]
297585,album,三月第一周（03/03 - 07/03） 精彩活动,这是本周精彩活动的照片，请查看！,,,published,2025-03-07 10:04:37,2025-03-07 10:03:34,2025-03-07 10:04:37,NULL,"{""id"": 20, ""code"": ""TMJ""}","[{""id"": 1401, ""label"": ""2025 N1 Rosen""}]",NULL,[],[]
297596,album,三月第一周（03/03 - 07/03） 其他活动,这是本周其他活动的照片，请查看！,,,published,2025-03-07 10:26:44,2025-03-07 10:24:09,2025-03-07 10:26:44,NULL,"{""id"": 20, ""code"": ""TMJ""}","[{""id"": 1401, ""label"": ""2025 N1 Rosen""}]",NULL,[],[]
297614,album,三月日记（3/3/2025-6/3/2025）,快和爸爸妈妈一起来看看我们的照片吧！,,,published,2025-03-07 12:28:48,2025-03-07 12:27:55,2025-03-07 12:28:47,NULL,"{""id"": 20, ""code"": ""TMJ""}","[{""id"": 1395, ""label"": ""2025 PG Kale""}]",NULL,[],[]
297643,album,每周活动分享,"尊敬的家长您好，
很快到了我们三月份的学习主题分享，这个月探索的是“ 我的家庭。” 我们将会和幼儿一起认识了解自己的家庭成员有哪些，以及认识同伴的家庭成员。 通过介绍家庭成员学习词语：爸爸，妈妈，哥哥，姐姐以及延伸到爷爷，奶奶，外公，外婆等词语。
同时感谢家长们为我们提供了家庭照，为我们的活动提供了帮助。这一周我们开始把家长提供的家庭照片打印出来，借助家庭照和幼儿一起认识自己的家庭成员。在探索中，看得出来幼儿通过教师提供的照片能够指认出家庭成员，并且能够叫出称谓。同时幼儿也能够指认同伴的家庭照片， 他们在看拿到同伴照片的时候，会把照片送给同伴。
星期一是我们的户外探索—玩沙玩水活动， 这一周幼儿在楼上体验了玩水活动，他们都非常尽兴，享受了共同玩水的乐趣。 星期二幼儿参加了音乐律动活动，从幼儿和音乐老师的互动当中，我们能够看得出来幼儿已经开始熟悉我们的音乐老师了。 他们能够很自如的和音乐老师进行互动，也可以看得出来幼儿很享受音乐活动中带来的快乐。
这一周从星期三开始我们的Thinking box的课外活动也开始了。 幼儿在第一节课的时候展现了对这个课程和老师的喜欢，他们能够在老师的指导下和教师一起互动，一起做游戏，可以看得出来幼儿在活动当中很专注。期待我们下一周的活动能给幼儿带来更多的惊喜。这周四由于天气的影响，我们没有去公园探索，转而在学校附近散步，看一看周遭的环境。在多次的练习下，班级幼儿在出去探索的时候秩序非常的棒，而且他们的脚步越发的稳健，能够灵活的大步行走。
这一周我们班级来了一位新的朋友紫萱，希望我们的紫萱小朋友能够快速适应我们的集体生活，熟悉同伴和老师，和小朋友一起快乐成长！

",,,published,2025-03-08 00:50:22,2025-03-08 00:49:44,2025-03-08 00:53:38,NULL,"{""id"": 5, ""code"": ""DTH01""}","[{""id"": 1409, ""label"": ""2025 Playgroup Explorers""}]",NULL,[],[]
297682,post,早期阅读区角活动《找字游戏》,早期阅读绘本《去旅行》中，幼儿们学习到了一些生活类实用性词汇，例如：牙/衣/狗/我，幼儿们在区角活动中使用各色透明片来连接自己找到的字并能够数一数自己找到词汇的数量，从活动中，幼儿们能够完成并找到游戏中所涵盖的词汇，并在反复的游戏互动中进行复习，加深对词汇的记忆。,,,draft,2025-03-08 03:00:49,2025-03-08 02:55:48,2025-03-08 08:44:04,NULL,"{""id"": 1, ""code"": ""DNI00""}","[{""id"": 1298, ""label"": ""2025 N2 Eric Carle""}]",NULL,[],[]
297686,album,郊游照片——Waka Waka,下面是一些在Waka Waka的照片。,,,published,2025-03-08 03:07:19,2025-03-08 03:06:33,2025-03-08 06:06:55,NULL,"{""id"": 16, ""code"": ""MBS""}","[{""id"": 1380, ""label"": ""2025 Nursery 1 Courage""}]",NULL,[],[]
297689,post,早期阅读区角活动《丢骰子》,幼儿使用筛子来进行找词汇的内容，筛子会根据颜色的分类进行难易程度的划分：单词类/图片和单词/图片，这三个级别，幼儿们会轮流选择自己想做的级别，找到筛子并丢落，最后找到与筛子上相对应的词汇完成任务。,,,draft,2025-03-08 03:14:01,2025-03-08 03:10:04,2025-03-08 08:42:41,NULL,"{""id"": 1, ""code"": ""DNI00""}","[{""id"": 1298, ""label"": ""2025 N2 Eric Carle""}]",NULL,[],[]
297696,album,小蚂蚁盖房子,"教师准备材料隧道爬行桶,呼啦呼,四角桶,然后向幼儿讲解与演示如何进行活动，幼儿可以先爬过隧道爬行桶，然后将呼啦圈里面的四角桶逐个堆积起来．教师可以用以下的语言引导与幼儿进行对话：
１.ｘｘ你在做什么呀？
２.哦，你在堆积四角桶呀！
３.你很有力气哦，能够拿起来很重的四角桶。
",,,published,2025-03-08 03:21:42,2025-03-08 03:20:30,2025-03-08 03:23:38,NULL,"{""id"": 16, ""code"": ""MBS""}","[{""id"": 1380, ""label"": ""2025 Nursery 1 Courage""}]",NULL,[],[]
297702,album,情绪小怪兽,"教师准备超轻粘土，叉子，白纸，眼睛，表情，然后向幼儿介绍活动流程。幼儿选择自己喜欢粘土，放在白纸上面，然后用叉子将粘土向四周扩散，然后将眼睛和表情放在粘土上。教师可采用以下的语言引导与幼儿进行对话：
１.ｘｘ，你做的是生气的小怪兽吗？
２.哦，原来是伤心的小怪兽呀！
３.它为什么伤心呀？
",,,published,2025-03-08 05:58:45,2025-03-08 03:26:57,2025-03-08 06:15:38,NULL,"{""id"": 16, ""code"": ""MBS""}","[{""id"": 1380, ""label"": ""2025 Nursery 1 Courage""}]",NULL,[],[]
297728,album,weekly update,"The little ones welcomed March with the theme “Me and My Family.” The children introduced their families to their friends by showcasing family photos. This experience helped foster a sense of identity, encouraging the children to recognize and identify their own family members.

It’s also the first week the little ones have been attending the ‘Thinkersbox’ activities. The children had a wonderful time engaging in fun bean bag activities with their new teachers.

We would like to warmly welcome our new friend Sonia to the class!

Happy Weekend!",,,published,2025-03-08 04:50:58,2025-03-08 04:10:04,2025-03-08 04:50:57,NULL,"{""id"": 5, ""code"": ""DTH01""}","[{""id"": 1409, ""label"": ""2025 Playgroup Explorers""}]",NULL,[],[]
297781,album,Field Trip to Gardens By The Bay,We had so much fun at Gardens By The Bay Children's Garden,,,published,2025-03-08 05:46:03,2025-03-08 05:45:37,2025-03-08 05:58:08,NULL,"{""id"": 18, ""code"": ""OMB01""}","[{""id"": 1286, ""label"": ""2025 N2 Kevin Henkes""}]",NULL,[],[]
297794,album,T1W9活动,"这周，小朋友们进行了三天的户外水道探索活动，虽然有点辛苦，可是大家乐此不疲。过程中，他们学习了怎样判断水的酸碱性，了解新加坡水道的流向，以及在户外探索活动中需要的一些自我保护方法。同时，也在活动中看到了小朋友们展现出来的勇敢和坚强的学习品质。
此外，小朋友们继续学习讲自己创编的故事《逃家小兔》，并用黏土做了一只小兔。",,,published,2025-03-08 06:26:20,2025-03-08 06:26:12,2025-03-08 06:26:19,NULL,"{""id"": 5, ""code"": ""DTH01""}","[{""id"": 1405, ""label"": ""2025 Kindergarten 2 Risk-Takers""}]",NULL,[],[]
297795,album,夹毛绒球,幼儿用夹子夹取毛绒球，将毛绒球放进蛋壳里面，锻炼幼儿的手部肌肉以及手眼协调能力。,,,published,2025-03-08 06:28:07,2025-03-08 06:27:12,2025-03-08 06:28:07,NULL,"{""id"": 16, ""code"": ""MBS""}","[{""id"": 1380, ""label"": ""2025 Nursery 1 Courage""}]",NULL,[],[]
297824,album,Mini Beasts Observation 🕵🏻,"This week, we introduced a Mini Beast Observation Corner in our discovery area!🕵🏻 The children explored various insects, learning their names, such as grasshoppers, beetles, and scorpions. Using magnifying glasses, they eagerly examined these creatures up close, excited to observe insects they had never seen before.
Adding to the excitement, we welcomed a class pet, which are caterpillars that will soon transform into beautiful butterflies! 🐛🦋 The children learned how to care for them, including feeding and handling them gently. Inspired by their observations, they even worked together to form a human caterpillar! What a creative way to start the morning~",,,published,2025-03-08 07:28:31,2025-03-08 07:28:22,2025-03-08 07:28:31,NULL,"{""id"": 1, ""code"": ""DNI00""}","[{""id"": 1296, ""label"": ""2025 N1 Giles Andreae""}]",NULL,[],[]
297870,album,科学课,在本次的科学课中小朋友们用有趣的饼干搭配书面文图的形式去探索了太空的奥秘，大家在这个过程中了解到了太阳照射与地球转动之间的影响。小朋友用奥利奥饼干的黑白之分去感受太阳照射之处的光亮，与没有照射之处的暗夜一面。,,,published,2025-03-08 08:30:39,2025-03-08 08:30:16,2025-03-08 08:30:38,NULL,"{""id"": 1, ""code"": ""DNI00""}","[{""id"": 1300, ""label"": ""2025 K1 David McKee""}]",NULL,[],[]
297874,album,责任立约卡,为了引导小朋友们对家务有更多的了解，以及培养大家的家庭责任意识，所以在本周我们和小朋友一起完成了责任立约卡的制作。制作前老师先和小朋友们一起回顾了家务有哪些？小朋友们分享到：“洗碗、洗衣服、熨衣服、扫地、擦桌子、折衣服、收衣服、收玩具。”老师赞扬了小朋友通过学习已经了解了很多类型的家务活动，也鼓励到小朋友们可以在家做一些力所能及的家务，和家人一起为共同的家负责任。随后老师带出“责任立约卡”中责任和立约的概念，引导小朋友们了解责任就是我们应该去做到的事情，立约就是约定好要做就要做到的事情。最后小朋友们纷纷在责任立约卡中圈画出自己回家会做的家务！下周我们会将责任立约卡让小朋友们带回家，希望小朋友们能够做到责任与约定，一起和家人去维系美好的家。,,,published,2025-03-08 08:40:46,2025-03-08 08:40:38,2025-03-08 08:40:46,NULL,"{""id"": 1, ""code"": ""DNI00""}","[{""id"": 1300, ""label"": ""2025 K1 David McKee""}]",NULL,[],[]
297908,post,用艺术形式表现和表达对责任的看法,      朋友们通过绘画的形式，表现自己对自己应该要做的事情的认识，比如自己穿衣服，自己整理玩具，自己收拾书包，自己洗澡，而且还能帮助朋友和家人做一些自己能做的事情，增强他们的责任意识。他们也通过分享来表达自己对于做家务事情的看法，并且他们也说自己的事情应该自己做，能帮忙的事情也愿意去帮助朋友和家人，这是他们责任意识的表现。,,,draft,2025-03-08 09:28:35,2025-03-08 09:22:43,2025-03-08 09:28:35,NULL,"{""id"": 1, ""code"": ""DNI00""}","[{""id"": 1300, ""label"": ""2025 K1 David McKee""}]",NULL,[],[]
297929,album,第一学期第九周照片上传,"Hi家长们好！

首先非常感谢家长们的积极参与及配合，给幼儿们发来了家庭照片及带来亲子活动的作品，为幼儿们提供了充足的材料进行展示及分享。

幼儿们在愉快的气氛中展示分享了自己的家庭照片，并在老师的鼓励引导下尝试进行分享自己的家人，并能积极的进行夸奖自己的家人，还能非常愿意的讲述照片中的情节，部分幼儿还能清楚讲述当时发生的一些有趣的故事。

幼儿们在兴奋中展示自己的亲子活动，在展示中幼儿们很喜欢拿在手中进行挥舞并大声的说出：“这是我和我的家人！有爸爸、妈妈、哥哥、姐姐、弟弟、妹妹等”  也有幼儿喜欢把作品粘到白板上面拿着教棒进行分享，还能在同伴的提问中进行点数自己的家人。还有幼儿喜欢分发给同伴进行展示自己的作品。看幼儿们多么的棒！

为了表达自己对家人的爱，幼儿们还一起用橡皮泥进行制作爱心，用自己的小手比划出爱心等。

本周开始新的早期阅读《去旅行》，幼儿们能与老师一起阅读及复读。还能与老师进行讨论：如果你去旅行时，都是谁收拾行李？你们会带什么等。通过讨论可以看出幼儿们的华语表达能力进步非常的大！


儿歌《我的好妈妈》

我的好妈妈，下班回到家，
忙碌了一天辛苦了！
妈妈妈妈快坐下，妈妈妈妈快坐下，
请喝一杯茶，
让我亲亲你呀，让我亲亲你呀，
我的好妈妈！

",,,published,2025-03-08 09:57:58,2025-03-08 09:57:46,2025-03-08 10:13:12,NULL,"{""id"": 5, ""code"": ""DTH01""}","[{""id"": 1407, ""label"": ""2025 Nursery 2 Reflectors""}]",NULL,[],[]
298127,album,第一学期 第九周-  展示与分享,"活动目标：
1. 幼儿能说出“责任立约”的意义以及自己会做哪些家务。
2. 幼儿能尝试用连贯的华语介绍自己的作品内容。 

活动介绍：

      这次的亲子作业，小朋友们在家里帮忙做适合自己的家务，爸爸妈妈帮忙拍下照片，并和小朋友们一起制作简报。到了学校，小朋友们向朋友们分享自己在家做了哪些家务，有的帮忙擦桌子、有的帮忙收拾玩具，还有的帮忙洗水果，每个小帮手都很棒！  

      透过这次活动，小朋友们不仅学习“对家庭责任”的意义，也能用完整的华语介绍自己的作品和经验。希望小朋友们能在家继续当个小帮手，帮忙做家务，培养责任感！",,,published,2025-03-10 05:25:37,2025-03-09 03:18:00,2025-03-10 05:25:36,NULL,"{""id"": 10, ""code"": ""DTE01""}","[{""id"": 1315, ""label"": ""2025 Kindergarten 1 Darwin""}]",NULL,[],[]
298157,album,Term 1 Week 9,"This week, we embraced self-expression, creativity, and problem-solving as we explored our unique talents and engaged in hands-on building activities. We began the week by talking about our unique talents. The children eagerly shared the special things they love to do, from singing and dancing to storytelling and building. This discussion encouraged self-confidence and helped them appreciate the diverse talents within our class. We continued our exploration of talents, with some children taking their excitement a step further by attempting to create their own costumes for the upcoming talent showcase. This activity sparked creativity and allowed them to express their personalities through design and imaginative play.

Our focus shifted to hands-on construction as we built cities using Duplo blocks. The children worked collaboratively, using their creativity and problem-solving skills to design and construct different structures. After building, we ordered the cities according to their height, introducing concepts of measurement and comparison in an engaging and interactive way.

This week was filled with opportunities for self-discovery, teamwork, and creativity. 
We cannot wait to see what the children have to share and showcase for the talent show on the 11th of March, Tuesday!!

Have a lovely week ahead
Tr Jia Yan",,,published,2025-03-09 23:47:50,2025-03-09 04:31:36,2025-03-09 23:47:49,NULL,"{""id"": 5, ""code"": ""DTH01""}","[{""id"": 1407, ""label"": ""2025 Nursery 2 Reflectors""}]",NULL,[],[]
298159,album,Weekly Highlight: Term 1 Week 9 ,"The children participated in an engaging activity called Bowling Master!, where the classroom was transformed into a mini bowling alley. The children practiced their one-handed underarm throws, challenged by varying distances, while also improving their counting skills as they tallied knocked-down pins. ",,,published,2025-03-09 04:58:37,2025-03-09 04:44:10,2025-03-09 04:58:37,NULL,"{""id"": 20, ""code"": ""TMJ""}","[{""id"": 1371, ""label"": ""2025 N2 Donaldson""}]",NULL,[],[]
298161,album,Growing green beans,"This week, the children engaged in a green bean planting activity to further expand their learning about growth, development, and changes that occur with time. They planted and watered their green beans in cups with cotton wool at the beginning of the week. They then spent the subsequent days observing the growth of their plants and talking about the changes they noticed to the individual beans.",,,draft,2025-03-09 04:57:51,2025-03-09 04:54:11,2025-03-09 04:57:51,NULL,"{""id"": 1, ""code"": ""DNI00""}","[{""id"": 1298, ""label"": ""2025 N2 Eric Carle""}]",NULL,[],[]
298163,album,Journal Writing - changes in our green beans,"In order for children to make keen observations and record their findings, the children were encouraged to draw out the growth of their green beans. They took some time to observe how their plants had changed from bean to sprout over the past few days and naturally shared their observations with their friends. They then drew out their green bean plants in their journals.",,,draft,2025-03-09 05:14:00,2025-03-09 05:12:55,2025-03-09 05:14:00,NULL,"{""id"": 1, ""code"": ""DNI00""}","[{""id"": 1298, ""label"": ""2025 N2 Eric Carle""}]",NULL,[],[]
298165,album,Building a Tower City ,"In this activity, the children were invited to build towers using a single colour of unifix cubes. They used their strength and fine motor control to join the cubes and make towers of different heights. They were then encouraged to put their towers side by side to create their city, during which they compared and talked about the differences in heights. Lastly, the children applied their knowledge of ordering and sequencing to arrange their towers from shortest to tallest.",,,draft,2025-03-09 05:34:59,2025-03-09 05:33:36,2025-03-09 05:34:58,NULL,"{""id"": 1, ""code"": ""DNI00""}","[{""id"": 1298, ""label"": ""2025 N2 Eric Carle""}]",NULL,[],[]
298185,album,作品展示与分享《家庭责任立约卡》,请家长们欣赏本周精彩活动,,,published,2025-03-09 06:44:22,2025-03-09 06:39:23,2025-03-09 06:44:22,NULL,"{""id"": 20, ""code"": ""TMJ""}","[{""id"": 1430, ""label"": ""2025 K1 Bright""}]",NULL,[],[]
298191,album,第一学期第九周精彩瞬间,请家长们欣赏本周精彩瞬间,,,published,2025-03-09 07:01:39,2025-03-09 06:46:59,2025-03-09 07:01:39,NULL,"{""id"": 20, ""code"": ""TMJ""}","[{""id"": 1430, ""label"": ""2025 K1 Bright""}]",NULL,[],[]
298194,album,ThinkersBox,"For this week's ThinkersBox session, the children explored fine motor skills through a fun threading activity, stringing cut straws onto twine. They also practiced their listening and observation skills by identifying and pointing to objects in pictures based on the teacher's descriptions.",,,published,2025-03-09 06:54:25,2025-03-09 06:53:58,2025-03-15 01:09:55,NULL,"{""id"": 18, ""code"": ""OMB01""}","[{""id"": 1284, ""label"": ""2025 N1 Christie Matheson""}]",NULL,[],[]
298196,album,Creating a Cityscape,"As we set up our dramatic corner, the children became little architects and artists! From painting cardboard to pasting windows with different materials, they worked together to create a vibrant city skyscraper background. ",,,published,2025-03-09 07:00:41,2025-03-09 07:00:24,2025-03-09 07:00:40,NULL,"{""id"": 18, ""code"": ""OMB01""}","[{""id"": 1284, ""label"": ""2025 N1 Christie Matheson""}]",NULL,[],[]
298197,album,本周体能活动,请家长欣赏本周体能活动照片,,,published,2025-03-09 07:29:39,2025-03-09 07:09:07,2025-03-09 07:29:39,NULL,"{""id"": 20, ""code"": ""TMJ""}","[{""id"": 1430, ""label"": ""2025 K1 Bright""}]",NULL,[],[]
298220,album,RSGK-折返跑,在体能活动开始时，小朋友们首先进行简短的热身运动，随着教师的引导，孩子们开心地做着伸展、踮脚和扭腰等动作，逐渐活跃起来，身体也变得更加灵活。热身结束后，教师耐心地向小朋友们讲解折返跑的注意事项，重点强调如何用力起跑、跑步时保持身体平衡等。小朋友们认真听讲，眼神专注，有的还会模仿老师的动作。接着，教师邀请小朋友们轮流进行折返跑。每个小朋友都充满了兴趣，跃跃欲试，纷纷排队等待轮流参与。有的小朋友起跑时迅速冲出，双腿用力，镜头都来不及捕捉他的身影；有的孩子稍微犹豫，但在老师和小伙伴们的鼓励下，渐渐放开脚步，跑得越来越快。个别孩子停下时摔倒了，但他们很快爬起来，展示了顽强的毅力和勇敢的精神。整个活动场面热烈而欢快，小朋友们不仅锻炼了身体，也在过程中收获了自信与快乐。,,,published,2025-03-09 08:06:21,2025-03-09 07:54:16,2025-03-09 08:06:20,NULL,"{""id"": 1, ""code"": ""DNI00""}","[{""id"": 1296, ""label"": ""2025 N1 Giles Andreae""}]",NULL,[],[]
298235,album,我喜欢自己,在“我喜欢自己”的活动中，老师首先和小朋友们分享了一个关于自信与自爱的故事《我喜欢自己》。通过故事的引导，小朋友们开始思考自己喜欢自己的哪些地方。接着，老师邀请小朋友们寻找自己的照片，并通过看照片和照镜子两种方式，帮助他们更加清晰地看到自己的外貌和独特之处。小朋友们有的会开心地指着自己的鼻子，有的则自豪地展示自己小脚可以走、可以跑。每个小朋友都在老师的鼓励下，勇敢地分享自己喜欢的地方。通过这一活动，小朋友们不仅增强了自信心，也学会了欣赏自己、爱自己，感受到内心的满足和快乐。,,,published,2025-03-09 08:17:56,2025-03-09 08:11:51,2025-03-09 08:17:55,NULL,"{""id"": 1, ""code"": ""DNI00""}","[{""id"": 1296, ""label"": ""2025 N1 Giles Andreae""}]",NULL,[],[]
298245,album,我们的新朋友——毛毛虫🐛,"老师将毛毛虫和茧带回幼儿园后，小朋友们都很兴奋。他们围坐在老师旁边，眼睛睁得大大的，充满了好奇。老师首先将毛毛虫放在透明的盒子里，然后邀请小朋友们轮流来进行观察，他们仔细观察毛毛虫的身体，有的小朋友观察到毛毛虫在盒子里蠕动、吃叶子的时候都发出了惊喜的叫声。有的小朋友还观察到了盒子里有毛毛虫的大便，并数了一数，总共有三粒；有的小朋友认真地看着毛毛虫的身体，发现它身体的形态、颜色和身体上特殊的花纹。接着，老师给每个孩子发放了放大镜，让他们用放大镜观察毛毛虫的细节。孩子们兴奋地把放大镜贴着眼睛，看向毛毛虫。在老师的引导下小朋友们将放大镜靠近毛毛虫，透过放大镜，他们看到了毛毛虫身上细小的毛发和微小的足部，仿佛进入了一个神奇的微观世界。除了毛毛虫，老师还带来了一个毛毛虫的茧，孩子们围在一起，猜测毛毛虫是如何在茧里变成蝴蝶的。这个活动不仅让孩子们感受到了自然的奇妙，也激发了他们对生物世界的浓厚兴趣。
到周五，班级内的毛毛虫全部变成了蝴蝶，一只蝴蝶破茧失败，目前班级内还有三只茧，让我们和小朋友们共同期待下周它们可以成功蜕变为蝴蝶🦋。",,,published,2025-03-09 08:44:33,2025-03-09 08:32:36,2025-03-09 08:44:33,NULL,"{""id"": 1, ""code"": ""DNI00""}","[{""id"": 1296, ""label"": ""2025 N1 Giles Andreae""}]",NULL,[],[]
298282,album,United caterpillars,"The children were grouped and tasked to move through obstacles, while holding onto the hoola hoops. They were instructed not to let the hoops break, or else they had to repeat the obstacle course. The children had to learnt to trust their group leaders at the front and work as a group.",,,published,2025-03-09 09:29:35,2025-03-09 09:29:19,2025-03-09 09:29:35,NULL,"{""id"": 16, ""code"": ""MBS""}","[{""id"": 1383, ""label"": ""2025 Kindergarten 2 Unity""}]",NULL,[],[]
298286,album,Through the Needle ,"Obj : Children will be able to do a dynamic balance.

Two hoops were set up at different heights for children go through. We pretended that the hoops had needles around them and children were invited to go through without touching the hoops. Children used different methods such as, stepping over one foot at a time while bending their heads lower. They also went through the hoop by crawling over the hoops, they carefully lifted their legs higher to avoid touching the hoops. ",,,published,2025-03-09 09:50:41,2025-03-09 09:50:09,2025-03-09 09:50:41,NULL,"{""id"": 16, ""code"": ""MBS""}","[{""id"": 1381, ""label"": ""2025 Nursery 2 Love""}]",NULL,[],[]
298293,album,Weekly Update,"Hi Parents!

This month, we’ve introduced a new theme that continues our exploration of “All About Myself,” focusing now on emotions. We’ve discussed common emotions that children experience, such as happiness, sadness, anger, fear, and calmness. We also read a book about feelings and explained how each emotion affects us differently, providing examples for the children. The children have been practicing showing different facial expressions to represent these emotions.

We did a hand painting activity to represent each emotion: yellow for happiness, blue for sadness, green for calmness, red for anger, and black for fear. After painting, the children added cut-out straws to decorate their artwork.

As we continue to explore emotions, we ask for your support in talking to your child about these feelings and helping them understand how to cope when they experience them. Please feel free to reach out if you have any suggestions or activities to share to our children to help them learn more about emotions. We would love to have you in our class!
",,,published,2025-03-09 10:14:46,2025-03-09 10:14:09,2025-03-09 10:14:45,NULL,"{""id"": 5, ""code"": ""DTH01""}","[{""id"": 1408, ""label"": ""2025 Nursery 1 Engagers""}]",NULL,[],[]
298295,album,Broken Telephone,"During Digital Literacy, the children were introduced to fake news and the importance of spreading fake news. To make it more fun and more relatable for the children, we played a game of 'broken telephone' to see what happens when we pass down a dubious/ 'fake' news and how misinformation can get spread.",,,published,2025-03-09 10:16:59,2025-03-09 10:15:51,2025-03-09 11:11:10,NULL,"{""id"": 16, ""code"": ""MBS""}","[{""id"": 1383, ""label"": ""2025 Kindergarten 2 Unity""}]",NULL,[],[]
298331,album,String the Words (Guided Reading Book - At School) ,"Obj: Use eye-hand coordination to perform tasks. 

This activity reinforces the reading strategy of, “Look at the picture”. It encourages children to look at the picture cues to guess the word. It also introduces children to words and that words have meanings too. Children made good attempts to form a sentence, “I like…” and chose an activity (from the picture-word card) that they like to do at school. They laced the words and pointed at each word to read. Kudos, little ones! :) ",,,published,2025-03-09 10:49:15,2025-03-09 10:48:46,2025-03-09 10:49:14,NULL,"{""id"": 16, ""code"": ""MBS""}","[{""id"": 1381, ""label"": ""2025 Nursery 2 Love""}]",NULL,[],[]
298334,album,Playground Fun! 🛝,"Obj: Children will be able to explore the equipment at the playground. 

Children had so much fun at the playground and even challenged themselves to climb the mini rock climbing. Playground times also allowed children to have positive social interactions with their friends too! Look at all of them having so much fun! :) ",,,published,2025-03-09 10:55:01,2025-03-09 10:54:23,2025-03-09 10:55:00,NULL,"{""id"": 16, ""code"": ""MBS""}","[{""id"": 1381, ""label"": ""2025 Nursery 2 Love""}]",NULL,[],[]
298342,album,East meets West: Impasto VS Batik Painting,"The children were introduced to famous artists Vincent Van Gogh and Lim Tze Ping and their different art styles. Using art mediums like crayons and water colours, some of the children tried to recreate batik painting. As for children who were inspired by Van Gogh's impasto technique, they used layers of acrylic paint to create their works. ",,,published,2025-03-09 11:10:39,2025-03-09 11:10:23,2025-03-09 11:10:39,NULL,"{""id"": 16, ""code"": ""MBS""}","[{""id"": 1383, ""label"": ""2025 Kindergarten 2 Unity""}]",NULL,[],[]
298344,album,本周动态分享,从本周开始我们开启了情绪的单元，通过不同过的活动来感知认识自己的情绪，我们为幼儿介绍了故事书《我的情绪小怪兽》我们通过故事中的一些有趣的描述帮助幼儿来感知自己的情绪，开心像黄色的阳光，平静像绿色的植物，害怕是黑黑的，伤心像是湿湿的蓝色鱼缸，当你觉得乱乱的时候，可以将不同的颜色分开，我们也准备了一些情绪平息一起进行情绪整理的分类游戏。表情是心情的外显，老师将孩子们不同情绪的图片做成表情板，带领幼儿观察我们体会到的不同的情绪，孩子们会与朋友分享自己的表情板，对比不同的表情。在艺术活动中，我们进行了十分解压的纸条派对，将不同颜色的纸条撕开，贴在自己的身上，就像情绪小怪兽一样，身上有着不同的颜色，我们随着音乐舞动纸条，尽情的探索自己的情绪。来看看我们的精彩瞬间吧！,,,published,2025-03-09 11:15:06,2025-03-09 11:14:31,2025-03-09 11:15:06,NULL,"{""id"": 5, ""code"": ""DTH01""}","[{""id"": 1408, ""label"": ""2025 Nursery 1 Engagers""}]",NULL,[],[]
298376,album,Field Trip to Studio GDMC | 17 February 2025,"- Apologies for the late delay in uploading! - 

The K2s went on their very first field trip in 2025! They were thrilled to make their own pottery sculptures, and we've been counting down to the day where we can collect our fired sculptures (pssst... soon!) ",,,published,2025-03-09 13:15:48,2025-03-09 13:15:40,2025-03-09 13:15:48,NULL,"{""id"": 18, ""code"": ""OMB01""}","[{""id"": 1288, ""label"": ""2025 K2 Peter H.Reynolds""}]",NULL,[],[]
298378,album,Reporting findings: Drawing out the clay sculpting process,"After the field trip, the children documented the six steps of clay sculpting process in their mini booklets!",,,published,2025-03-09 13:23:51,2025-03-09 13:23:46,2025-03-09 13:23:50,NULL,"{""id"": 18, ""code"": ""OMB01""}","[{""id"": 1288, ""label"": ""2025 K2 Peter H.Reynolds""}]",NULL,[],[]
298380,album,Mastermind: Guess the pattern,"After being introduced to complex patterns (AAB, ABB), the children engaged in a game of mastermind whereby the 'mastermind' has to be create a pattern while the rest of the children make a guess. The mastermind will inform the children if they had the correct coloured tape on the correct positions. ",,,published,2025-03-09 13:28:22,2025-03-09 13:28:12,2025-03-10 05:35:02,NULL,"{""id"": 18, ""code"": ""OMB01""}","[{""id"": 1288, ""label"": ""2025 K2 Peter H.Reynolds""}]",NULL,[],[]
298381,album,Clay sculpting 101! ,"After our field trip, we also had another clay sculpting experience in school for children to reinforce what they've learnt! 

Unfortunately... the clay did not stick as intended, but the children were open-minded with the teacher gluing the parts together. -- A pointer for us to take note when using clay next time!  ",,,published,2025-03-09 13:31:17,2025-03-09 13:31:08,2025-03-09 13:31:17,NULL,"{""id"": 18, ""code"": ""OMB01""}","[{""id"": 1288, ""label"": ""2025 K2 Peter H.Reynolds""}]",NULL,[],[]
298383,album,Numicons: What does the number word represent? ,"The children were introduced to number words 11 - 15, and were asked to use the numicon shapes to represent the value of the number words. As they get used to the game, the children were challenged to create two ways to form the value instead! 

Let's just say, they are up for the challenge! :-) ",,,published,2025-03-09 13:33:16,2025-03-09 13:33:11,2025-03-10 05:37:49,NULL,"{""id"": 18, ""code"": ""OMB01""}","[{""id"": 1288, ""label"": ""2025 K2 Peter H.Reynolds""}]",NULL,[],[]
298404,album,Scooping Challenge,"In this activity, the children were invited to use a variety of tools to scoop different types of circular objects, such as pom poms, ping pong balls, and heavier stones, all floating in water. The goal of the activity was to foster hand-eye coordination as the children tracked the movement of the objects in the water. Additionally, it aimed to enhance fine motor skills as the children carefully scooped the objects using spoons, or bigger shovels, and then poured them into cups. This activity encouraged focus and precision, as the children had to adjust their grip and control to manage the varying weights and sizes of the objects. By engaging in this hands-on, sensory-rich task, it fosters both their motor skills and an understanding of how different objects behave in water, all while having fun experimenting with the tools and objects.",,,published,2025-03-09 13:53:09,2025-03-09 13:52:59,2025-03-09 13:53:09,NULL,"{""id"": 18, ""code"": ""OMB01""}","[{""id"": 1283, ""label"": ""2025 Playgroup Emma Dodd""}]",NULL,[],[]
298410,album,Thinker's Box,Here are some pictures of the children exploring during 'Thinker's Box' this week! ,,,published,2025-03-09 13:56:49,2025-03-09 13:56:39,2025-03-09 13:56:48,NULL,"{""id"": 18, ""code"": ""OMB01""}","[{""id"": 1283, ""label"": ""2025 Playgroup Emma Dodd""}]",NULL,[],[]
298441,album,Wriggly Earthworms!,"As part of our ongoing exploration of creepy crawlies, we created our very own wriggly worms! We began by sharing our knowledge about earthworms, discussing their small size, where they live underground, and how they move in a ""wriggly"" way.

To bring our worms to life, we used brown pipe cleaners for their bodies. Carefully threading colourful beads onto the pipe cleaner, we practised our fine motor skills and hand-eye coordination. Once we were happy with our colour arrangements and the number of beads used, we bent the pipe cleaners into shape, making them look just like real wriggly worms!",,,published,2025-03-09 14:20:15,2025-03-09 14:20:01,2025-03-09 14:20:15,NULL,"{""id"": 1, ""code"": ""DNI00""}","[{""id"": 1297, ""label"": ""2025 N1 Marcus Pfister""}]",NULL,[],[]
298459,album,Beautiful Dragonflies!,"Previously, we explored wriggly earthworms that squirm and wriggle on the ground. This time, we turned our attention to a creepy-crawly with wings that can fly! It also has a long, slender body. Can you guess what it is? A dragonfly!

To create our dragonflies, we worked on two separate parts—the wings and the body. For the wings, we experimented with a new technique. Using coloured markers, we carefully decorated filter paper with vibrant patterns. Once we were happy with our designs, we added drops of water and watched in amazement as the colours bled and spread, creating a beautiful, psychedelic effect. Our teacher then helped us cut out the wing shapes.

For the body, we used ice cream sticks. After selecting our preferred yarn colours, we carefully wrapped the yarn around the stick. Though it seemed like a simple task, it required a great deal of focus, concentration, and coordination to wrap the yarn neatly and securely.

With both parts complete, all that was left was to put them together—bringing our stunning dragonflies to life!",,,published,2025-03-09 14:45:11,2025-03-09 14:45:01,2025-03-09 14:45:10,NULL,"{""id"": 1, ""code"": ""DNI00""}","[{""id"": 1297, ""label"": ""2025 N1 Marcus Pfister""}]",NULL,[],[]
298467,album,Happy Birthday Ayven!! 🥳🥳,"On Thursday, we had a wonderful time celebrating our friend Ayven’s birthday! Ayven’s mummy and daddy joined us for the celebration as we all sang ""Happy Birthday"" together. We then enjoyed a delicious strawberry vanilla cake—yum!

We wish Ayven a very HAPPY BIRTHDAY and hope he had a fantastic day! 🎉🎂",,,published,2025-03-09 15:00:06,2025-03-09 14:59:56,2025-03-09 15:00:05,NULL,"{""id"": 1, ""code"": ""DNI00""}","[{""id"": 1297, ""label"": ""2025 N1 Marcus Pfister""}]",NULL,[],[]
298652,album,Complex AB patterns (Bracelet making Day 1),"To foster the children's understanding of complex AB patters, they had an opportunity to make bracelets using beads. But first, they were given strips of papers and art mediums, to plan their patterns for the beading. Ranging from AAB, ABB to ABBA, AABB and AAAB, the children explored and came up with different patterns. ",,,published,2025-03-10 04:08:28,2025-03-10 04:08:16,2025-03-10 04:08:28,NULL,"{""id"": 16, ""code"": ""MBS""}","[{""id"": 1383, ""label"": ""2025 Kindergarten 2 Unity""}]",NULL,[],[]
298654,album,T1W10 Album: Chasing Teddy,"**OBJECTIVE:**
- The children caught an item by moving their arms or bodies to adjust for the direction in which the item was travelling.

- The children used sight words like ""I"", ""my"", and ""am"" to form complete sentences and introduce themselves.


**ACTIVITY:**
**Chase Teddy**

1. The teacher role-played with the children by holding and looking at a toy (e.g., Teddy) and saying, “Hello, Teddy, my name is ___.” The teacher then passed the toy to the child, moving counterclockwise. The child who received the toy said “thank you” to the one who passed it to them.
2. The child who received the toy looked at Teddy and said, “Hello, Teddy, my name is ___,” before passing the toy to the next child.
3. This process continued until every child had introduced themselves to Teddy.
4. The children were then encouraged to pass the toy around the circle quickly. When the children started to have fun, a second toy (e.g., Rabbit) was introduced with the statement, “Teddy is going to chase Rabbit around the circle, so let’s help Rabbit run quickly.”
5. The teacher reminded the children, “Don’t drop Teddy/Rabbit. We don’t want them to get hurt.”

This activity was conducted on 10th March 2025. ",,,published,2025-03-11 10:46:37,2025-03-10 04:47:10,2025-03-11 10:46:36,NULL,"{""id"": 10, ""code"": ""DTE01""}","[{""id"": 1314, ""label"": ""2025 Nursery 2 Eric Carle""}]",NULL,[],[]
298682,album,"如果你变成....,我就变成....。","在欣赏绘本故事《逃家小兔》后，幼儿学习了句式如果你变成....,我就变成....。老师邀请幼儿分享在生活中有哪些事物是有关系的，鼓励幼儿将自己的想法以拼贴画的方式贴出来，最后鼓励幼儿写出句子。",,,published,2025-03-10 06:24:43,2025-03-10 05:46:57,2025-03-10 06:24:43,NULL,"{""id"": 18, ""code"": ""OMB01""}","[{""id"": 1288, ""label"": ""2025 K2 Peter H.Reynolds""}]",NULL,[],[]
298711,album,快乐分享-《我的家庭树》,老师邀请幼儿轮流展示和分享自己的亲子作品，并鼓励其他幼儿认真倾听，并对同伴的作品或分享给予积极的反馈和评价。,,,published,2025-03-10 06:27:44,2025-03-10 06:02:27,2025-03-10 06:27:43,NULL,"{""id"": 18, ""code"": ""OMB01""}","[{""id"": 1288, ""label"": ""2025 K2 Peter H.Reynolds""}]",NULL,[],[]
298725,album,我会翻滚钻洞洞,教师引导幼儿轮流在垫子上躺下，侧着身子翻过垫子，连续多次后，双手匍匐前进钻过毛毛虫洞，与老师击掌！,,,published,2025-03-10 06:20:51,2025-03-10 06:13:45,2025-03-10 06:20:51,NULL,"{""id"": 16, ""code"": ""MBS""}","[{""id"": 1379, ""label"": ""2025 Nursery 1 Grace""}]",NULL,[],[]
298726,album,如果我走丢了……,老师先请幼儿说说，如果他们心爱的玩具不见了，他们的心情会是怎样的。之后，老师带领幼儿讨论如果他们不小心走丢了时应该怎么做，鼓励幼儿来进行角色扮演游戏，鼓励幼儿模仿出某一角色。,,,published,2025-03-10 06:30:43,2025-03-10 06:15:12,2025-03-10 06:30:43,NULL,"{""id"": 18, ""code"": ""OMB01""}","[{""id"": 1288, ""label"": ""2025 K2 Peter H.Reynolds""}]",NULL,[],[]
298731,album,我的表情,教师引导幼儿了解开心、伤心、生气、害怕的表情后，请幼儿来制作自己的表情，运用粘土来制作眼睛、用橡皮泥来制作嘴巴、用毛球来代替鼻子，用毛根来制作头发，每个人都做出了不一样的表情。,,,published,2025-03-10 06:21:25,2025-03-10 06:20:17,2025-03-10 06:21:24,NULL,"{""id"": 16, ""code"": ""MBS""}","[{""id"": 1379, ""label"": ""2025 Nursery 1 Grace""}]",NULL,[],[]
298735,album,对妈妈的爱,在《逃家小兔》的故事中，幼儿深刻的体会到兔妈妈对小兔子的爱，老师提问幼儿是否了解自己的妈妈，妈妈最爱的东西是什么，鼓励幼儿将妈妈喜欢的东西画下来，鼓励幼儿向妈妈表达自己的爱。,,,published,2025-03-10 06:23:47,2025-03-10 06:22:43,2025-03-10 06:23:46,NULL,"{""id"": 18, ""code"": ""OMB01""}","[{""id"": 1288, ""label"": ""2025 K2 Peter H.Reynolds""}]",NULL,[],[]
298738,album,室内体能活动-单脚跳和投掷沙袋,老师在课室里设立四个不同挑战的体能活动，幼儿分成四组分别开始游戏。在游戏中，幼儿需要锻炼单脚向前跳，钻过障碍物、保持平衡头顶运球和朝目标投掷沙袋。,,,published,2025-03-10 06:25:06,2025-03-10 06:24:40,2025-03-10 06:25:05,NULL,"{""id"": 16, ""code"": ""MBS""}","[{""id"": 1382, ""label"": ""2025 Kindergarten 1 Gratitude""}]",NULL,[],[]
298740,album,五官配对,教师引导幼儿认识五官的名称和位置后，请幼儿给图片上的男孩、女孩贴上五官，分别将眉毛、眼睛、鼻子、嘴巴、耳朵一一对应贴在正确的位置。,,,published,2025-03-10 06:25:57,2025-03-10 06:25:15,2025-03-10 06:25:57,NULL,"{""id"": 16, ""code"": ""MBS""}","[{""id"": 1379, ""label"": ""2025 Nursery 1 Grace""}]",NULL,[],[]
298748,album,小手拓印画,教师引导幼儿认识小手的作用后，使用自己的“手”来拓印小花；幼儿可选择自己喜欢的颜色，将小手按在颜色上，在纸上拓印出小花的根茎，随后用食指来点小圆点来当作泥土，挤压胶水点涂在根茎上，按压毛球当作小花，选择自己喜欢的位置，自由操作。,,,published,2025-03-10 06:36:18,2025-03-10 06:35:31,2025-03-10 06:36:17,NULL,"{""id"": 16, ""code"": ""MBS""}","[{""id"": 1379, ""label"": ""2025 Nursery 1 Grace""}]",NULL,[],[]
298751,album,高和矮,老师向幼儿介绍高和矮，邀请幼儿说一说哪些是高的物品？哪些是矮的？再请幼儿和朋友比一比，谁比较高？谁比较矮？请幼儿按照从高到矮进行排列。然后在请幼儿在课室中寻找几个物品，并将物品从高到矮进行排列。,,,published,2025-03-10 06:37:58,2025-03-10 06:37:14,2025-03-10 06:37:57,NULL,"{""id"": 16, ""code"": ""MBS""}","[{""id"": 1382, ""label"": ""2025 Kindergarten 1 Gratitude""}]",NULL,[],[]
298795,album,第一学期第九周照片更新,这一周我们进行了早期阅读《小小的和大大的》阅读活动，小朋友们拿着小书和朋友互相阅读。小朋友们也利用粘土进行装饰文字，更好的感受华文字的每一个笔画。在课程活动中，老师与小朋友们讨论了自己可以帮忙做哪些家务活动，小朋友们表达了自己的想法并做了“立约卡”与老师约定回家要帮忙家长做家务。,,,published,2025-03-10 07:02:27,2025-03-10 07:02:04,2025-03-10 07:02:27,NULL,"{""id"": 5, ""code"": ""DTH01""}","[{""id"": 1406, ""label"": ""2025 Kindergarten 1 Inventors""}]",NULL,[],[]
298871,album,三月 第二周：王老先生有块地,"活动目标：
发展对词语与图片、物体之间关系的意识，能指认图片和物体。

活动过程：
王老先生有块地 咿呀咿呀呦！他在田边养动物咿呀咿呀唷！
老师和小朋友讲述绘本「王老先生有块地」并搭配儿歌，也准备了动物手偶给小朋友使用，通过绘本和儿歌来发展幼儿对动物词汇的初步认识。

参考儿歌：https://youtu.be/9wOp20L2t54?feature=shared",,,published,2025-03-12 07:26:41,2025-03-10 08:08:49,2025-03-12 07:26:41,NULL,"{""id"": 10, ""code"": ""DTE01""}","[{""id"": 1310, ""label"": ""2025 Infant Mozart""}]",NULL,[],[]
298888,album,Happy Birthday Eden!🥳,Thank you Eden and Family for the cake and goodies 🥰 ,,,published,2025-03-10 10:02:55,2025-03-10 10:02:36,2025-03-10 10:02:55,NULL,"{""id"": 1, ""code"": ""DNI00""}","[{""id"": 1298, ""label"": ""2025 N2 Eric Carle""}]",NULL,[],[]
298890,album,Ribbon Race,"The children participated in a ribbon race, where they were invited to arrange ribbons of different lengths in order. They first observed the varying lengths and learned how to sequence them, ensuring that one end of each ribbon aligned with the others. After this, they excitedly raced to pick a ribbon and compared its length with their peers, and arranged the ribbons in order from shortest to longest.",,,draft,2025-03-10 10:06:05,2025-03-10 10:05:43,2025-03-10 10:06:05,NULL,"{""id"": 1, ""code"": ""DNI00""}","[{""id"": 1298, ""label"": ""2025 N2 Eric Carle""}]",NULL,[],[]
298891,album,Green Bean Planting,"Following the story Titch by Pat Hutchins, the children engaged in a green bean planting activity to deepen their understanding of growth and change over time. At the start of the week, they carefully planted green beans in cups filled with cotton wool and watered them. Over the following days, they took responsibility for caring for their plants, closely observing changes, and discussing what they noticed about the growing beans using magnifying glasses. The children were then encouraged to record their observations in their journals, capturing the transformation of their plants.",,,published,2025-03-10 10:08:30,2025-03-10 10:08:00,2025-03-10 10:14:33,NULL,"{""id"": 1, ""code"": ""DNI00""}","[{""id"": 1298, ""label"": ""2025 N2 Eric Carle""}]",NULL,[],[]
298892,album,Tower Building ,"The children explored building towers using Unifix cubes, strengthening their fine motor skills as they carefully joined the cubes to construct tall structures. Once their towers were built, they placed them side by side to compare heights and engaged in discussions about the differences. They were encouraged to arrange their towers from shortest to tallest. Additionally, they were provided with cardboard tubes to experiment with stacking, adding an extra challenge to their tower-building exploration.",,,draft,2025-03-10 10:15:10,2025-03-10 10:14:42,2025-03-10 10:15:10,NULL,"{""id"": 1, ""code"": ""DNI00""}","[{""id"": 1298, ""label"": ""2025 N2 Eric Carle""}]",NULL,[],[]
298895,album,二月 第四周：我会抓握球,"活动目标：
发展视觉能力，如：注视悬挂在床上的玩具并将手伸向玩具等。
发展手眼协调能力，如：能伸手去抓东西。

活动过程：
老师利用胶带还有一些球、玩具黏贴在胶带上，悬挂在幼儿躺着或站着时可以碰触到的高度。
在活动过程中鼓励小朋友伸手触碰或将玩具抓取下来，促进幼儿的视觉和手眼协调能力。

爸爸、妈妈在家中也可以尝试此类的活动，根据幼儿的发展调整高度或更换黏贴的物品，让幼儿可以尝试不同的挑战喔！",,,published,2025-03-12 03:23:20,2025-03-10 10:33:05,2025-03-12 03:23:19,NULL,"{""id"": 10, ""code"": ""DTE01""}","[{""id"": 1310, ""label"": ""2025 Infant Mozart""}]",NULL,[],[]
298896,album,三月 第一周：一起来玩降落伞,"活动目标：
通过歌曲和背景音乐等，初步培养婴幼儿的节奏感。

活动过程：
老师准备了海洋球和降落伞，配合音乐“seven jumps”的节奏拉动降落伞，通过游戏过程来培养幼儿的节奏感，有趣的音乐也让幼儿在活动时有愉快的心情。

快来看看我们进行活动时的照片吧！

参考音乐：https://youtu.be/Yp5yzaWfAng?feature=shared",,,published,2025-03-12 03:31:34,2025-03-10 10:38:18,2025-03-12 03:31:33,NULL,"{""id"": 10, ""code"": ""DTE01""}","[{""id"": 1310, ""label"": ""2025 Infant Mozart""}]",NULL,[],[]
298897,album,三月 第一周：小脚踢踢球,"活动目标：
发展身体动作的协调能力与空间知觉

活动过程：
脚在哪里？脚在哪里？在这里！在这里！我们的脚可以做到什么事呢？
老师在线上悬挂大小不同的气球，鼓励小朋友们抬抬脚、踢踢球，可以站立的小朋友们在老师的辅助下尝试抬脚向前踢气球，通过活动过程促进幼儿的空间知觉发展和培养身体动作的协调能力。",,,published,2025-03-12 03:28:09,2025-03-10 10:43:33,2025-03-12 03:28:09,NULL,"{""id"": 10, ""code"": ""DTE01""}","[{""id"": 1310, ""label"": ""2025 Infant Mozart""}]",NULL,[],[]
298962,album,家庭责任立约卡,请幼儿说一说，自己可以在家里完成哪些家务，并从以上的家务中选出两种自己喜欢并有能力完成的家务，鼓励他们利用马克笔将这两种家务内容用绘画的形式记录下来，画出他们想要帮忙完成的家务，制作一张自己的立约卡并盖上手印。2025.03.04,,,draft,2025-03-10 14:21:15,2025-03-10 14:19:46,2025-03-10 14:21:15,NULL,"{""id"": 18, ""code"": ""OMB01""}","[{""id"": 1287, ""label"": ""2025 K1 Jo Empson""}]",NULL,[],[]
299041,album,第一学期第八周：制作小书《逃家小兔》,"活动目标：
1.幼儿能用华语表达出自己心中兔妈妈和小兔子的样子。
2.幼儿能用制作小书的方式记录他们的想法和创意。

活动介绍：教师为幼儿提供不同种类的纸张、剪刀、胶水等材料和工具，邀请幼儿一起制作创意小书。教师给予幼儿指导与协助，在过程中，教师引导幼儿使用句式 “如果你变成……，我就变成……” 表达自己的创作构思。",,,published,2025-03-11 03:10:39,2025-03-11 02:20:43,2025-03-11 03:10:39,NULL,"{""id"": 10, ""code"": ""DTE01""}","[{""id"": 1316, ""label"": ""2025 Kindergarten 2 Elgar""}]",NULL,[],[]
299042,album,第一学期第九周：分享与展示—我的家庭,"活动目标：
1.描述和讨论他们对各种艺术品的所见、所闻和所感。
2.能够积极主动地用华语表达，态度自然。

活动介绍：
       教师带领幼儿参观大家的亲子作品展，请他们欣赏自己和同伴的作品。 教师请幼儿围圆圈坐下来，引导幼儿说说关于同伴的作品想知道些什么，关于自己的作品他们想告诉大家些什么。教师根据幼儿的讨论结果，用思维导图的方式列出分享亲子作品要点，比如：作品是跟谁一起完成的？你们怎样一起合作？作品是什么形式的？作品里介绍的家庭成员有哪些，他们的喜好是什么？",,,published,2025-03-11 03:15:12,2025-03-11 02:21:32,2025-03-11 03:15:12,NULL,"{""id"": 10, ""code"": ""DTE01""}","[{""id"": 1316, ""label"": ""2025 Kindergarten 2 Elgar""}]",NULL,[],[]
299044,album, KidZania 之旅,大家期待已久的职业之旅终于到来了，孩子们玩得很开心！在这里他们通过各种角色扮演活动，孩子们体验了现实世界的工作和责任，在这一过程中获得了独立和自信。这对他们来说是一个探索不同职业的绝佳机会，并了解如何以有意义的方式培养他们的才能和能力。而且他们也会思考如何获得更多的币，和如何合理使用。,,,published,2025-03-11 03:36:23,2025-03-11 02:30:19,2025-03-11 03:58:02,NULL,"{""id"": 10, ""code"": ""DTE01""}","[{""id"": 1316, ""label"": ""2025 Kindergarten 2 Elgar""}]",NULL,[],[]
299075,album,Show and Tell/ Art Exhibition,"Upon completing their artworks from the Take Home Kits, the children were invited to do a Show and Tell together! They shared about their growth, the things they enjoyed, and milestones. Finally, they presented their artwork through an art exhibition. ",,,draft,2025-03-11 06:07:48,2025-03-11 05:30:19,2025-03-11 06:07:47,NULL,"{""id"": 18, ""code"": ""OMB01""}","[{""id"": 1286, ""label"": ""2025 N2 Kevin Henkes""}]",NULL,[],[]
299090,album,精彩活动：第一学期 第十周,请家长们查阅本周精彩活动！,,,published,2025-03-11 05:47:43,2025-03-11 05:46:37,2025-03-11 05:47:43,NULL,"{""id"": 20, ""code"": ""TMJ""}","[{""id"": 1432, ""label"": ""2025 K2 Potter""}]",NULL,[],[]
299148,album,March Week 2: Story and Cloud Watching ,"Learning objectives: 
1. Foster a beginning interest and curiosity in the natural environment through observation，exploration and play.
2. Foster language and expression through songs, stories and rhymes

Today, the children had a fun and engaging time at Pasir Ris Park. They encountered roosters and hens during their walk and observed the waves in the sea. Afterward, they gathered on a picnic mat, where Teacher Ira read a book about emotions. The day concluded with cloud watching using viewfinders, allowing the children to explore the sky and connect with nature. It was a day full of exploration, learning, and connection with the environment.

Date of activity: 11 March 2025 ",,,published,2025-03-11 06:17:38,2025-03-11 06:17:26,2025-03-11 06:17:38,NULL,"{""id"": 10, ""code"": ""DTE01""}","[{""id"": 1311, ""label"": ""2025 Playgroup Michael Rosen""}]",NULL,[],[]
299161,album,三月第二周 :探索软性积木,"活动目标：通过适宜的触摸体验来发展幼儿的触觉如：提供软性材质的物体（海绵积木)
活动过程：
老师将软性积木放在幼儿面前，鼓励他们探索。当老师将积木叠起来时，幼儿会伸手将其推倒。积木倒下的瞬间，幼儿露出惊讶的表情，睁大眼睛看向老师，仿佛在思考积木为什么会倒下，那专注又天真的样子显得格外可爱。",,,published,2025-03-11 06:42:29,2025-03-11 06:23:32,2025-03-15 11:33:55,NULL,"{""id"": 10, ""code"": ""DTE01""}","[{""id"": 1310, ""label"": ""2025 Infant Mozart""}]",NULL,[],[]
299231,album,Field Trip at Jacob Ballas,"The children used their five senses to explore the environment around them. They had fun discovering different fruits and vegetables at the farm, finding their way through a maze, meeting another terrapin, watching and listening to the waterfall, and finally, riding the slide. Each activity allowed them to experience the world in a new and exciting way.",,,published,2025-03-11 08:30:05,2025-03-11 08:29:56,2025-03-11 08:30:05,NULL,"{""id"": 10, ""code"": ""DTE01""}","[{""id"": 1314, ""label"": ""2025 Nursery 2 Eric Carle""}]",NULL,[],[]
299303,post,花园漫步,"今天天气真好，老师带我们到花园里散步，一起摸摸叶子、吹泡泡，玩得好开心！
",,,published,2025-03-11 12:09:41,2025-03-11 12:09:30,2025-03-11 12:09:41,NULL,"{""id"": 1, ""code"": ""DNI00""}","[{""id"": 1302, ""label"": ""2025 Infant Karen Katz""}]",NULL,[],[]
299313,album,Term 1 Week 9: Exploring Talents Through a Sustainability Garden,"Learning Objectives: 

• Children will practice basic print conventions to document their observations and present their ideas clearly.

Our children have been exploring the world around them by observing how different elements in nature showcase unique talents and abilities. For example, they noticed how plants grow towards sunlight and how materials can be reused in creative ways.

Drawing inspiration from our very own RN Garden, the children observed living things in nature and used their discoveries to design their own garden creations. This hands-on experience allowed them to connect with nature while expressing their creativity.


Date of activity: 4th March 2025",,,published,2025-03-11 13:19:56,2025-03-11 13:19:46,2025-03-11 13:23:06,NULL,"{""id"": 10, ""code"": ""DTE01""}","[{""id"": 1316, ""label"": ""2025 Kindergarten 2 Elgar""}]",NULL,[],[]
299374,album,Weekly Highlight: Term 1 Week 10!,"We wrapped up our topic in focus on My Talents and Abilities this week, reviewing all of our learning and sharing what we have discovered and our plans to continue working on our skills through our Talent Maps! ",,,published,2025-03-11 22:07:11,2025-03-11 22:06:21,2025-03-11 22:07:11,NULL,"{""id"": 20, ""code"": ""TMJ""}","[{""id"": 1432, ""label"": ""2025 K2 Potter""}]",NULL,[],[]
299375,post,小小画家,你们知道一幅作品的创作是多么的复杂吗？你看，我光是工具就使用了四种：羽毛刷、树枝刷，气球和勺子。,,,published,2025-03-11 22:07:47,2025-03-11 22:07:44,2025-03-11 22:07:46,NULL,"{""id"": 1, ""code"": ""DNI00""}","[{""id"": 1302, ""label"": ""2025 Infant Karen Katz""}]",NULL,[],[]
299376,post,我吃粥了,今天，7个月大的我开始正式吃辅食了，谢谢阿姨为我准备了好吃的菜粥,,,published,2025-03-11 22:13:17,2025-03-11 22:13:12,2025-03-11 22:13:16,NULL,"{""id"": 1, ""code"": ""DNI00""}","[{""id"": 1302, ""label"": ""2025 Infant Karen Katz""}]",NULL,[],[]
299377,post,几个盒子,我喜欢这3个颜色形状不同的盒子，当然，我也很认真的把它们研究了一番,,,published,2025-03-11 22:19:37,2025-03-11 22:19:33,2025-03-11 22:19:37,NULL,"{""id"": 1, ""code"": ""DNI00""}","[{""id"": 1302, ""label"": ""2025 Infant Karen Katz""}]",NULL,[],[]
299378,post,我的第一幅蜡笔画,经过了入门的学习后，我紧紧地抓住蜡笔在白纸上轻轻的涂鸦，我完成了我的第一幅蜡笔画作品,,,published,2025-03-11 22:26:35,2025-03-11 22:26:30,2025-03-11 22:26:35,NULL,"{""id"": 1, ""code"": ""DNI00""}","[{""id"": 1302, ""label"": ""2025 Infant Karen Katz""}]",NULL,[],[]
299385,album,第一学期 第九周 ：《小狗找食物》,"活动目标：幼儿能在走和跑的过程中同时弯腰摇摆或是转身等动作，发展在同一时间完成一个非运动技能。

活动过程：
教师带领幼儿模仿小狗走路和寻找食物的动作，一边引导幼儿闻闻、弯腰、摇摆和转身去寻找骨头。幼儿找到骨头后快速跑回“家”，并鼓励他们在下次游戏中主动带领同伴一起说儿歌口令。",,,published,2025-03-11 23:27:36,2025-03-11 23:27:20,2025-03-11 23:27:35,NULL,"{""id"": 10, ""code"": ""DTE01""}","[{""id"": 1314, ""label"": ""2025 Nursery 2 Eric Carle""}]",NULL,[],[]
299387,album,第一学期 第九周 ：早期阅读绘本《去旅行》—宾果游戏,"活动目标：
1.喜欢认字

活动过程：
教师向幼儿介绍绘本的新游戏—宾果游戏， 骰子上有常见的绘本词语如：故事书、水壶和帽子。幼儿和同伴互相丢骰子，幼儿根据提示在卡上找到对应的汉字并使用塑料小圆片盖上标记。完成一排的幼儿喊“宾果！”即为获胜。幼儿在游戏中互相交流，增强合作与互动。

",,,published,2025-03-11 23:47:31,2025-03-11 23:47:21,2025-03-11 23:47:31,NULL,"{""id"": 10, ""code"": ""DTE01""}","[{""id"": 1314, ""label"": ""2025 Nursery 2 Eric Carle""}]",NULL,[],[]
299389,album,拔河比赛,我们来开展一场有趣的拔河比赛！锻炼大肌肉与身体协调能力哦！,,,draft,2025-03-12 00:01:40,2025-03-12 00:01:33,2025-03-12 00:01:40,NULL,"{""id"": 18, ""code"": ""OMB01""}","[{""id"": 1287, ""label"": ""2025 K1 Jo Empson""}]",NULL,[],[]
299390,album,Weekly Photo Album (24 to 28 Feb),- ,,,published,2025-03-12 00:42:44,2025-03-12 00:40:08,2025-03-12 04:44:05,NULL,"{""id"": 20, ""code"": ""TMJ""}","[{""id"": 1404, ""label"": ""2025 K1 Bailey""}]",NULL,[],[]
299402,album,颜色粘贴板,"老师准备好彩色粘贴板和相对应颜色的毛球若干。投放在区角活动区域。幼儿们可以在自由活动时间，探索匹配粘贴毛球。鼓励幼儿尝试粘贴相同的颜色毛球。在匹配游戏的过程中，认识颜色和一一对应的能力。
",,,draft,2025-03-12 04:18:23,2025-03-12 04:18:16,2025-03-12 04:21:22,NULL,"{""id"": 1, ""code"": ""DNI00""}","[{""id"": 1295, ""label"": ""2025 PG Rod Campbell""}]",NULL,[],[]
299409,album,What's your favourite colour? ,"The children were introduced to the song, 'What's your favourite colour?"". They were invited to choose their favourite colour scarfs and swirl them around as we listened to the song. Some of the children were able to sing along, while some were able to identify colours like blue and yellow! Well done, PG! ",,,draft,2025-03-12 04:43:43,2025-03-12 04:43:38,2025-03-12 04:43:42,NULL,"{""id"": 1, ""code"": ""DNI00""}","[{""id"": 1295, ""label"": ""2025 PG Rod Campbell""}]",NULL,[],[]
299415,album,Painting ice!,"The children were invited to participate in an activity to paint the ice. During the process of ice painting, they were encouraged to observe and name the colours that were used. The children were excited to touch the ice and feel the ice with their hands. Some children were able to verbalise what they felt and exclaimed that it is cold. ",,,draft,2025-03-12 04:55:41,2025-03-12 04:55:37,2025-03-12 04:55:40,NULL,"{""id"": 1, ""code"": ""DNI00""}","[{""id"": 1295, ""label"": ""2025 PG Rod Campbell""}]",NULL,[],[]
299440,album,消防车绘本,"老师带领幼儿一起阅读《消防车》绘本，鼓励幼儿从中认识消防车以及其构造和用途，如：有水管-喷水，有云梯-爬高救援。
",,,published,2025-03-12 05:32:44,2025-03-12 05:32:40,2025-03-12 06:11:17,NULL,"{""id"": 18, ""code"": ""OMB01""}","[{""id"": 1284, ""label"": ""2025 N1 Christie Matheson""}]",NULL,[],[]
299449,post,儿歌,"以下是幼儿们这两周学习的儿歌，家长可以儿歌链接与幼儿复习。


1. 交通歌

https://youtu.be/nb0UGMiWYmI?feature=shared

歌词：

汽车轮子转啊转

火车风景真好看

高速列车跑得像风一样快 

飞机高高天上飞

捷运穿梭城市间

轮船载着货物漂浮在海面 

脚踏车有脚踏板

摩托车停车简单

公共汽车里有好多乘客来

绿灯走 红灯停 看见黄灯要小心

遵守交通规则大家笑嘻嘻

汽车（叭叭叭叭叭）

火车（七锵 七锵 七锵） 

飞机（咻～咻～）

轮船（嘟～嘟～）



2.白色小飞机

https://youtu.be/vjmWB147JbE?feature=shared

歌词：

白色小飞机 白色小飞机

轰隆轰隆 轰隆轰隆

白色小飞机

飞呀飞得高 飞到天上去

轰隆轰隆 轰隆轰隆

白色小飞机",,,draft,2025-03-12 05:37:46,2025-03-12 05:37:43,2025-03-12 05:37:45,NULL,"{""id"": 18, ""code"": ""OMB01""}","[{""id"": 1284, ""label"": ""2025 N1 Christie Matheson""}]",NULL,[],[]
299453,album,清洗车辆,"老师告诉幼儿，这些车辆变脏了，需要清洗。老师邀请幼儿一起动手清洁车辆，鼓励他们选择自己喜欢的清洁工具，比如海绵、刷子等。接着喷洒清洁剂在车辆上，并将车辆上的脏污擦洗干净。
",,,draft,2025-03-12 05:41:56,2025-03-12 05:41:36,2025-03-12 05:41:56,NULL,"{""id"": 18, ""code"": ""OMB01""}","[{""id"": 1284, ""label"": ""2025 N1 Christie Matheson""}]",NULL,[],[]
299466,album,Weekly Photo Album (3 to 7 March),- ,,,published,2025-03-12 05:49:23,2025-03-12 05:46:38,2025-03-12 05:49:22,NULL,"{""id"": 20, ""code"": ""TMJ""}","[{""id"": 1404, ""label"": ""2025 K1 Bailey""}]",NULL,[],[]
299512,album,敲敲鸡蛋壳,老师鼓励幼儿探索母鸡和鸡蛋，触摸探索鸡蛋壳等，之后，老师将蛋壳和颜料盖在塑料纸的下面，鼓励幼儿敲打不同颜色的蛋壳，鼓励幼儿说出不同颜色的名称以及“鸡蛋壳”等，老师为幼儿示范如何正确使用小锤子来进行敲打，鼓励幼儿学会使用不同的工具，过程中，加强幼儿的手眼协调能力等。鼓励幼儿观察鸡蛋壳被敲碎的样子，并享受活动带来的乐趣等。,,,published,2025-03-12 06:10:06,2025-03-12 06:09:47,2025-03-12 06:10:06,NULL,"{""id"": 18, ""code"": ""OMB01""}","[{""id"": 1283, ""label"": ""2025 Playgroup Emma Dodd""}]",NULL,[],[]
299514,album,Octaves Music (T1W10),请欣赏本周孩子参与活动的瞬间！,,,published,2025-03-12 06:12:57,2025-03-12 06:11:36,2025-03-12 06:12:57,NULL,"{""id"": 20, ""code"": ""TMJ""}","[{""id"": 1433, ""label"": ""2025 K2 Robinson""}]",NULL,[],[]
299527,album,清洗小动物,老师为幼儿介绍脏脏的小动物，并为幼儿示范如何使用海绵清洗小动物，鼓励幼儿尝试用海绵蘸取泡泡水清洗小动物身上的脏污渍。感受海绵吸水再将水挤压出去的乐趣，鼓励幼儿在活动过程中说出小动物们的名称等。,,,published,2025-03-12 06:20:29,2025-03-12 06:20:16,2025-03-12 06:20:28,NULL,"{""id"": 18, ""code"": ""OMB01""}","[{""id"": 1283, ""label"": ""2025 Playgroup Emma Dodd""}]",NULL,[],[]
299528,album,Term 1 Week 10 Weekly Highlight,Learning names of family members in different languages!,,,published,2025-03-12 09:29:58,2025-03-12 06:21:58,2025-03-13 05:47:03,NULL,"{""id"": 20, ""code"": ""TMJ""}","[{""id"": 1430, ""label"": ""2025 K1 Bright""}]",NULL,[],[]
299529,album,  垃圾车绘本,"老师带领幼儿一起阅读《垃圾车》绘本，鼓励幼儿从绘本中认识到垃圾车以及其构造和用途等。此外，老师也向幼儿介绍其它与垃圾车相关的东西或知识，如：垃圾桶、垃圾分类、回收利用可以再制成什么。
",,,published,2025-03-12 06:22:50,2025-03-12 06:22:47,2025-03-12 06:22:50,NULL,"{""id"": 18, ""code"": ""OMB01""}","[{""id"": 1284, ""label"": ""2025 N1 Christie Matheson""}]",NULL,[],[]
299585,album,Term 1 Week 9 Weekly Highlight,"The children engaged in an activity with Numicon pieces, comparing and arranging them from the thinnest to the thickest. After ordering the pieces, they carefully traced the outlines of each tile onto paper, using the resulting shapes to create a unique, patterned design.",,,published,2025-03-12 07:05:45,2025-03-12 07:04:54,2025-03-12 07:05:45,NULL,"{""id"": 20, ""code"": ""TMJ""}","[{""id"": 1404, ""label"": ""2025 K1 Bailey""}]",NULL,[],[]
299594,album,Term 1 Week 8 Weekly Highlight,"n this activity, the class engaged in a hands-on exploration of an array of ribbons, each with a different width. They began by examining the ribbons closely, discussing their unique characteristics and comparing their sizes. Working collaboratively in pairs, the students practiced sorting by arranging the ribbons from the thinnest to the thickest. This exercise not only enhanced their observational skills but also deepened their understanding of measurement and comparison.
After the sorting activity, the class came together to create a shared piece of art. Each pair contributed by gluing their arranged ribbons onto a large sheet of paper in the correct order. Once all the ribbons were in place, the class added a creative twist by painting over the ribbons with mixed shades, transforming the sorted ribbons into a vibrant, collective artwork.
",,,published,2025-03-12 07:16:47,2025-03-12 07:16:26,2025-03-12 07:16:46,NULL,"{""id"": 20, ""code"": ""TMJ""}","[{""id"": 1404, ""label"": ""2025 K1 Bailey""}]",NULL,[],[]
299596,album,Mastro Enrichment ,- ,,,published,2025-03-12 07:19:06,2025-03-12 07:18:43,2025-03-12 07:19:06,NULL,"{""id"": 20, ""code"": ""TMJ""}","[{""id"": 1404, ""label"": ""2025 K1 Bailey""}]",NULL,[],[]
299598,album,Ready Steady Go Kids (Week 9),-,,,published,2025-03-12 07:23:19,2025-03-12 07:22:44,2025-03-12 07:23:18,NULL,"{""id"": 20, ""code"": ""TMJ""}","[{""id"": 1404, ""label"": ""2025 K1 Bailey""}]",NULL,[],[]
299599,album,Music Octave Week 10,- ,,,published,2025-03-12 07:35:02,2025-03-12 07:33:57,2025-03-12 07:35:02,NULL,"{""id"": 20, ""code"": ""TMJ""}","[{""id"": 1404, ""label"": ""2025 K1 Bailey""}]",NULL,[],[]
299600,album,Ready Steady Go Kids (Week 10),- ,,,published,2025-03-12 07:37:13,2025-03-12 07:36:53,2025-03-12 07:37:13,NULL,"{""id"": 20, ""code"": ""TMJ""}","[{""id"": 1404, ""label"": ""2025 K1 Bailey""}]",NULL,[],[]
299611,album,Weekly Photo Album (10 to 14 March),- ,,,published,2025-03-12 08:26:06,2025-03-12 08:24:35,2025-03-12 08:26:05,NULL,"{""id"": 20, ""code"": ""TMJ""}","[{""id"": 1404, ""label"": ""2025 K1 Bailey""}]",NULL,[],[]
299613,album,华文演绎课,"老师为幼儿复习《小鸟》儿歌，并教导幼儿新的儿歌《洗澡歌》，鼓励幼儿一起和老师随着儿歌音乐用丝巾做出律动。

老师告诉幼儿丝巾将扮演成帽子，接着鼓励幼儿一起仔细聆听儿歌内容，并用帽子盖住其身体部位，如，儿歌唱到盖住手肘，幼儿则需跟着老师一起做出用帽子盖住手肘的动作。

老师再次通过角色扮演的游戏，为幼儿复习《谁吃了我的大饼？》故事。",,,draft,2025-03-13 05:07:41,2025-03-12 08:50:33,2025-03-13 05:07:41,NULL,"{""id"": 18, ""code"": ""OMB01""}","[{""id"": 1284, ""label"": ""2025 N1 Christie Matheson""}]",NULL,[],[]
299614,album,每周精彩活动——（第一学期——第十周--我爱妈妈）,"幼儿能尝试画出图案或符号。幼儿能用粉笔进行绘画。
幼儿能够用简单的华语分享自己的作品内容。
幼儿能与教师和同伴谈论他们的作品，如：运用了哪些颜色，喜欢哪个同伴的作品，妈妈的头发是长的还是短的等。
幼儿画出妈妈的不同发型，引导孩子用更多的句子表达，比如“妈妈的头发长长的。”“妈妈的头发短短的”是一种朴素而真挚的表达，孩子用自己的语言和观察来描述妈妈，传递出对妈妈的喜爱与关注。

",,,published,2025-03-12 09:03:51,2025-03-12 09:03:07,2025-03-12 09:03:51,NULL,"{""id"": 20, ""code"": ""TMJ""}","[{""id"": 1403, ""label"": ""2025 N2 Florence""}]",NULL,[],[]
299649,album,三月第二周活动：儿歌《请你跟我一起拍拍手》,"活动目标：通过边唱歌边做动作，说再见的形式，发展手势与词语之间的联系的初步理解
活动过程：老师播放儿歌《请你跟我一起拍拍手》，老师边跟唱儿歌边拍手引导幼儿模仿，月领较大的幼儿可以边模仿动作边跟着节奏转换快慢，月领较小的幼儿由老师辅助拍手动作，让幼儿初步理解动作和词语之间的联系。",,,draft,2025-03-12 12:08:27,2025-03-12 12:08:24,2025-03-12 12:08:27,NULL,"{""id"": 10, ""code"": ""DTE01""}","[{""id"": 1310, ""label"": ""2025 Infant Mozart""}]",NULL,[],[]
299651,album,精彩活动 三月第二周 亲子活动分享,"教师鼓励幼儿将在家和爸爸、妈妈一起制作的亲子活动作品《我的身体真能干》，展示给朋友们，说一说自己用手、脚、眼睛、嘴巴等能做什么，自己的事情自己做。
    通过分享谈话活动，促进幼儿的语言表达能力的发展，以实现婴幼儿是自信、好奇和投入的学习者[持续的参与、注意力、解决问题和语言能力]的学习成果。
      感谢家长们的大力支持与配合！",,,published,2025-03-14 05:56:05,2025-03-12 12:33:42,2025-03-14 06:08:18,NULL,"{""id"": 20, ""code"": ""TMJ""}","[{""id"": 1402, ""label"": ""2025 N1 Kelly""}]",NULL,[],[]
299668,album,周活动 -- 第一学期第十周,"10/03 -- 14/03/2025

这里是孩子们做亲子活动展示与分享的精彩瞬间，请您查收！",,,published,2025-03-12 13:39:52,2025-03-12 13:39:23,2025-03-14 06:46:32,NULL,"{""id"": 20, ""code"": ""TMJ""}","[{""id"": 1371, ""label"": ""2025 N2 Donaldson""}]",NULL,[],[]
299671,album,精彩活动 -- 第一学期第十周,"10/03 -- 14/03/2025

       本周是N2 Donaldson 第一学期第十周,本周的主要内容是：教师请幼儿分享自己的亲子活动以及粉笔画 -- 我的妈妈。教师和幼儿共同回忆歌曲《我的好妈妈》并改编歌曲，请幼儿分享一下妈妈的外貌特征。学习句式“妈妈的头发长长的。”尝试描述妈妈头发的样子。教师为幼儿提供黑色的纸以及不同颜色的粉笔，鼓励幼儿选出妈妈最喜爱的颜色来开始进行创作。幼儿能够乐意认读词语：妈妈、爱、跳、高、大兔子、小兔子，并与同伴进行语言游戏《踏石过河》。",,,published,2025-03-12 13:46:48,2025-03-12 13:46:25,2025-03-12 13:53:00,NULL,"{""id"": 20, ""code"": ""TMJ""}","[{""id"": 1371, ""label"": ""2025 N2 Donaldson""}]",NULL,[],[]
299750,album,Weekly Highlight; Term 1 Week 9,Exploring numbers through hands-on activity,,,published,2025-03-12 21:29:11,2025-03-12 21:28:46,2025-03-12 21:29:10,NULL,"{""id"": 20, ""code"": ""TMJ""}","[{""id"": 1433, ""label"": ""2025 K2 Robinson""}]",NULL,[],[]
299751,album,Activities this week (Term 1 Week 9),3/3 -7/3,,,published,2025-03-12 21:47:16,2025-03-12 21:46:55,2025-03-12 21:47:16,NULL,"{""id"": 20, ""code"": ""TMJ""}","[{""id"": 1433, ""label"": ""2025 K2 Robinson""}]",NULL,[],[]
299752,album,Reagan's Birthday Celebration,"Thank you, Reagan’s family, for taking the time to celebrate this special day with us! The children had a wonderful time, and we truly appreciate the effort in making the celebration so memorable.

A big thank you as well for including a fun game for the children to enjoy—it made the day even more exciting! 💛🎈

Here are some joyful moments from Reagan’s birthday celebration! 📸✨",,,published,2025-03-13 02:29:21,2025-03-12 21:58:39,2025-03-13 02:29:21,NULL,"{""id"": 20, ""code"": ""TMJ""}","[{""id"": 1433, ""label"": ""2025 K2 Robinson""}]",NULL,[],[]
299753,album,Weekly Highlight; Term 1 Week 10,Camouflage Challenge!,,,published,2025-03-13 05:12:55,2025-03-12 22:26:15,2025-03-13 05:12:55,NULL,"{""id"": 20, ""code"": ""TMJ""}","[{""id"": 1433, ""label"": ""2025 K2 Robinson""}]",NULL,[],[]
299783,album,Cracking Paper Egg Shells!,The children were provided with a cardboard egg cutout with pictures of baby birds which they had to reveal by tearing the shell made out of paper. It was a fun material for the children to use to hone their fine motor skills. ,,,published,2025-03-13 05:14:59,2025-03-13 02:54:46,2025-03-13 05:14:59,NULL,"{""id"": 18, ""code"": ""OMB01""}","[{""id"": 1284, ""label"": ""2025 N1 Christie Matheson""}]",NULL,[],[]
299784,album,Bird Footprint Hop Game,"The children hopped, stepped, or tiptoed along the path, following the footprints just like different birds would! At the end of the path, they can feed the “hungry bird” by tossing balls the balls into its mouth, pretending they are bird food like seeds or worms.",,,published,2025-03-13 05:15:37,2025-03-13 03:10:37,2025-03-13 05:15:37,NULL,"{""id"": 18, ""code"": ""OMB01""}","[{""id"": 1284, ""label"": ""2025 N1 Christie Matheson""}]",NULL,[],[]
299785,album,Dress Up Corner,"We set up a corner in the classroom to invite the children to dress up and practice wearing shirts, shorts and socks. This corner helps to reinforce the self-help skill that we have been focusing on for the past two months to encourage the children to dress themselves up independently. ",,,published,2025-03-13 05:21:19,2025-03-13 03:15:01,2025-03-13 05:21:19,NULL,"{""id"": 18, ""code"": ""OMB01""}","[{""id"": 1284, ""label"": ""2025 N1 Christie Matheson""}]",NULL,[],[]
299786,album,March Week 2: Roll the ball,"Learning objectives: 
- Foster gross motor development (rolling over, sitting, crawling, standing, etc)

The week, the teacher introduce a new activity; rolling a ball to the children. She demonstrate how to roll a ball to another child while seated. The infants will be encouraged to roll a soft ball back and forth to the teachers and their peers while maintaining their balance as they sit with no to minimal support. Through this activity, we work to improve coordination and gross motor skills of the children. 
",,,published,2025-03-13 03:18:19,2025-03-13 03:17:38,2025-03-13 03:18:19,NULL,"{""id"": 10, ""code"": ""DTE01""}","[{""id"": 1310, ""label"": ""2025 Infant Mozart""}]",NULL,[],[]
299787,album,第一学期第十周精彩活动,请欣赏本周精彩活动,,,published,2025-03-13 11:37:24,2025-03-13 03:21:53,2025-03-13 11:37:23,NULL,"{""id"": 20, ""code"": ""TMJ""}","[{""id"": 1430, ""label"": ""2025 K1 Bright""}]",NULL,[],[]
299831,album,"Ready, Steady, Go Kids (T1W10)",Learning a new sport; Rugby,,,published,2025-03-13 04:56:30,2025-03-13 04:54:37,2025-03-13 04:56:29,NULL,"{""id"": 20, ""code"": ""TMJ""}","[{""id"": 1433, ""label"": ""2025 K2 Robinson""}]",NULL,[],[]
299845,album,March Week 2: Enrichment,"Julia Gabriel, Octaves, Mathstro, Sports",,,published,2025-03-13 05:23:10,2025-03-13 05:21:44,2025-03-13 06:59:00,NULL,"{""id"": 20, ""code"": ""TMJ""}","[{""id"": 1402, ""label"": ""2025 N1 Kelly""}]",NULL,[],[]
299846,album,三月精彩相册（二）,"早期阅读活动《美妙地音乐》
小书制作
Galaxy Kids
认字游戏
音乐课活动",,,published,2025-03-13 05:23:24,2025-03-13 05:21:59,2025-03-13 05:23:23,NULL,"{""id"": 20, ""code"": ""TMJ""}","[{""id"": 1432, ""label"": ""2025 K2 Potter""}]",NULL,[],[]
299857,album,Bird Kite Flying,Thank you parents for creating the bird kites with the children! We had tons of fun running outdoors and attempting to make the kites fly! ,,,published,2025-03-13 05:34:37,2025-03-13 05:34:27,2025-03-13 05:34:37,NULL,"{""id"": 18, ""code"": ""OMB01""}","[{""id"": 1284, ""label"": ""2025 N1 Christie Matheson""}]",NULL,[],[]
299864,album,Bird Flying Round Two!,The children had so much fun that we had two do another round of the bird kite flying activity! We noticed that they got better during this round and would make an effort to raise their arms higher to make the kite fly! ,,,published,2025-03-13 05:39:22,2025-03-13 05:39:04,2025-03-13 05:39:21,NULL,"{""id"": 18, ""code"": ""OMB01""}","[{""id"": 1284, ""label"": ""2025 N1 Christie Matheson""}]",NULL,[],[]
299903,album,Term 1's Excursion,We went to Marina Barrage for a morning of fun! The class was tasked to create a drawing of their surroundings with coloured markers and they had fun playing bubbles! The class also enjoyed their snacks! ,,,published,2025-03-13 07:45:34,2025-03-13 06:03:20,2025-03-13 15:40:57,NULL,"{""id"": 16, ""code"": ""MBS""}","[{""id"": 1382, ""label"": ""2025 Kindergarten 1 Gratitude""}]",NULL,[],[]
299916,album,Term 1 Week 10 ,"As Term 1 concluded, N2 Donaldson engaged in a creative activity called ""My Feelings Collage"" to express their emotions through art. Each child crafted a personal collage using printed images, stickers, and dot markers in their Black Books, which enhanced their motor skills and personal expression. The classroom buzzed with excitement as the children shared stories of favorite playground adventures and family outings, deepening their understanding of personal and peer experiences. This activity not only fostered creativity but also encouraged joyful conversations and self-awareness among the children.",,,published,2025-03-13 09:12:54,2025-03-13 06:12:05,2025-03-13 09:12:54,NULL,"{""id"": 20, ""code"": ""TMJ""}","[{""id"": 1371, ""label"": ""2025 N2 Donaldson""}]",NULL,[],[]
299936,album,第一学期第十周精彩活动,"Objective(s)/目标:
幼儿能积极地用华语分享自己的想法。
幼儿能大胆画出图案，发挥幼儿的想象力。
",,,published,2025-03-13 06:33:58,2025-03-13 06:29:52,2025-03-13 06:33:58,NULL,"{""id"": 20, ""code"": ""TMJ""}","[{""id"": 1433, ""label"": ""2025 K2 Robinson""}]",NULL,[],[]
299954,album,三月第二周精彩活动,"白菜换衣了,快一起来观察吧！",,,published,2025-03-13 06:47:15,2025-03-13 06:46:25,2025-03-13 06:47:15,NULL,"{""id"": 20, ""code"": ""TMJ""}","[{""id"": 1397, ""label"": ""2025 PG Campbell""}]",NULL,[],[]
299960,album,精彩活动——第一学期第十周,"10/03/2025——13/03/2025

  本周的精彩活动从好奇乐和来动吧两个领域出发。本次拔河比赛活动结合故事《拔萝卜》，培养幼儿的好奇心与身体协调能力。教师通过播放视频，引导幼儿思考如何拔出萝卜，并讨论合作的力量。在比赛环节，幼儿分组进行拔河游戏，体验团队合作的作用，并在比赛后交流技巧，如如何站稳、用力和协调配合。教师鼓励幼儿提出改进策略，并通过试验找到最有效的方法。活动过程中，幼儿不仅锻炼了手脚协调的大肌肉动作，还培养了解决问题的能力和合作精神。最后，教师带领幼儿放松身体，总结比赛经验，加深对学习内容的理解。







",,,published,2025-03-13 06:51:05,2025-03-13 06:50:19,2025-03-13 06:51:05,NULL,"{""id"": 20, ""code"": ""TMJ""}","[{""id"": 1404, ""label"": ""2025 K1 Bailey""}]",NULL,[],[]
299975,album,第一学期第十周,3月10日-3月14日,,,published,2025-03-13 07:06:56,2025-03-13 07:05:54,2025-03-13 07:06:56,NULL,"{""id"": 20, ""code"": ""TMJ""}","[{""id"": 1433, ""label"": ""2025 K2 Robinson""}]",NULL,[],[]
299976,album,周活动——第一学期第十周,"10/03/2025——14/03/2025

  请查收本周的周活动。",,,published,2025-03-13 07:09:15,2025-03-13 07:07:57,2025-03-13 07:09:14,NULL,"{""id"": 20, ""code"": ""TMJ""}","[{""id"": 1404, ""label"": ""2025 K1 Bailey""}]",NULL,[],[]
299988,post,K1 Term 1 Week 10 Weekly Updates ,"For this week, children wrapped up their term 1 theme [Learning about my family]. They had a show and tell where they shared their experiences of carrying various little task cards by taking on the role of a little helper. 

Children also had fun going on a family field trip, where they enjoyed having picnics as well as decorating and flying their kites too.

Lastly, children continued to explore their various learning centres and enjoyed their time of exploration!",,,published,2025-03-14 09:22:31,2025-03-13 08:01:12,2025-03-14 09:54:40,NULL,"{""id"": 5, ""code"": ""DTH01""}","[{""id"": 1406, ""label"": ""2025 Kindergarten 1 Inventors""}]",NULL,[],[]
300055,album,K2 Potter's Weekly Photos - March 10th to March 14th,Here are some photos of our K2 Potter friends from this week!,,,published,2025-03-13 12:30:23,2025-03-13 12:27:02,2025-03-13 12:30:22,NULL,"{""id"": 20, ""code"": ""TMJ""}","[{""id"": 1432, ""label"": ""2025 K2 Potter""}]",NULL,[],[]
300058,album,Field Trip to Waka Waka,"For our first field trip of the year, children went to Waka Waka. This ties in with our theme on emotions and feelings. ",,,published,2025-03-13 12:54:05,2025-03-13 12:53:54,2025-03-13 12:54:04,NULL,"{""id"": 16, ""code"": ""MBS""}","[{""id"": 1379, ""label"": ""2025 Nursery 1 Grace""}]",NULL,[],[]
300076,album,Rock Climbing,"The children continue their rock climbing lesson, growing increasingly confident as they take on new challenges.

",,,published,2025-03-14 11:38:14,2025-03-13 13:43:03,2025-03-14 11:38:14,NULL,"{""id"": 1, ""code"": ""DNI00""}","[{""id"": 1301, ""label"": ""2025 K2 Debi Gliori""}]",NULL,[],[]
300088,album,Venus Flytrap workshop,"The children attended a Venus Flytrap Workshop, where they explored different types of carnivorous plants and learned about their unique characteristics. They discovered the differences between various plants and got to take home their own Venus flytrap or sundew to nurture and observe its growth.

",,,published,2025-03-14 11:40:39,2025-03-13 13:55:27,2025-03-14 11:40:38,NULL,"{""id"": 1, ""code"": ""DNI00""}","[{""id"": 1301, ""label"": ""2025 K2 Debi Gliori""}]",NULL,[],[]
300095,album,三月第二周精彩活动,快和爸爸妈妈一起来看看我们的照片吧！,,,published,2025-03-14 11:33:34,2025-03-13 14:20:22,2025-03-14 11:33:33,NULL,"{""id"": 20, ""code"": ""TMJ""}","[{""id"": 1395, ""label"": ""2025 PG Kale""}]",NULL,[],[]
300096,album,三月 第二周 活动集锦,这是本周部分活动的照片，请浏览！,,,published,2025-03-14 05:54:58,2025-03-13 14:21:09,2025-03-14 05:54:58,NULL,"{""id"": 20, ""code"": ""TMJ""}","[{""id"": 1402, ""label"": ""2025 N1 Kelly""}]",NULL,[],[]
300106,album,三月日记（10/3/2025-14/3/2025）,快和爸爸妈妈一起来看看我们的照片吧！,,,published,2025-03-14 11:32:13,2025-03-13 14:35:07,2025-03-14 11:32:12,NULL,"{""id"": 20, ""code"": ""TMJ""}","[{""id"": 1395, ""label"": ""2025 PG Kale""}]",NULL,[],[]
300124,album,March Week 2 Photo Album,"10 Mar - 14 Mar 2025 

Please enjoy these pictures! :)",,,published,2025-03-14 06:27:51,2025-03-13 15:52:36,2025-03-14 06:27:50,NULL,"{""id"": 20, ""code"": ""TMJ""}","[{""id"": 1395, ""label"": ""2025 PG Kale""}]",NULL,[],[]
300144,album,Activities this week (Term 1 Week 10),10/3 -14/3,,,published,2025-03-13 22:26:13,2025-03-13 22:24:57,2025-03-13 22:26:12,NULL,"{""id"": 20, ""code"": ""TMJ""}","[{""id"": 1433, ""label"": ""2025 K2 Robinson""}]",NULL,[],[]
300145,post,"""5 Ping Pong Balls""","As the educator rolled 1 ping pong ball towards Ali, he looked and watched the ping pong ball rolling towards him. He opened up his hands to receive the ping pong ball. He became excited and rocked his body back and forth as he watched other ping pong balls rolling towards him. He gathered them with his hands and readily received the rest of the ping pong balls to explore with his motor skills and sensory motor skills.
",,,published,2025-03-13 22:37:25,2025-03-13 22:37:18,2025-03-13 22:37:25,NULL,"{""id"": 1, ""code"": ""DNI00""}","[{""id"": 1302, ""label"": ""2025 Infant Karen Katz""}]",NULL,[],[]
300146,post,"""Yummy Broccoli""","It’s broccoli week and Ali is being receptive towards the texture and the taste of the broccoli. He readily opened his mouth to take another spoon. Yay! 
",,,published,2025-03-13 23:14:15,2025-03-13 23:14:09,2025-03-13 23:14:14,NULL,"{""id"": 1, ""code"": ""DNI00""}","[{""id"": 1302, ""label"": ""2025 Infant Karen Katz""}]",NULL,[],[]
300147,post,"""Exploring the Animal's Tails""","Ali gently touched the animal's cloth book and looked at the picture in it. He moved his little fingers to grab and touch the animal's tails when being encouraged by the educator. He smiled when he heard the educator imitate the animal sound! 😄
",,,published,2025-03-13 23:23:50,2025-03-13 23:23:45,2025-03-13 23:23:50,NULL,"{""id"": 1, ""code"": ""DNI00""}","[{""id"": 1302, ""label"": ""2025 Infant Karen Katz""}]",NULL,[],[]
300148,album,Learning numeracy,"Children played a fun memory game where they flipped cards to find matching pairs of numbers and their corresponding number words. Through this activity, they strengthened their understanding of number concepts while improving their memory and concentration skills.

",,,published,2025-03-14 11:38:48,2025-03-13 23:37:29,2025-03-14 11:38:47,NULL,"{""id"": 1, ""code"": ""DNI00""}","[{""id"": 1301, ""label"": ""2025 K2 Debi Gliori""}]",NULL,[],[]
300149,album,Term 1 Week 10 Photos: My Feelings Collage,"Children were provided with the opportunity to share about things that make them happy/ excited/ loved by creating a collage using pictures of items that they might like. (E.g Pokemon character, drinks, ice cream flavour, pasta type, fruit) They also got to compare with their friend's collage to see what items they have in common and what were different too!",,,published,2025-03-14 05:57:22,2025-03-13 23:47:29,2025-03-14 05:57:21,NULL,"{""id"": 20, ""code"": ""TMJ""}","[{""id"": 1403, ""label"": ""2025 N2 Florence""}]",NULL,[],[]
300150,post,"""Exploring the Tunnel""","Ali explored the tunnel by maintaining his balance and adjusting his body position as he crawled his way into the tunnel and successfully crawled out from the tunnel. 

",,,published,2025-03-13 23:49:08,2025-03-13 23:49:00,2025-03-13 23:49:08,NULL,"{""id"": 1, ""code"": ""DNI00""}","[{""id"": 1302, ""label"": ""2025 Infant Karen Katz""}]",NULL,[],[]
300151,album,Term 1 Week 10 Photos: Paddle Fun,"This week, we got to try out a new outdoor toy set including a paddle and rubber furry ball! The children got to try a relay where they had to bounce the ball while walking towards the end goal (bucket) and toss it forward to score! The children also got to practice using the paddle to toss and bounce the ball from a distance too!",,,published,2025-03-14 05:56:18,2025-03-13 23:53:46,2025-03-14 05:56:18,NULL,"{""id"": 20, ""code"": ""TMJ""}","[{""id"": 1403, ""label"": ""2025 N2 Florence""}]",NULL,[],[]
300152,album,Weekly Highlight: Term 1 Week 10 (Jump and Count),-,,,published,2025-03-14 05:55:06,2025-03-14 00:06:44,2025-03-14 05:55:06,NULL,"{""id"": 20, ""code"": ""TMJ""}","[{""id"": 1403, ""label"": ""2025 N2 Florence""}]",NULL,[],[]
300203,album,Sort my Emotions!,"This week, the little ones attempted to sort the different emotions characters (poms poms) into their homes using a tong. ",,,published,2025-03-14 04:11:43,2025-03-14 04:10:58,2025-03-14 04:11:43,NULL,"{""id"": 16, ""code"": ""MBS""}","[{""id"": 1380, ""label"": ""2025 Nursery 1 Courage""}]",NULL,[],[]
300204,album,Working Together!,"The little ones worked together to bring a pile of foam blocks across the classroom using a blanket. Afterwards, conversations about how they feel when they worked together with their friends to complete the task were fostered. “You brought the pile of bricks here with your friends. I see you work together with them. What’s that warm fuzzy feeling in your heart? Happy, delighted?”",,,published,2025-03-14 04:16:14,2025-03-14 04:16:01,2025-03-14 04:16:14,NULL,"{""id"": 16, ""code"": ""MBS""}","[{""id"": 1380, ""label"": ""2025 Nursery 1 Courage""}]",NULL,[],[]
300209,album,Weekly Highlight (Fruits and Vegetables Puzzle),March Week 2,,,published,2025-03-14 04:52:45,2025-03-14 04:52:30,2025-03-14 04:52:45,NULL,"{""id"": 20, ""code"": ""TMJ""}","[{""id"": 1397, ""label"": ""2025 PG Campbell""}]",NULL,[],[]
300230,album, Show & Tell (minibooks),"The children participated in a Show & Tell activity, where they created mini-books to showcase their talents through writing and illustrations. They confidently shared their books with the class, describing their skills",,,published,2025-03-14 11:39:47,2025-03-14 05:07:35,2025-03-14 11:39:46,NULL,"{""id"": 1, ""code"": ""DNI00""}","[{""id"": 1301, ""label"": ""2025 K2 Debi Gliori""}]",NULL,[],[]
300232,album,Activities of the Week!,March Week 2,,,published,2025-03-14 05:09:05,2025-03-14 05:08:14,2025-03-14 05:09:04,NULL,"{""id"": 20, ""code"": ""TMJ""}","[{""id"": 1397, ""label"": ""2025 PG Campbell""}]",NULL,[],[]
300242,album,Hopping and Counting 1-10,"The children were invited to play a game! First, they took turns to pick a number from 1-10. Subsequently, they will count and hop the number of times according to the number they drew.",,,draft,2025-03-14 05:14:53,2025-03-14 05:14:08,2025-03-14 05:14:53,NULL,"{""id"": 18, ""code"": ""OMB01""}","[{""id"": 1286, ""label"": ""2025 N2 Kevin Henkes""}]",NULL,[],[]
300250,album,My Big Emotions,"The little ones were encouraged to express their emotions through the use of acrylic paint with their hands. They were given the autonomy to choose the colours they like. Afterwards, they added some features to make their emotion characters come to life.",,,published,2025-03-14 05:20:30,2025-03-14 05:20:07,2025-03-14 05:34:48,NULL,"{""id"": 16, ""code"": ""MBS""}","[{""id"": 1380, ""label"": ""2025 Nursery 1 Courage""}]",NULL,[],[]
300274,album,Field Trip to Genius R Us!,"The little ones had a wonderful time baking brownies during our field trip to Genius R Us today! They were introduced to various ingredients and equipment before getting hands-on with pouring, mixing, baking, decorating, and packing their delicious treats. It was an exciting and fun-filled experience!",,,published,2025-03-14 05:43:06,2025-03-14 05:40:27,2025-03-14 05:43:06,NULL,"{""id"": 20, ""code"": ""TMJ""}","[{""id"": 1432, ""label"": ""2025 K2 Potter""}]",NULL,[],[]
300296,album,Term 1 Week 10: Animal Race Parade,"Objectives:
1) Children will practice organising objects based on their position in a sequence, developing an understanding of order through play. 
2) Children will use precise hand movements to handle small objects with control and care. 


The children were given small animal figurines and a racetrack template. They took turns rolling a virtual die to move their figurines along the track. Once all the animals have crossed the finish line, the children then determine the positions (e.g., 1st, 2nd, 3rd) based on the order they finish. It was also emphasized to the children the importance of taking turns, celebrating achievements, and showing appreciation for the group effort to make this activity an enjoyable and learning through play.

This activity was conducted from the 12th to 13th of April 2025.",,,published,2025-03-14 05:57:37,2025-03-14 05:57:15,2025-03-14 06:05:59,NULL,"{""id"": 10, ""code"": ""DTE01""}","[{""id"": 1315, ""label"": ""2025 Kindergarten 1 Darwin""}]",NULL,[],[]
300299,album,第一学期 第十周- 我是班级小助手,"活动目标：
1. 幼儿能根据教师的口令参与游戏并完成任务。 
2. 幼儿能在同一时间协调腿和手的大肌肉动作。

活动介绍：

      今天，小朋友们学习使用扫把和畚箕，把地板上的纸张扫到指定的格子里。大家非常认真参与这项游戏，确保每一张纸都进格子。最有趣的是，每一组还会有一位拥有“神奇的手”的小帮手！这位小朋友的任务是把角落里的垃圾用手捡起来，并放进自己的袋子里，确保教室变得更干净！  

      透过这个游戏，小朋友们学会了如何使用扫把和畚箕，练习了手脚的协调能力，也学习保持环境整洁。",,,published,2025-03-14 05:59:57,2025-03-14 05:59:34,2025-03-14 05:59:56,NULL,"{""id"": 10, ""code"": ""DTE01""}","[{""id"": 1315, ""label"": ""2025 Kindergarten 1 Darwin""}]",NULL,[],[]
300303,album,Parental Involvement,"As the children explore the interest of ""My Family,"" we invite you to create a special ‘family tree’ together using recycled materials. We’ve provided a selection of materials and creative ideas to help you get started on this fun and meaningful activity. We also encourage you to showcase the completed family tree with the PG. If you're interested in participating in a show-and-tell with your little ones, please let us know! You can bring the completed family tree within the next two weeks. We can’t wait to see the unique family trees your children will create!",,,published,2025-03-14 06:01:35,2025-03-14 06:00:49,2025-03-14 06:01:35,NULL,"{""id"": 5, ""code"": ""DTH01""}","[{""id"": 1409, ""label"": ""2025 Playgroup Explorers""}]",NULL,[],[]
300355,album,March Week 2 Weekly Highlight: Fruity Pom Pom Sorting ,"Learning objective: Develop beginning understanding of basic Numeracy concepts by likeness and differences in size, shape, texture etc. 

This week, our little ones had a blast with a colourful pom-pom sorting activity! They were provided with bottles labelled with pictures of fruits —grape, orange, pear, and apple—and was invited to find pom-poms that matched the fruit’s colour. We mixed in a few pom-poms of different colours, encouraging them to focus and pick out only the matching ones. With eager little hands pushing pom-poms through the bottle openings, they practiced noticing similarities and differences while strengthening their fine motor skills. Well done our dear little fruit sorters! ",,,published,2025-03-14 06:27:39,2025-03-14 06:27:06,2025-03-14 06:27:39,NULL,"{""id"": 20, ""code"": ""TMJ""}","[{""id"": 1395, ""label"": ""2025 PG Kale""}]",NULL,[],[]
300358,album,每周活动分享,"尊敬的家长您好，这一周是我们家庭主题探索的第二周。这一周教师和幼儿一起分享了家庭照片，在教师的引导下幼儿在同伴面前指认自己的家庭成员，同时也学习认出同伴的家庭成员。为了契合我们的活动，在美工活动当中，幼儿给爸爸做了个领带。 活动中幼儿在领带的形状上面自由涂色，然后练习幼儿手指肌肉的灵活性，让幼儿把小贴纸粘贴在领带上面做装饰，最后幼儿用胶水把领带图形粘贴在背景纸上以及贴上爸爸的照片。 
星期一幼儿上了一节音乐律动课，活动当中教师利用纱巾和摇铃跟跟随音乐来做律动。纱巾是幼儿喜欢的一个音乐器材，他们喜欢跟随着音乐挥舞手中的纱巾，幼儿还模仿音乐老师的动作转动自己的身体。Thinking Box 的脑力思维训练中，老师们和幼儿一起玩颜色的配对游戏。以及听指令把不同颜色的球放进指定的框里面。从幼儿的反应来看，幼儿开始有了颜色配对的概念，他们能够把一样颜色的物品放在一起。
游乐场探索中，幼儿选择自己喜欢的器材和玩具进行探索。 一些幼儿和教师一起做踢球的游戏，从幼儿玩球的过程当中可以看得出来，幼儿能够一边小跑一边做出踢球的状态，有的孩子能够在立定的状态下做出踢球的动作，可见幼儿身体的协调性和空间感知能力有了很大的进步。
除此之外，我们一起学习了儿歌《手指家庭》，通过手指谣的儿歌韵律，让幼儿能够学习模仿说出家庭里面的成员，例如：爸爸，妈妈，哥哥，妹妹和宝宝的词语。图书角落我们提供了很多关于家庭成员的书本，鼓励幼儿在图书角进行自我阅读以及师生共读，培养幼儿从小爱读书的习惯。",,,published,2025-03-14 06:29:50,2025-03-14 06:28:12,2025-03-14 06:32:49,NULL,"{""id"": 5, ""code"": ""DTH01""}","[{""id"": 1409, ""label"": ""2025 Playgroup Explorers""}]",NULL,[],[]
300360,album,三月日记（10/03/2025_14/03/2025),三月第二周的照片来咯！快和我们一起来看看吧！,,,published,2025-03-14 06:31:48,2025-03-14 06:29:38,2025-03-14 06:47:43,NULL,"{""id"": 20, ""code"": ""TMJ""}","[{""id"": 1397, ""label"": ""2025 PG Campbell""}]",NULL,[],[]
300375,album,三月第二周（10/03 - 14/03） 精彩活动,这是本周精彩活动的照片，请查看！,,,published,2025-03-14 06:42:43,2025-03-14 06:41:35,2025-03-14 06:42:42,NULL,"{""id"": 20, ""code"": ""TMJ""}","[{""id"": 1401, ""label"": ""2025 N1 Rosen""}]",NULL,[],[]
300382,album,SRT Play - The Emperor's New Clothes,"The children enjoyed watching a playful remake of the classic tale of ""The Emperor's New Clothes"" at SRT.
They had fun watching the play at SRT!",,,published,2025-03-14 06:47:15,2025-03-14 06:47:11,2025-03-14 06:47:14,NULL,"{""id"": 10, ""code"": ""DTE01""}","[{""id"": 1315, ""label"": ""2025 Kindergarten 1 Darwin""}]",NULL,[],[]
300388,album,三月第二周，我喜欢音乐。,"活动目标;通过声音探索周围的环境，如：敲击表面、摇晃物体、敲击手鼓、刮鼓、按压音乐玩具上的按钮，培养婴幼儿对音乐律动的兴趣，享受音乐与律动.
今天老师用松散材料（铁的吸管粗与细、圆形与长方形的盒子、塑料的盒子与勺子）来教导孩子敲击，发出不同的声音。
孩子通过此活动来学习初步认识粗与细、圆形与长方形的、塑料的盒子与勺子，听它发出不同的声音。他们很享受整个敲打的乐趣。
",,,published,2025-03-14 06:51:39,2025-03-14 06:51:26,2025-03-14 06:51:38,NULL,"{""id"": 10, ""code"": ""DTE01""}","[{""id"": 1310, ""label"": ""2025 Infant Mozart""}]",NULL,[],[]
300397,album,印画彩色花朵,"老师提前准备好彩色颜料、塑料袋、白色卡纸、毛笔若干。邀请幼儿一起来印画彩色小花朵。老师介绍活动材料，示范制作彩色小花的做法。幼儿在自由创作的过程中，加深对颜色的认识，体会动手创作的乐趣。
",,,draft,2025-03-14 06:54:13,2025-03-14 06:54:09,2025-03-14 06:54:13,NULL,"{""id"": 1, ""code"": ""DNI00""}","[{""id"": 1295, ""label"": ""2025 PG Rod Campbell""}]",NULL,[],[]
300402,album,March Week 2: Rainbow Walk,"Learning Objective:
-Foster gross motor development (walk, run, jump, cimb, on playground equipment, bend, kick, throw, etc) 

Children were invited to pair up with a friend of their choice and held onto the jumbo paper roll together and walked across the rainbow walk way. 

Date of activity: 14 March 2025 ",,,published,2025-03-14 06:54:40,2025-03-14 06:54:37,2025-03-14 06:54:39,NULL,"{""id"": 10, ""code"": ""DTE01""}","[{""id"": 1312, ""label"": ""2025 Nursery 1 Lois Ehlert""}]",NULL,[],[]
300404,album,三月第二周（10/03 - 14/03） 其他活动,这是本周其他活动的照片，请查看！,,,published,2025-03-14 06:57:45,2025-03-14 06:55:51,2025-03-14 06:57:44,NULL,"{""id"": 20, ""code"": ""TMJ""}","[{""id"": 1401, ""label"": ""2025 N1 Rosen""}]",NULL,[],[]
300414,album,March Week 2: Weekly Highlight,Transferring,,,published,2025-03-14 07:00:29,2025-03-14 07:00:11,2025-03-14 07:00:29,NULL,"{""id"": 20, ""code"": ""TMJ""}","[{""id"": 1402, ""label"": ""2025 N1 Kelly""}]",NULL,[],[]
300417,post,Rock Climbing,"In this week's rock climbing session, the children continued practicing climbing different walls and attempted climbing on volumes as well. Since they have been learning various climbing techniques, such as the giraffe and frog, this session provided them with more opportunities to apply what they have learned.",,,published,2025-03-14 12:12:06,2025-03-14 07:02:22,2025-03-14 12:12:05,NULL,"{""id"": 1, ""code"": ""DNI00""}","[{""id"": 1300, ""label"": ""2025 K1 David McKee""}]",NULL,[],[]
300426,album,March Week 2,Activities of the week!,,,published,2025-03-14 07:47:45,2025-03-14 07:46:52,2025-03-14 07:47:45,NULL,"{""id"": 20, ""code"": ""TMJ""}","[{""id"": 1402, ""label"": ""2025 N1 Kelly""}]",NULL,[],[]
300427,post,Journal Writing: What does your home look like?,"As we wrap up Term 1 ""Things We Do As a Family"", this week's Journal Writing question is, ""What does your home look like?"" This question sparked excitement among the children, as they were eager to showcase the things they adore or own at home. For instance, some friends drew a living room with Lego blocks and a vacuum robot, while others illustrated their rooms with a heart-shaped carpet or even a trolley filled with their favourite art materials!",,,draft,2025-03-14 12:34:07,2025-03-14 07:47:33,2025-03-14 12:34:06,NULL,"{""id"": 1, ""code"": ""DNI00""}","[{""id"": 1300, ""label"": ""2025 K1 David McKee""}]",NULL,[],[]
300462,album,三月第二周  线中取宝,"活动目标：
1.促进幼儿手眼协调的发展。
2.增强幼儿的手指灵活性。

活动过程：
教师准备了一个装满网线的盒子，并在其中放入了小木塞。鼓励幼儿尝试用手的食指、中指和拇指三指从盒子里取出木塞。在游戏活动中，教师通过语言引导和鼓励幼儿不怕困难，坚持到底，勇敢尝试。

活动时间：
2025年3月11日",,,published,2025-03-14 09:34:33,2025-03-14 09:34:26,2025-03-14 09:34:32,NULL,"{""id"": 10, ""code"": ""DTE01""}","[{""id"": 1311, ""label"": ""2025 Playgroup Michael Rosen""}]",NULL,[],[]
300466,album,Throwing ball!,The children were introduced to overarm toss as they were encouraged to pick a coloured ball and throw them into the tire. This activity fosters the children's interest in gross motor activities and problem solving skills as they listened to rules and tried looking for ways to get the ball into the tire. ,,,draft,2025-03-14 10:11:17,2025-03-14 10:11:12,2025-03-14 10:11:16,NULL,"{""id"": 1, ""code"": ""DNI00""}","[{""id"": 1295, ""label"": ""2025 PG Rod Campbell""}]",NULL,[],[]
300473,album,Threads: The Emperor's New Clothes Musical 2025,"The children enjoyed the show The Emperor’s New Clothes, laughing at the humorous moments and engaging with the lively performance. They eagerly discussed how honesty and self-awareness are more important than fancy clothes or status.",,,published,2025-03-14 11:41:08,2025-03-14 10:50:35,2025-03-14 11:41:07,NULL,"{""id"": 1, ""code"": ""DNI00""}","[{""id"": 1301, ""label"": ""2025 K2 Debi Gliori""}]",NULL,[],[]
300495,post,Julia Gabriel Speech & Drama: Tasty Treats,"Today's drama class marked the start of a new theme — Tasty Treats — where the children learnt about the sequence of food preparation through dramatization! For example, washing, steaming, saucing, and serving. As they entered Drama land, the children got to create their own treats with a sauce of their choice. Some friends even imagined adding chili sauce and chocolate!",,,published,2025-03-14 12:53:22,2025-03-14 12:40:13,2025-03-14 12:53:22,NULL,"{""id"": 1, ""code"": ""DNI00""}","[{""id"": 1300, ""label"": ""2025 K1 David McKee""}]",NULL,[],[]
300499,post,形状积木,看，我把积木放进去了！我好开心，真棒！,,,published,2025-03-14 13:23:48,2025-03-14 13:23:42,2025-03-14 13:23:47,NULL,"{""id"": 1, ""code"": ""DNI00""}","[{""id"": 1302, ""label"": ""2025 Infant Karen Katz""}]",NULL,[],[]
300548,album,《帮小松鼠🐿捡松果》,"教师为幼儿营造故事情景，我们的小松鼠喜欢吃松果，但是现在松果散落在森林的各个地方，想要请小朋友来帮助小松鼠将松果带回家。  
为幼儿准备一些松果和圆木，并设置一些简单的障碍物，教师先做一次示范。
我们可以先爬过第一个竖起的呼啦圈（钻过“山洞”），寻找地上哪里有松果，看见并捡起。然后进入第二部分平放的呼啦圈，引导幼儿双脚跳过，最后，将松果放在松鼠的家里。

活动过程中可以锻炼他们的手眼协调能力和粗大动作的发展。",,,draft,2025-03-14 14:47:55,2025-03-14 14:47:51,2025-03-14 14:47:55,NULL,"{""id"": 1, ""code"": ""DNI00""}","[{""id"": 1297, ""label"": ""2025 N1 Marcus Pfister""}]",NULL,[],[]
300557,album,《昆虫与颜色🔴🔵🟢🟡》,"教师为幼儿准备了昆虫颜色对应卡。 根据最上方每个昆虫对应的颜色，请幼儿进行识别，找到下方昆虫的颜色。教师先为幼儿操作一次，让幼儿观察过程中是如何寻找颜色的。

在活动中，教师引导幼儿先看四种昆虫对应的是什么颜色的圆圈，之后给出对应的四种颜色笔，请幼儿进行识别要找的昆虫是哪一个颜色的笔，之后拿住笔去下方寻找这个昆虫所在的地方，用笔去指出来。幼r经过引导，能够顺利地展开找出下方和这个颜色对应的昆虫。

在过程中，锻炼了幼儿对颜色的观察能力和思维分辨能力。",,,draft,2025-03-14 15:00:32,2025-03-14 15:00:27,2025-03-14 15:00:32,NULL,"{""id"": 1, ""code"": ""DNI00""}","[{""id"": 1297, ""label"": ""2025 N1 Marcus Pfister""}]",NULL,[],[]
300558,album,《独一无二的我》,"教师开展的活动如下：教师请幼儿拿上自己的水杯，请幼儿说一说自己和别人不一样的地方。 比如我喜欢什么颜色，喜欢什么玩偶等等。
教室先做示范，拿出自己的水杯说一说我喜欢的颜色，我喜欢的事物。之后引导每一个幼儿说一说自己喜欢的颜色或者家里的物品，有的小朋友指了指自己的衣服说喜欢这个颜色，有的小朋友指了指杯子上的卡通图案说喜欢这个，并且还告诉了老师，他家里面其他喜欢的卡通人物等等。

在这个活动过程中，可以让幼儿认识到我们每一个人都不一样，有着自己的爱好并且在引导过程中可以发展幼儿的语言表达能力。",,,draft,2025-03-14 15:09:07,2025-03-14 15:09:04,2025-03-14 15:09:07,NULL,"{""id"": 1, ""code"": ""DNI00""}","[{""id"": 1297, ""label"": ""2025 N1 Marcus Pfister""}]",NULL,[],[]
300642,album,weekly update,"This week, the little ones were introduced to basic shapes such as squares, circles, and triangles, and they had fun exploring these shapes with paper cutouts. As they engaged with the paper shapes, some children even matched identical shapes together!

To extend their learning, the children were encouraged to create a house using the paper shapes, fostering creativity and shape recognition.

Additionally, the children had a blast jumping and moving with scarves while listening to the song “Jump” by Patty Shukla. You can find the song on YouTube, and we encourage you to dance along at home with your little ones!

In another exciting activity, the children took part in a simple flower experiment, where they dyed white flowers. Later in the afternoon, they observed the flowers closely and noticed that some of the petals were changing color. The children were so excited about this discovery that they brought their flowers home to share with you.

Happy weekend!",,,published,2025-03-15 00:20:31,2025-03-15 00:20:18,2025-03-15 00:20:30,NULL,"{""id"": 5, ""code"": ""DTH01""}","[{""id"": 1409, ""label"": ""2025 Playgroup Explorers""}]",NULL,[],[]
300647,album,Exploring the Tree Trunk and Loose Branches,"During outdoor walk, the children have grown to like picking up loose branches and using them to move the soil and make some marks. During this particular walk, the children found a hole in the tree trunk and began poking it with their branches. They applied what they learnt about birds and how some birds leave their eggs inside the hole of the trees!",,,published,2025-03-15 01:23:37,2025-03-15 01:23:24,2025-03-15 01:23:36,NULL,"{""id"": 18, ""code"": ""OMB01""}","[{""id"": 1284, ""label"": ""2025 N1 Christie Matheson""}]",NULL,[],[]
300650,album,Octaves,"Today's session involves a lot of movement activities through the use of materials such as the parachute and long ribbons! Together, the children raised the parachute up and brought it down based on different parts of the song. One of their favourite parts was when they can hide under it! They also explored moving the ribbons in slow and fast movements as they learn more about the tempo of music. ",,,published,2025-03-15 01:32:41,2025-03-15 01:32:29,2025-03-15 01:32:40,NULL,"{""id"": 18, ""code"": ""OMB01""}","[{""id"": 1284, ""label"": ""2025 N1 Christie Matheson""}]",NULL,[],[]
300653,album,Dump Truck Craft Part 1,"In relation to the children's interest in vehicles which we especially observed during our outdoor walks, we have planned for activities in class to reinforce and add new knowledge about different types of vehicles apart from cars and buses. In this activity, the children used various construction vehicles like bulldozers, steam rollers and excavators  to dip in brown paint and explore making marks with their wheels and parts. This will be the background of their dump truck artwork!",,,published,2025-03-15 01:43:09,2025-03-15 01:43:00,2025-03-15 01:43:09,NULL,"{""id"": 18, ""code"": ""OMB01""}","[{""id"": 1284, ""label"": ""2025 N1 Christie Matheson""}]",NULL,[],[]
300690,album,SRT Play - Emperor's New Clothes,"We enjoyed a fresh and fashionable twist on the classic Hans Christian Andersen tale, The Emperor’s New Clothes, designed to entertain both children and parents alike!

In this delightful retelling, we followed Millie, a talented young fashion designer with big dreams. When Arnold Wintor, the powerful and ego-driven editor of Emperor Magazine, attempts to take over Millie’s fashion label, Threads, she cleverly turns the tables. Through creativity, courage, and quick thinking, Millie reminds everyone that even the most powerful can be humbled.

As part of our post-play debrief, we had meaningful conversations with the children about the story’s key message — that what truly matters is what’s on the inside, such as our character, kindness, and values, rather than appearances or clothing. This important lesson in character building was a highlight of our reflection.

For those curious, rest assured that during the humorous “no clothes” scene, the actor was indeed wearing shorts!",,,published,2025-03-15 03:21:28,2025-03-15 03:21:16,2025-03-15 03:21:27,NULL,"{""id"": 10, ""code"": ""DTE01""}","[{""id"": 1316, ""label"": ""2025 Kindergarten 2 Elgar""}]",NULL,[],[]
300699,album,Term 1 Week 10: Number Name Mosaic,"Learning Objectives: 

• Match up to 20 or more: Number names with quantity

This week, our children engaged in a fun and creative math activity called the Number Name Mosaic. Each child received a strip of paper and coloured tiles where the children focused on designing their own individual mosaics.

During the activity, the teacher called out or showed a number name (e.g., “sixteen”), and the children counted and placed the corresponding number of tiles onto their strip. To reinforce their learning, they also wrote down the number name and numeral on their mosaic.

Through this process, the children had the opportunity to express their individuality by choosing colours and patterns that reflect their personal preferences or cultural experiences — a wonderful way to build both math skills and self-identity.

Date of activity: 10th March 2025",,,published,2025-03-15 03:28:24,2025-03-15 03:28:14,2025-03-15 03:28:24,NULL,"{""id"": 10, ""code"": ""DTE01""}","[{""id"": 1316, ""label"": ""2025 Kindergarten 2 Elgar""}]",NULL,[],[]
300740,album,Happy Birthday Ezra!,Thank you for celebrating your special day with us! :),,,published,2025-03-15 04:41:12,2025-03-15 04:41:07,2025-03-15 04:41:11,NULL,"{""id"": 18, ""code"": ""OMB01""}","[{""id"": 1284, ""label"": ""2025 N1 Christie Matheson""}]",NULL,[],[]
300791,album,Weekly Update,"Hi Parents,

This week, the children explored the parts of the body in the language space. They enjoyed matching body part cards with their friends. We also focused on shapes by having the children match smaller shapes to bigger ones and even jump inside the bigger shapes (we used masking tape and make shapes on the floor) to help them recognise them. The children love to move around the classroom!

We continued reading books about emotions, and this week we read I Feel Lonely. This book addresses feelings of sadness and loneliness, and it shows how to feel better by playing with friends, talking to others, and seeking help from teachers. We’re happy to share that our children are very kind and compassionate towards each other. They can sense when a friend is feeling sad and offer comfort by asking if they need a hug or offering a tissue when someone is crying. They are so thoughtful!

Here are the new songs we sang in class this week:
	•	The More We Get Together- https://www.youtube.com/watch?v=ho9entMffz0 
	•	Skidamarink-a-dink- https://www.youtube.com/watch?v=DHbO3cZhFbA 
	•	Choo Choo Wa- https://www.youtube.com/watch?v=3T5cPaZIW8M 
",,,published,2025-03-15 06:46:08,2025-03-15 05:30:41,2025-03-15 06:46:07,NULL,"{""id"": 5, ""code"": ""DTH01""}","[{""id"": 1408, ""label"": ""2025 Nursery 1 Engagers""}]",NULL,[],[]
300813,album,Term 1 Week 10 ,"Activities of the week: Rasang Sayang, Animal Parade Race ",,,published,2025-03-15 05:57:28,2025-03-15 05:56:41,2025-03-15 05:57:27,NULL,"{""id"": 20, ""code"": ""TMJ""}","[{""id"": 1430, ""label"": ""2025 K1 Bright""}]",NULL,[],[]
300822,album,Ready Steady Go Kids,"- Standing Kick
- Running Kick",,,published,2025-03-15 06:05:21,2025-03-15 06:04:57,2025-03-15 06:05:20,NULL,"{""id"": 20, ""code"": ""TMJ""}","[{""id"": 1430, ""label"": ""2025 K1 Bright""}]",NULL,[],[]
300824,post,Request for Your Child’s Photos – Promoting a Healthy Lifestyle,"In case you missed my email from March 7, it may have ended up in your spam folder. :(

Dear Rosen Parents,

As part of our initiative to promote a healthy lifestyle and eating habits, we will be engaging the children in a special activity during the third week of March. We will encourage them to share about the healthy food they eat at home and the outdoor activities they enjoy over the weekend.

To make this activity more interactive, we kindly request for you to share photos of:
🥦 Nutritious meals or snacks that your child enjoys at home
🏃‍♂️ Outdoor activities they participate in over the weekend (e.g., playing at the park, cycling, or a nature walk)

These will be used to spark discussions in class and encourage children to make healthier choices in a fun and engaging way.

Please send the photos to me by 16th March/17th March. Thank you for your support in fostering a love for healthy eating and active living! :)",,,published,2025-03-15 06:07:15,2025-03-15 06:07:14,2025-03-15 06:11:36,NULL,"{""id"": 20, ""code"": ""TMJ""}","[{""id"": 1401, ""label"": ""2025 N1 Rosen""}]",NULL,[],[]
300838,album,Move Like a Propeller!,"One of the songs the children really love now is titled 'Do the Propeller' by The Wiggles. To make dancing to this song better, the children were invited to get a crayon and do the actions to the song while making marks on a large brown paper stuck to the wall. This activity gets the children to move their large arm muscles and explore making round shapes and straight lines! It was so fun watching them laugh, dance and learn all at the same time! I attached the link to this post so you can have a listen to the song at home too :)",,https://youtu.be/yUIGqjohSo8?si=o46gmRf7MYQ9WFr-,published,2025-03-15 06:39:15,2025-03-15 06:39:08,2025-03-15 06:39:14,NULL,"{""id"": 18, ""code"": ""OMB01""}","[{""id"": 1284, ""label"": ""2025 N1 Christie Matheson""}]",NULL,[],[]
300875,post,艺术创想《我和妈妈》,幼儿们在本周进行讨论描述与妈妈在一起的时光，并在描述后创作自己和妈妈的画作，幼儿们详细观察到自己妈妈的样貌，着装，根据照片中的场景画出画作《我和妈妈》,,,draft,2025-03-15 07:21:03,2025-03-15 07:09:21,2025-03-15 07:21:02,NULL,"{""id"": 1, ""code"": ""DNI00""}","[{""id"": 1298, ""label"": ""2025 N2 Eric Carle""}]",NULL,[],[]
300897,post,展示与讨论,"幼儿们通过《我和妈妈》的照片与同伴老师一起分享在照片中的故事。

有些幼儿可以详细描述出我和妈妈在哪里拍照/我和妈妈穿了怎样的服装/我和妈妈在照片中的地方都做了哪些有趣的事情。

通过描述，幼儿们通过活动培养感知理解讲述的对象，把握获得有关讲述内容的要求，并根据情景事件理解和判断情景中的主要细节和内容。",,,draft,2025-03-15 07:33:33,2025-03-15 07:23:39,2025-03-15 07:33:32,NULL,"{""id"": 1, ""code"": ""DNI00""}","[{""id"": 1298, ""label"": ""2025 N2 Eric Carle""}]",NULL,[],[]
300929,album,"Happy 3rd Birthday, Isaac! ","Isaac turned 3, Happy Birthday Isaac! May this year be filled with adventures, new discoveries, and happiness. Thank you for sharing such amazing presents with your friends, I am sure they loved it! 🌟",,,published,2025-03-15 07:42:25,2025-03-15 07:42:17,2025-03-15 07:42:25,NULL,"{""id"": 1, ""code"": ""DNI00""}","[{""id"": 1296, ""label"": ""2025 N1 Giles Andreae""}]",NULL,[],[]
300945,album,Bug Rescue!! 🪲🚨,"On this energetic morning, children had a blast trying to save the bugs from this gigantic spider web! 🕸 They crawled under the webs and made sure to save every single bug. This activity helps to foster their gross motor development, where they utilise and coordinate their hands and legs to crawl under the web. They had so much fun with this activity that some children wanted to have a second go at it. 😅",,,published,2025-03-15 07:54:38,2025-03-15 07:54:04,2025-03-15 07:54:38,NULL,"{""id"": 1, ""code"": ""DNI00""}","[{""id"": 1296, ""label"": ""2025 N1 Giles Andreae""}]",NULL,[],[]
300952,album,Exploring the Creepy Crawlies Habitat! 🌿🦗,"The children explored the habitats of creepy crawlies by looking at pictures and sorting insects based on where they live. They learned that some bugs, like dragonflies, prefer water, while others, like ladybugs, enjoy leaves, and grasshoppers and ants thrive in tall grass. This activity helped the children develop sorting skills and a deeper understanding of how insects adapt to their environments.",,,published,2025-03-15 07:57:47,2025-03-15 07:57:33,2025-03-15 07:57:47,NULL,"{""id"": 1, ""code"": ""DNI00""}","[{""id"": 1296, ""label"": ""2025 N1 Giles Andreae""}]",NULL,[],[]
300968,album,🐝🦋 Final Phase: Creepy Crawlies Exploration Wrap-Up! 🌿🐜,"What an incredible journey we’ve had exploring the world of creepy crawlies! Over the past two months, the children have immersed themselves in the fascinating lives of insects, learning about their habitats, behaviours, and how they contribute to our environment. 

To cap off our exploration, we’ve transformed our dramatic play corner into a bee hive! 🐝 The children have eagerly embraced the role of beekeepers, using their imagination to act out the process of extracting honey from the hive. They’ve been working together, pretending to care for the bees, collect the honey, and learn about the vital role bees play in pollination.

This final phase has allowed the children to apply their learning in a creative way, reinforcing their understanding of the natural world while also developing their social and problem-solving skills. What a wonderful way to conclude our creepy crawly exploration; through play, teamwork, and a whole lot of buzzing excitement!

We are excited to anticipate on the next adventure coming our way!",,,published,2025-03-15 08:12:56,2025-03-15 08:12:32,2025-03-15 08:14:47,NULL,"{""id"": 1, ""code"": ""DNI00""}","[{""id"": 1296, ""label"": ""2025 N1 Giles Andreae""}]",NULL,[],[]
300979,album,"Hmm, which is my favourite item? 📦","The children were introduced to a box filled with familiar items they use every day, including paint brushes, books, toys, puppets, and more. 🧸They were invited to select their favourite item and share the reasons behind their choice. Many children picked bubble wands and paint brushes! This activity helps build their self-confidence by encouraging them to express their personal interests and preferences. It also supports the development of public speaking skills, as children gain confidence in speaking in front of their peers.",,,published,2025-03-15 08:19:33,2025-03-15 08:19:21,2025-03-15 08:19:32,NULL,"{""id"": 1, ""code"": ""DNI00""}","[{""id"": 1296, ""label"": ""2025 N1 Giles Andreae""}]",NULL,[],[]
301061,album,PG Field Trip to Splash-N-Surf,关心班的第一次郊游，我们一起乘搭地铁去Splash-N-Surf儿童水上乐园。,,,published,2025-03-15 09:12:08,2025-03-15 09:11:37,2025-03-15 09:12:08,NULL,"{""id"": 16, ""code"": ""MBS""}","[{""id"": 1377, ""label"": ""2025 Playgroup Care""}]",NULL,[],[]
301134,album,Thinker Box,关心学步幼儿班在周一上午都会上Thinker Box的课外课。,,,published,2025-03-15 10:39:59,2025-03-15 10:39:35,2025-03-15 10:39:58,NULL,"{""id"": 16, ""code"": ""MBS""}","[{""id"": 1377, ""label"": ""2025 Playgroup Care""}]",NULL,[],[]
301146,album,Jump and Count,"In this activity, the children were encouraged to practice rote counting from 1 to 10 as they jumped from one hula hoop to the next. After most of the children breezed through in counting to 10, they were challenged with additional hoops. As the children tried their best to count and jump, their friends eagerly watched and counted along with them!",,,draft,2025-03-15 10:51:23,2025-03-15 10:49:56,2025-03-15 10:51:23,NULL,"{""id"": 1, ""code"": ""DNI00""}","[{""id"": 1298, ""label"": ""2025 N2 Eric Carle""}]",NULL,[],[]
301147,album,精彩瞬间,请欣赏本周精彩瞬间：跳绳,,,published,2025-03-15 10:52:43,2025-03-15 10:52:04,2025-03-15 10:52:42,NULL,"{""id"": 20, ""code"": ""TMJ""}","[{""id"": 1430, ""label"": ""2025 K1 Bright""}]",NULL,[],[]
301149,post,Our Emotion Monster,"After reading the book ‘Tina the Fox Feeling Angry’, children are tasked with creating their own monster. In the book, the feeling of anger is represented by a red monster. The book also showed a way to get rid of the feeling of anger is to breathe in and out. To create their monster, children used a dropper to drop different colours of food colouring onto their paper. They then used a straw to blow (mimicing getting rid of the feelings) the blobs of colours to spread it all over their paper. Children then added eyes and mouths to finish off their monster.",,,published,2025-03-15 10:57:05,2025-03-15 10:56:49,2025-03-15 10:57:05,NULL,"{""id"": 16, ""code"": ""MBS""}","[{""id"": 1379, ""label"": ""2025 Nursery 1 Grace""}]",NULL,[],[]
301160,album,课外活动：音乐课,请家长欣赏本周音乐活动,,,published,2025-03-15 11:10:10,2025-03-15 11:09:48,2025-03-15 11:10:10,NULL,"{""id"": 20, ""code"": ""TMJ""}","[{""id"": 1430, ""label"": ""2025 K1 Bright""}]",NULL,[],[]
301162,album,Show and Tell - Who Am I,"As a conclusion to their Term 1 learning on ""Who Am I"", the children were invited to create artworks or booklets portraying interesting facts about themselves, such as their likes and dislikes, their families, and anything they were keen on sharing. During their show and tell session, the children presented their masterpieces to their friends and teachers, talking about all the things that they liked or did not like. The children in the audience also had opportunities to ask questions about their friends' sharing!",,,draft,2025-03-15 11:11:50,2025-03-15 11:10:14,2025-03-15 11:11:50,NULL,"{""id"": 1, ""code"": ""DNI00""}","[{""id"": 1298, ""label"": ""2025 N2 Eric Carle""}]",NULL,[],[]
301291,album,March Week 1 (Part 2),3/3/25-6/3/25,,,published,2025-03-16 03:27:48,2025-03-15 17:38:47,2025-03-16 03:27:47,NULL,"{""id"": 20, ""code"": ""TMJ""}","[{""id"": 1401, ""label"": ""2025 N1 Rosen""}]",NULL,[],[]
301293,album,March Week One Enrichment Class,Mathstro,,,published,2025-03-16 02:59:36,2025-03-15 18:27:43,2025-03-16 02:59:35,NULL,"{""id"": 20, ""code"": ""TMJ""}","[{""id"": 1401, ""label"": ""2025 N1 Rosen""}]",NULL,[],[]
301460,album,水中的玩具：,"沉浮在水中的玩具让好奇的幼儿不停地玩着，游戏通过自由探索（水、不同材质、玩水等），发展了幼儿对于物质属性的认识。
",,,published,2025-03-16 04:47:58,2025-03-16 04:47:44,2025-03-16 04:47:57,NULL,"{""id"": 16, ""code"": ""MBS""}","[{""id"": 1376, ""label"": ""2025 Infant Joy""}]",NULL,[],[]
301463,album,玩丝巾,"幼儿十分开心地地拉扯和触摸丝巾，活动提供轻柔、适宜的材料，以促进幼儿触觉能力的发展。
",,,published,2025-03-16 04:49:50,2025-03-16 04:49:40,2025-03-16 04:49:49,NULL,"{""id"": 16, ""code"": ""MBS""}","[{""id"": 1376, ""label"": ""2025 Infant Joy""}]",NULL,[],[]
301557,album,本周动态分享,通过两周的学习和探索，我们在幼儿的游戏和日常活动中越来越观察到幼儿们关照他人情绪，处理自己的情绪的行为，孩子们会很敏感的发现同伴的情绪变化，孩子们会围在一起，用言语和拥抱安慰同伴，用自己的方式为朋友提供情绪上的支持。在早上的时间，我们会在签到的时候让幼儿们分享自己的情绪，教师很惊奇的发现幼儿对自己的情绪有着很准确的体会，特别是对平静和开心这两种心情的体会中，这是自我认知方面很强的能力体现。在本周我们同样设置了促进幼儿肌肉发展气球和滴管游戏，不管是用脚踢气球还是用头撞气球都很好的促进了大肌肉和空间感知里的发展，滴管和水更是孩子们最爱的游戏，这种简单工具的使用会促进幼儿的手眼协调和对物理规律的思考和探索。来看看我们的精彩瞬间！,,,published,2025-03-16 06:13:33,2025-03-16 06:12:50,2025-03-16 06:13:33,NULL,"{""id"": 5, ""code"": ""DTH01""}","[{""id"": 1408, ""label"": ""2025 Nursery 1 Engagers""}]",NULL,[],[]
301609,album,音乐活动——《我长大了》,"为了引导小朋友们学习长大后自己能够做到哪些力所能及的事情，以及培养小朋友对音乐的感知能力，所以我们开展了本次的活动。活动中老师先播放儿歌《我长大了》https://www.youtube.com/watch?v=T87mXejuR2c
请小朋友们聆听，然后再逐句的去解释歌词的含义。接下来老师邀请小朋友们一边听儿歌一边思考应该根据歌词含义去做出怎样的动作，大家纷纷想出不同的动作然后我们大家一起去模仿做出相应的动作。
活动最后，老师也邀请小朋友们展开探讨，自己长大了可以做到哪些事情呢？具体分享内容请各位家长查看下面照片中的记录噢！",,https://www.youtube.com/watch?v=T87mXejuR2c,published,2025-03-16 07:02:09,2025-03-16 07:01:59,2025-03-16 07:14:54,NULL,"{""id"": 1, ""code"": ""DNI00""}","[{""id"": 1300, ""label"": ""2025 K1 David McKee""}]",NULL,[],[]
301611,album,T1W10活动,"        这周是本学期的最后一周，我们完成了两本绘本故事的学习，一本早期阅读《毛毛虫》的听、说、读、写的活动。小朋友们大概总结了一下这学期学过的内容，玩了一些角落活动材料，并完成了小书《创意逃家小兔》和《毛毛虫》的制作。
        此外，小朋友们在这周的音乐课上，学习认读音符，并听音乐，用音符排列出节奏规律。",,,published,2025-03-16 07:12:26,2025-03-16 07:12:14,2025-03-16 07:12:26,NULL,"{""id"": 5, ""code"": ""DTH01""}","[{""id"": 1405, ""label"": ""2025 Kindergarten 2 Risk-Takers""}]",NULL,[],[]
301612,album,数学游戏（加法）,"为了培养小朋友的数学技能，了解数与数相加的计算方式，所以我们开展了本次的活动。活动中老师为小朋友们准备了呼啦圈、乐高、铃鼓。游戏规则是老师摇晃铃鼓，当停止摇晃铃鼓时小朋友们需要快速的跳进前方的呼啦圈中，然后聆听老师说出的数字，小朋友们根据所听到的数字内容去拿取相应数量的乐高放进自己的呼啦圈里，放好后进行一对一的数数，数完后报数再从呼啦圈里退出来。接下来小朋友们重复上述的游戏过程，这时需要去计算第一次的数量与第二次的数量相加后的结果是什么。例如：第一次拿了五个乐高，第二次拿了两个乐高，那么一共有几个乐高？

通过本次活动的过程小朋友们对数字相加的概念有了更多的理解。",,,published,2025-03-16 07:13:57,2025-03-16 07:13:39,2025-03-16 07:13:57,NULL,"{""id"": 1, ""code"": ""DNI00""}","[{""id"": 1300, ""label"": ""2025 K1 David McKee""}]",NULL,[],[]
301615,album,ThinkersBox,"In this ThinkersBox session, the children were given pipe cleaners and encouraged to explore their creativity by bending, twisting, and shaping them into various forms. From vibrant flowers to fun bubble blowers and even colorful bracelets, the children demonstrated impressive imagination and fine motor skills. Alongside this hands-on activity, they were also invited to challenge their observation skills by looking at two pictures and spotting the differences between them.",,,published,2025-03-16 07:20:45,2025-03-16 07:20:30,2025-03-16 07:20:44,NULL,"{""id"": 18, ""code"": ""OMB01""}","[{""id"": 1284, ""label"": ""2025 N1 Christie Matheson""}]",NULL,[],[]
301618,album,团体意识——拔萝卜,为了培养小朋友们的团体意识，了解同伴合作的力量所以我们开展了本次的活动。活动中老师先为小朋友们播放拔萝卜这首儿歌的短片，请大家观察老爷爷一开始拔起萝卜了吗？为什么拔不起来呢？后来为什么能够拔起来了呢？小朋友分享到：“老爷爷没有拔起来，因为萝卜太大了，很重。后面有很多小动物来帮忙所以萝卜被扒出来了。”于是老师总结到，很多时候我们自己一个人没有办法做到的事情，需要朋友的帮忙才可以做到，这就是合作的力量。随后老师邀请小朋友分组来玩拔萝卜（拔河）的游戏，通过这个过程去感受同伴一起合作的力量。这个过程中大家玩得很开心！,,,published,2025-03-16 07:23:12,2025-03-16 07:23:03,2025-03-16 07:23:12,NULL,"{""id"": 1, ""code"": ""DNI00""}","[{""id"": 1300, ""label"": ""2025 K1 David McKee""}]",NULL,[],[]
301628,album,户外玩乐,小朋友们期待已久的户外场地，终于可以半开放去玩耍了，在玩乐之前老师先介绍了安全须知，例如：地面不再是以前光滑的地面，现在更粗糙所以在奔跑或是地上爬行的时候都要更小心。老师也邀请大家观察户外游乐场攀爬的区域，请小朋友们分享自己在玩的时候应该注意什么事情？大家分享到：“不要跳、不要把手、头放进洞里、不要在上面跑。”老师赞扬小朋友们都分享得很棒，也知道如何更好的去保护自己的安全与健康，接下来大家便开始快乐的玩耍了！❤️,,,published,2025-03-16 07:42:15,2025-03-16 07:41:40,2025-03-16 07:42:15,NULL,"{""id"": 1, ""code"": ""DNI00""}","[{""id"": 1300, ""label"": ""2025 K1 David McKee""}]",NULL,[],[]
301646,album,English Speech and Drama,"In this week's Speech and Drama session, the children began by revisiting the story We're Going on a Bear Hunt, using dramatisation to bring the adventure to life. Afterward, they read a poem and storybook about 'Daddy,' exploring themes of love and appreciation. Then, the children entered drama land, where they dramatised the creative process of making special gifts for their daddies. Through role-play and imagination, they expressed their gratitude and affection, making this session a fun and meaningful experience!",,,published,2025-03-16 07:57:49,2025-03-16 07:57:42,2025-03-16 07:57:49,NULL,"{""id"": 18, ""code"": ""OMB01""}","[{""id"": 1284, ""label"": ""2025 N1 Christie Matheson""}]",NULL,[],[]
301666,album,Decorating Our Binoculars,"In this activity, the children decorated their binoculars in different ways. Some used crayons and coloured markers to draw lines, while others pasted torn pieces of coloured square paper, and a few added shape stickers. This hands-on activity not only encouraged creativity but also exposed the children to basic elements of art, all while helping to hone their fine motor skills through peeling, tearing, pasting, and drawing!",,,published,2025-03-16 08:14:51,2025-03-16 08:14:41,2025-03-16 08:14:50,NULL,"{""id"": 18, ""code"": ""OMB01""}","[{""id"": 1284, ""label"": ""2025 N1 Christie Matheson""}]",NULL,[],[]
301677,album,Outdoor Walk with Our Binoculars,"The children put their binocular crafts to great use, which they had decorated earlier. As they explored the surroundings, they were invited to spot different types of vehicles, observe people going about their day, and identify birds perching on tree branches. The children also had fun spotting buildings, cranes from a nearby construction site, and even the iconic Merlion! Through this activity, the children developed their observation and concentration skills, while also enhancing their vocabulary by naming what they saw. The walk also provided an opportunity to strengthen their hand-eye coordination as they used their binoculars to focus on distant objects.",,,published,2025-03-16 08:25:10,2025-03-16 08:24:49,2025-03-16 09:21:17,NULL,"{""id"": 18, ""code"": ""OMB01""}","[{""id"": 1284, ""label"": ""2025 N1 Christie Matheson""}]",NULL,[],[]
301811,album,会动的毛毛虫分享,小朋友们在园所内和朋友们展示了自己和爸爸妈妈一起进行亲子活动《会动的毛毛虫》的照片，老师引导小朋友和朋友们分享自己是如何制作的，谁和自己一起完成了作品。通过分享，小朋友们不仅展示了自己的作品和动手能力，也在互动中培养了自信心和成就感。感谢家长们积极提供和分享照片，大家的参与让这个活动更加丰富和有意义。希望未来能够收到更多家长和小朋友们的分享，让我们的活动更加多彩！,,,published,2025-03-16 10:00:06,2025-03-16 09:58:16,2025-03-16 10:00:05,NULL,"{""id"": 1, ""code"": ""DNI00""}","[{""id"": 1296, ""label"": ""2025 N1 Giles Andreae""}]",NULL,[],[]
301860,album,第一学期第十周照片上传,"Hi 家长们好！

本周幼儿们继续分享自己的家庭照片及亲子活动，并能在老师的展示板旁边与同伴一起欣赏观看及再次分享自己的亲子活动。可以看出幼儿在分享展示的过程中满脸的自豪感及满足感，促进了幼儿们的华文口语表达能力。

为了表达对家人尤其是妈妈的爱，我们组织了这次的面点创作---制作爱心饼干，幼儿们在制作的过程中能积极的参与活动，并能尝试拿着面团进行捏、撮、揉及使用擀面杖进行擀出较薄的面饼，然后选择喜欢的摸具进行按压制作出小饼干。当用烤箱烤出香喷喷的饼干后，幼儿们可开心了，每个幼儿们都有品尝到自己制作出的饼干，还把饼干带回家送给自己亲爱的妈妈及家人品尝。通过此活动不仅让幼儿们学习了烘培技能，还在实际操作中提升了动手的能力，认识和使用了厨房工具。最终带着满满的爱回家与家人分享。幼儿们好棒呀！

幼儿们在早期阅读角落中逐渐的能进行自主游戏，发现他们逐渐对华文字熟悉起来。

二楼户外种植的番茄已经果实了！幼儿们看到不同颜色的果实非常的好奇，在老师的引导下尝试进行观察及了解为什么是不一样的颜色，幼儿在探索探究自然方面有很大进步。
",,,published,2025-03-16 10:28:45,2025-03-16 10:28:22,2025-03-16 11:04:41,NULL,"{""id"": 5, ""code"": ""DTH01""}","[{""id"": 1407, ""label"": ""2025 Nursery 2 Reflectors""}]",NULL,[],[]
301909,album,Collaborative Process Art: Roll Painting,"In this activity, the children were invited to engage in a collaborative process art experience inspired by our theme, My Friends and I. Working in pairs, they were encouraged to move a painting box back and forth between them, fostering teamwork and coordination. As they worked together to shift the box, the movement naturally guided the paint inside, and result in the rolling of the egg shakers used, creating unique and dynamic artwork. This activity not only nurtured their creativity but also fostered cooperation through shared experiences.",,,published,2025-03-16 11:58:33,2025-03-16 11:58:22,2025-03-16 11:59:18,NULL,"{""id"": 18, ""code"": ""OMB01""}","[{""id"": 1283, ""label"": ""2025 Playgroup Emma Dodd""}]",NULL,[],[]
301912,album,Making Flower Bouquets,"To encourage meaningful interactions among the children, they were invited to participate in a collaborative play experience, using flowers and flower pots to create friendship bouquets. In this activity, each child contributed a flower, planting it together in a shared pot. As they worked side by side, they navigated the shared space, and took turns, naturally fostering cooperation and social connections. As the children add each flower into the pot, they are also guided with counting to introduce early numeracy through play experiences. ",,,published,2025-03-16 12:10:34,2025-03-16 12:10:22,2025-03-16 12:10:34,NULL,"{""id"": 18, ""code"": ""OMB01""}","[{""id"": 1283, ""label"": ""2025 Playgroup Emma Dodd""}]",NULL,[],[]
301977,album,一起学跨栏,幼儿们一起做动物模仿操热身。幼儿们化身可爱的小象伸长手臂低头走；化身高高的长颈鹿抬起手臂踮脚走路；化身小螃蟹伸长手臂横着走。热身运动结束后，老师带领幼儿认识新朋友“栏杆”。幼儿们尝试抬起脚，尝试跨过栏杆。看，他们解锁了新的技能跨栏，分享给你们🤗他们可爱的样子。,,,draft,2025-03-16 13:53:56,2025-03-16 13:53:53,2025-03-16 14:04:17,NULL,"{""id"": 1, ""code"": ""DNI00""}","[{""id"": 1295, ""label"": ""2025 PG Rod Campbell""}]",NULL,[],[]
301980,album,对折画——蝴蝶,在活动《对折画——蝴蝶》中，老师首先鼓励小朋友们仔细观察蝴蝶模型的翅膀，帮助他们发现蝴蝶翅膀色彩丰富、图案对称的特点。接着，老师引导小朋友们利用对折画的创作方式，让每个孩子都能亲手制作出独一无二的蝴蝶翅膀。小朋友们自由选择自己喜欢的颜料和图案，发挥想象力和创造力，通过对折画的技巧呈现出对称而充满色彩的蝴蝶翅膀。完成翅膀的创作后，小朋友们为蝴蝶贴上身体和眼睛，将自己的作品完整呈现出来。这一过程不仅锻炼了小朋友们的动手能力，还激发了他们的观察力与艺术创作潜力。,,,published,2025-03-16 14:05:49,2025-03-16 13:58:14,2025-03-16 14:05:48,NULL,"{""id"": 1, ""code"": ""DNI00""}","[{""id"": 1296, ""label"": ""2025 N1 Giles Andreae""}]",NULL,[],[]
301985,album,Reach for the stars,Children practised their jumping skills to reach for the star-shaped cutouts that were pasted at the wall at different heights. They took turns to jump and touch as many stars as they could.,,,published,2025-03-16 16:19:33,2025-03-16 14:11:10,2025-03-16 16:19:33,NULL,"{""id"": 16, ""code"": ""MBS""}","[{""id"": 1381, ""label"": ""2025 Nursery 2 Love""}]",NULL,[],[]
301992,album,夹出毛毛虫,老师首先向小朋友们展示了一个“钻”满“毛毛虫”的纸盒。每只毛毛虫都藏在纸盒的小洞里，孩子们需要用镊子小心翼翼地夹出每一只毛毛虫。老师引导幼儿集中注意力，练习手部的精细动作，帮助他们掌握正确的夹取方法。孩子们需要把纸盒中的所有毛毛虫夹出来。随着活动的进行，孩子们不断挑战自己的耐心和手眼协调能力，享受着每次成功夹出毛毛虫的成就感。最后，当所有毛毛虫都成功夹出后，活动结束，孩子们纷纷展示自己夹出来的“毛毛虫”，分享自己的快乐与心得。这个活动不仅锻炼了幼儿的手部精细动作、注意力集中和协调能力，还提高了他们的耐心和自信心。,,,published,2025-03-16 14:28:12,2025-03-16 14:19:01,2025-03-16 14:28:12,NULL,"{""id"": 1, ""code"": ""DNI00""}","[{""id"": 1296, ""label"": ""2025 N1 Giles Andreae""}]",NULL,[],[]
302026,album,Rote Counting 1-10,"Children practised rote counting from 1 to 10 by engaging in activities, such as jumping and counting in sequence on the colourful mats labelled 1 to 10, and participating in a counting relay game with their peers.",,,published,2025-03-16 16:20:09,2025-03-16 15:27:11,2025-03-16 16:20:09,NULL,"{""id"": 16, ""code"": ""MBS""}","[{""id"": 1381, ""label"": ""2025 Nursery 2 Love""}]",NULL,[],[]
302028,album,Let's Crawl Like Ants!,"In this activity, we explored ants—tiny, hardworking insects found almost everywhere. We observed that ants are rarely seen alone; they usually move in groups, often walking in a line, and live underground in tunnels.

To reinforce this learning, we were given a tunnel and imagined ourselves as ants, crawling through it just as they would in their underground homes. We were thrilled by the experience and eagerly rushed back to the entrance after making our way through. However, this excitement sometimes led to a traffic jam at the entrance! This turned into a valuable learning moment, teaching us not only about the incredible teamwork ants have but also the importance of patience. By waiting our turn, we helped ensure a smooth and efficient flow through the tunnel—just like how ants navigate their intricate pathways with coordination and order.",,,published,2025-03-16 15:34:55,2025-03-16 15:34:24,2025-03-16 15:34:54,NULL,"{""id"": 1, ""code"": ""DNI00""}","[{""id"": 1297, ""label"": ""2025 N1 Marcus Pfister""}]",NULL,[],[]
302033,album,Sharpening Our Thinking Skills with ThinkerBox,"In this ThinkerBox session, we engaged our logical thinking and keen observation skills as we tackled the activities prepared for us. One task challenged us to compare two seemingly identical pictures and identify subtle differences. For example, we examined two images of bicycles and carefully spotted the variations between them.

In another activity, we worked with pipe cleaners, bending and shaping them to match specific forms shown to us. This hands-on task not only encouraged creativity but also helped strengthen our focus, concentration, and fine motor control. Through these activities, we honed our ability to observe, analyse, and manipulate materials with precision.",,,published,2025-03-16 15:47:32,2025-03-16 15:47:14,2025-03-16 15:47:31,NULL,"{""id"": 1, ""code"": ""DNI00""}","[{""id"": 1297, ""label"": ""2025 N1 Marcus Pfister""}]",NULL,[],[]
302036,album,Our Calm Down Kit Show & Tell,"The children did a show and tell of their calm down kits for their peers to use in school. Children did a showcase of the items in the kits, and taught their peers how to use the item(s) found in them.",,,published,2025-03-16 16:20:41,2025-03-16 15:51:47,2025-03-16 16:20:40,NULL,"{""id"": 16, ""code"": ""MBS""}","[{""id"": 1381, ""label"": ""2025 Nursery 2 Love""}]",NULL,[],[]
302040,album,Creating Our Own Ants,"As we continued our exploration of ants, we took a closer look at their physical attributes. Ants, as we know, are tiny yet hardworking insects found almost everywhere. Using a toy ant as a model, we learned that they have three main body parts—the head, thorax, and abdomen—along with six legs and two antennae.

To bring our learning to life, we created our own ants using egg cartons. We carefully used three sections instead of one or two to ensure our ants had all their proper body parts. For decoration, we used coloured markers to add dots, lines, and patches, making each ant unique and personal.

Next, we attached small strips of black paper to represent the legs. While some of us demonstrated excellent spatial awareness by placing the legs accurately, others found it tricky, leading to some legs being clustered together or even stuck on top of the body! Regardless of the results, this creative activity helped us refine our fine motor skills and deepen our understanding of an ant’s structure in a fun and engaging way.",,,published,2025-03-16 16:12:14,2025-03-16 16:11:30,2025-03-16 16:12:14,NULL,"{""id"": 1, ""code"": ""DNI00""}","[{""id"": 1297, ""label"": ""2025 N1 Marcus Pfister""}]",NULL,[],[]
302041,album,Field Trip to Gardens by the Bay,"In line with what we have been covering in Term 1, we brought our children to walk around the garden. Children also shared about their feelings and experiences along the way.",,,published,2025-03-16 16:21:12,2025-03-16 16:17:47,2025-03-16 16:21:11,NULL,"{""id"": 16, ""code"": ""MBS""}","[{""id"": 1381, ""label"": ""2025 Nursery 2 Love""}]",NULL,[],[]
302042,album,三月 第一周：镜子里的我,"活动目标：
1.通过镜子观察自己，帮助幼儿建立自我认知和自我认同感。
2.鼓励幼儿用“我”来表达自己，提高语言表达能力。

活动介绍：
通过让幼儿照镜子观察自己的样子，鼓励他们用“我”来表达自己，如“这是我！”“我是叫睿言” “她是Riva”.并模仿不同的表情（如微笑、皱眉等），帮助他们建立自我认知和自我认同感。教师还与幼儿进行语言互动，如：“你叫什么名字？”“你的眼睛在哪里？”“你笑起来是什么样子的？”引导他们用语言描述自己的特征和情绪。这不仅能提升孩子的语言表达能力，还能增强他们对自我和情绪的理解，让他们更加自信地认识和表达自己。



此活动于星期四完成。",,,published,2025-03-16 16:21:50,2025-03-16 16:21:43,2025-03-16 16:22:19,NULL,"{""id"": 10, ""code"": ""DTE01""}","[{""id"": 1313, ""label"": ""2025 Nursery 1 Taro Gomi""}]",NULL,[],[]
302044,album,三月 第一周：镜子里的我,"活动目标：
1.通过镜子观察自己，帮助幼儿建立自我认知和自我认同感。
2.鼓励幼儿用“我”来表达自己，提高语言表达能力。

活动介绍：
通过让幼儿照镜子观察自己的样子，鼓励他们用“我”来表达自己，如“这是我！”“我是叫語宸” “他是恺哲”。并模仿不同的表情（如微笑、皱眉等），帮助他们建立自我认知和自我认同感。教师还与幼儿进行语言互动，如：“你叫什么名字？”“你的眼睛在哪里？”“你笑起来是什么样子的？”引导他们用语言描述自己的特征和情绪。这不仅能提升孩子的语言表达能力，还能增强他们对自我和情绪的理解，让他们更加自信地认识和表达自己。



此活动于星期四完成。",,,published,2025-03-16 16:28:08,2025-03-16 16:28:01,2025-03-16 16:28:08,NULL,"{""id"": 10, ""code"": ""DTE01""}","[{""id"": 1312, ""label"": ""2025 Nursery 1 Lois Ehlert""}]",NULL,[],[]
